TEAM,YEAR,G,W,SEED,2P_O,2P_D,3P_O,3P_D,ADJ_T,WAB,KADJ_O,KADJ_D,BARTHAG,EFG%,EFG%D,TOV%,TOV%D,OREB%,DREB%,FTR,FTRD,POWER_RATING,AP_RANK
North Carolina,2016,40,33,1.0,53.9,44.6,32.7,36.2,71.7,8.6,121.139,93.1009,0.942,52.1,47.4,15.4,18.6,39.8,70.1,32.2,29.7,93.9,3.0
Michigan,2018,40,33,3.0,54.7,46.8,35.2,33.2,65.9,6.9,115.9,92.7095,0.919,54.4,48.4,13.9,19.4,26.0,75.6,30.3,30.2,88.5,7.0
Texas Tech,2019,38,31,3.0,52.8,41.9,36.5,29.7,67.5,7.0,112.694,85.9468,0.953,53.7,42.8,18.2,23.0,28.6,71.4,33.5,37.6,89.7,9.0
Gonzaga,2017,39,37,1.0,56.3,40.0,38.2,29.0,71.5,7.7,120.711,87.6571,0.972,58.0,41.6,15.9,17.7,29.9,74.6,38.2,26.0,93.7,2.0
Virginia,2019,38,35,1.0,52.5,45.7,39.5,28.9,60.7,11.1,123.571,87.9163,0.976,55.7,43.5,14.7,17.8,30.0,74.1,30.3,27.9,95.2,2.0
North Carolina,2017,39,33,1.0,51.0,46.3,35.5,33.9,72.8,8.4,122.075,94.0654,0.953,52.3,48.5,16.4,18.7,42.0,74.9,33.1,31.4,91.7,6.0
Villanova,2016,40,35,2.0,57.4,44.1,36.2,33.9,66.7,8.9,118.299,91.552,0.959,54.3,46.3,16.4,20.4,28.6,71.3,34.3,31.4,91.3,6.0
Villanova,2018,40,36,1.0,59.0,49.0,40.1,31.7,69.6,10.6,127.384,95.9749,0.966,59.7,49.2,14.6,18.5,28.8,73.3,28.6,25.5,94.9,2.0
Notre Dame,2016,36,24,6.0,52.9,46.5,37.4,36.9,65.5,2.3,119.69,103.709,0.824,53.5,49.2,14.8,14.8,32.8,68.7,33.2,26.9,84.4,27.0
Virginia,2016,37,29,1.0,52.6,46.3,40.3,34.7,61.9,8.6,120.224,91.1288,0.954,54.4,48.7,15.3,19.7,30.6,74.1,32.4,33.7,92.5,4.0
Duke,2018,37,29,2.0,56.0,45.4,37.2,32.0,70.9,6.6,122.602,93.467,0.958,56.0,46.0,17.7,16.9,39.1,70.8,34.9,22.0,92.6,9.0
Florida St.,2018,35,23,9.0,53.6,45.4,35.0,35.5,72.5,0.9,115.822,99.9984,0.851,53.9,48.9,17.6,19.1,33.2,69.9,36.1,30.7,83.6,38.0
Duke,2019,38,32,1.0,58.0,45.0,30.8,29.9,73.6,11.2,120.084,88.0911,0.97,53.4,44.6,17.7,19.8,36.1,70.3,34.6,24.0,96.3,1.0
Purdue,2019,36,26,3.0,51.5,47.2,37.4,34.2,67.0,6.1,121.093,95.0422,0.938,52.7,49.5,15.9,19.5,35.0,73.4,29.4,32.7,89.0,13.0
Kansas,2016,37,32,1.0,52.7,43.4,41.3,32.5,70.1,11.6,120.379,90.575,0.961,55.9,45.3,17.8,19.1,32.2,71.2,39.0,37.2,94.5,1.0
Kansas,2017,36,31,1.0,53.6,45.3,40.4,35.6,71.4,11.0,120.833,94.8585,0.943,55.9,47.9,18.1,18.6,34.3,69.6,36.8,30.8,92.2,3.0
Kansas St.,2018,37,25,9.0,53.4,48.9,34.1,33.0,66.5,2.5,112.178,97.4236,0.862,53.5,49.5,17.2,21.4,26.1,67.8,33.6,36.6,81.5,35.0
Texas Tech,2018,37,27,3.0,51.1,45.1,35.9,32.3,67.6,4.7,114.03,92.0873,0.922,52.7,46.7,18.1,22.0,33.3,71.6,40.3,38.1,87.3,14.0
Xavier,2017,38,24,11.0,52.0,52.5,34.5,33.4,68.4,1.6,114.744,99.4255,0.867,51.6,51.8,18.6,17.8,35.2,75.0,41.2,33.7,82.3,40.0
Oregon,2016,37,30,1.0,52.6,46.1,34.4,36.2,69.0,6.7,119.63,96.8455,0.904,52.3,49.0,16.3,20.6,34.6,68.7,40.2,32.3,88.0,5.0
Florida,2017,36,27,4.0,50.3,45.7,35.9,30.5,70.2,6.4,115.851,89.4618,0.952,51.5,45.6,16.6,21.1,31.9,70.8,40.4,33.9,87.8,20.0
Kentucky,2017,38,32,2.0,52.9,48.3,35.3,30.6,73.7,9.0,119.139,91.8728,0.954,53.2,47.4,16.0,19.4,34.0,72.8,41.7,34.7,92.3,5.0
Kentucky,2019,37,30,2.0,52.9,43.6,35.4,34.3,66.9,8.8,118.223,90.8094,0.942,53.3,47.0,18.5,18.4,36.6,74.2,42.5,27.1,91.3,7.0
Gonzaga,2019,37,33,1.0,61.4,43.4,36.3,30.4,72.0,7.0,125.125,92.336,0.971,59.6,44.2,14.5,18.9,30.6,72.9,36.0,25.1,95.0,4.0
Syracuse,2016,37,23,10.0,47.2,48.1,36.0,30.7,65.5,-0.3,111.357,95.507,0.86,50.4,47.5,18.3,20.6,33.0,64.7,35.5,29.4,82.7,32.0
Michigan St.,2019,39,32,2.0,54.3,41.9,37.8,31.6,68.6,10.7,121.729,90.3679,0.956,55.8,43.7,18.7,14.9,34.1,73.2,35.0,27.7,92.3,5.0
Oklahoma,2016,37,29,2.0,48.2,45.3,42.2,33.7,70.8,8.0,117.285,92.4357,0.938,54.5,46.4,18.0,17.6,30.5,70.2,33.6,27.3,90.0,7.0
Kansas,2018,39,31,1.0,55.6,48.6,40.1,33.3,69.9,8.2,120.933,97.6938,0.941,58.1,48.5,16.6,18.5,29.1,68.3,26.2,24.8,90.9,4.0
Loyola Chicago,2018,37,32,11.0,56.6,47.1,39.8,32.0,66.4,2.0,111.331,96.1911,0.797,57.8,47.3,18.8,20.0,22.1,74.1,33.2,25.7,81.3,27.0
Oregon,2017,38,33,3.0,54.5,46.1,38.0,31.2,68.4,6.0,117.728,93.9002,0.921,55.6,46.1,17.0,20.1,32.0,70.2,34.4,26.6,87.3,9.0
South Carolina,2017,36,26,7.0,45.9,45.4,33.4,30.6,69.6,1.7,105.546,88.5163,0.882,46.7,45.0,19.0,24.5,33.8,68.4,39.9,46.7,83.1,40.0
Auburn,2019,39,30,5.0,51.7,51.4,38.1,34.8,69.3,6.1,119.571,96.2397,0.926,54.2,51.8,17.5,25.3,32.7,67.1,31.0,36.6,89.3,14.0
Davidson,2016,32,19,,51.1,52.2,35.5,34.3,71.3,-2.1,,,,,,,,,,,,,46.0
Duquesne,2016,33,16,,53.1,42.8,36.6,40.2,73.6,-7.8,,,,,,,,,,,,,
Fordham,2016,30,16,,51.2,52.3,34.6,33.4,67.5,-6.0,,,,,,,,,,,,,
George Mason,2016,32,11,,45.7,46.0,29.2,35.3,68.6,-11.6,,,,,,,,,,,,,
George Washington,2016,38,28,,48.4,48.2,37.1,33.0,67.2,-0.8,,,,,,,,,,,,,42.0
La Salle,2016,30,8,,45.4,51.1,33.6,38.1,67.0,-12.6,,,,,,,,,,,,,
Massachusetts,2016,32,14,,48.8,49.0,33.0,31.3,71.6,-8.7,,,,,,,,,,,,,
Rhode Island,2016,32,17,,48.3,46.6,36.5,33.3,65.7,-5.9,,,,,,,,,,,,,40.0
Richmond,2016,32,16,,55.4,49.4,35.6,36.0,69.2,-5.5,,,,,,,,,,,,,
Saint Louis,2016,32,11,,46.9,50.5,32.8,32.8,69.6,-11.6,,,,,,,,,,,,,
St. Bonaventure,2016,31,22,,48.8,50.5,37.3,32.1,68.9,-0.1,,,,,,,,,,,,,35.0
Davidson,2017,32,17,,51.9,45.8,34.1,38.1,69.7,-5.2,,,,,,,,,,,,,51.0
Duquesne,2017,32,10,,48.3,47.9,33.4,35.9,71.7,-14.7,,,,,,,,,,,,,
Fordham,2017,31,13,,47.4,52.3,33.2,36.1,65.8,-11.8,,,,,,,,,,,,,
George Mason,2017,33,20,,48.5,48.4,34.2,32.7,70.0,-5.2,,,,,,,,,,,,,
George Washington,2017,35,20,,45.6,48.9,37.1,35.4,67.0,-5.2,,,,,,,,,,,,,
La Salle,2017,30,15,,52.4,51.3,36.4,39.4,69.9,-7.0,,,,,,,,,,,,,
Massachusetts,2017,33,15,,53.3,44.5,29.7,34.5,73.6,-10.1,,,,,,,,,,,,,
Richmond,2017,35,22,,55.6,50.9,34.2,32.1,70.1,-3.7,,,,,,,,,,,,,
Saint Joseph's,2017,31,11,,45.7,50.3,32.4,34.9,70.0,-10.9,,,,,,,,,,,,,
Saint Louis,2017,33,12,,44.3,48.9,34.2,35.6,65.2,-12.8,,,,,,,,,,,,,
St. Bonaventure,2017,32,20,,48.5,48.1,34.8,35.3,70.0,-4.6,,,,,,,,,,,,,
Dayton,2018,31,14,,59.5,52.5,33.7,38.3,67.2,-9.6,,,,,,,,,,,,,43.0
Duquesne,2018,32,16,,47.8,51.0,35.0,33.5,67.3,-11.0,,,,,,,,,,,,,
Fordham,2018,31,9,,52.1,52.1,28.8,35.1,67.2,-14.9,,,,,,,,,,,,,
George Mason,2018,33,16,,49.1,51.5,32.6,35.3,70.1,-9.8,,,,,,,,,,,,,
George Washington,2018,33,15,,50.2,50.3,32.1,35.7,66.8,-9.7,,,,,,,,,,,,,
La Salle,2018,32,13,,48.8,48.8,32.9,38.1,70.1,-11.1,,,,,,,,,,,,,
Massachusetts,2018,33,13,,47.9,51.2,40.0,34.7,67.6,-12.8,,,,,,,,,,,,,
Richmond,2018,32,12,,53.2,55.3,33.4,37.2,69.1,-11.4,,,,,,,,,,,,,
Saint Joseph's,2018,32,16,,47.7,48.9,33.7,33.7,71.6,-8.1,,,,,,,,,,,,,
Saint Louis,2018,32,17,,46.6,47.7,32.0,34.8,65.3,-7.9,,,,,,,,,,,,,
VCU,2018,33,18,,52.4,50.9,35.2,35.1,72.0,-7.0,,,,,,,,,,,,,
Davidson,2019,33,24,,52.8,47.3,35.6,33.0,66.1,-0.9,,,,,,,,,,,,,37.0
Dayton,2019,33,21,,59.5,47.7,33.2,32.1,66.1,-2.3,,,,,,,,,,,,,
Duquesne,2019,32,19,,51.1,49.5,32.2,33.8,71.0,-6.7,,,,,,,,,,,,,
Fordham,2019,31,12,,44.7,49.6,33.0,32.9,66.3,-14.9,,,,,,,,,,,,,
George Mason,2019,33,18,,50.5,51.6,33.0,32.0,69.2,-6.8,,,,,,,,,,,,,
George Washington,2019,33,9,,45.3,49.8,31.1,35.6,68.8,-15.8,,,,,,,,,,,,,
La Salle,2019,31,10,,45.3,51.2,33.1,34.2,70.6,-13.3,,,,,,,,,,,,,
Massachusetts,2019,32,11,,50.2,50.6,35.0,35.0,69.0,-13.8,,,,,,,,,,,,,
Rhode Island,2019,33,18,,50.0,48.8,28.0,32.3,68.9,-6.8,,,,,,,,,,,,,
Richmond,2019,33,13,,55.5,54.0,34.7,34.4,67.2,-13.5,,,,,,,,,,,,,
Saint Joseph's,2019,33,14,,47.8,49.9,32.2,36.0,69.8,-10.5,,,,,,,,,,,,,
St. Bonaventure,2019,34,18,,47.9,46.2,32.8,32.3,65.6,-8.3,,,,,,,,,,,,,
Boston College,2016,32,7,,46.9,50.0,32.3,38.2,67.8,-12.2,,,,,,,,,,,,,
Clemson,2016,31,17,,49.1,45.5,35.2,34.9,64.5,-2.4,,,,,,,,,,,,,47.0
Florida St.,2016,34,20,,52.1,48.9,34.1,36.2,72.7,0.1,,,,,,,,,,,,,35.0
Georgia Tech,2016,36,21,,48.4,49.5,35.7,32.0,67.8,0.0,,,,,,,,,,,,,
Louisville,2016,31,23,,51.9,42.8,34.7,32.1,67.2,4.3,,,,,,,,,,,,,16.0
North Carolina St.,2016,33,16,,46.9,47.5,34.8,37.4,68.5,-4.0,,,,,,,,,,,,,49.0
Virginia Tech,2016,35,20,,49.1,50.1,34.8,31.3,70.5,-0.5,,,,,,,,,,,,,
Wake Forest,2016,31,11,,50.4,49.2,31.6,33.4,72.4,-6.2,,,,,,,,,,,,,
Boston College,2017,32,9,,49.1,53.2,37.4,35.4,72.5,-9.8,,,,,,,,,,,,,
Clemson,2017,33,17,,49.8,51.0,35.7,35.6,67.8,-0.3,,,,,,,,,,,,,34.0
Georgia Tech,2017,36,21,,46.9,43.9,32.5,33.1,69.2,-2.1,,,,,,,,,,,,,
North Carolina St.,2017,32,15,,52.4,49.5,35.6,36.9,71.9,-4.1,,,,,,,,,,,,,43.0
Pittsburgh,2017,33,16,,49.6,50.2,36.1,35.6,67.0,-2.0,,,,,,,,,,,,,36.0
Syracuse,2017,34,19,,51.3,49.6,37.9,34.3,68.2,-1.1,,,,,,,,,,,,,36.0
Boston College,2018,35,19,,51.1,50.1,35.9,36.1,70.9,-1.9,,,,,,,,,,,,,
Georgia Tech,2018,32,13,,46.6,45.4,31.8,37.9,67.0,-6.7,,,,,,,,,,,,,49.0
Louisville,2018,36,22,,49.7,45.8,37.1,32.9,70.6,0.5,,,,,,,,,,,,,42.0
Notre Dame,2018,35,21,,49.6,47.0,35.6,35.4,66.7,-0.7,,,,,,,,,,,,,34.0
Pittsburgh,2018,32,8,,47.8,50.1,32.5,33.4,66.5,-10.9,,,,,,,,,,,,,
Wake Forest,2018,31,11,,47.4,48.1,37.4,37.7,70.7,-7.9,,,,,,,,,,,,,
Boston College,2019,31,14,,49.1,48.8,31.7,32.0,68.8,-5.4,,,,,,,,,,,,,45.0
Clemson,2019,34,20,,51.5,44.4,32.8,35.0,67.4,0.1,,,,,,,,,,,,,35.0
Georgia Tech,2019,32,14,,50.7,46.3,30.7,29.7,68.5,-4.8,,,,,,,,,,,,,
Miami FL,2019,32,14,,51.4,51.7,33.3,34.9,68.3,-5.1,,,,,,,,,,,,,36.0
North Carolina St.,2019,36,24,,51.6,51.0,35.2,30.9,72.8,1.9,,,,,,,,,,,,,34.0
Notre Dame,2019,33,14,,45.4,48.6,31.5,33.1,66.6,-5.7,,,,,,,,,,,,,41.0
Pittsburgh,2019,33,14,,46.9,45.8,33.1,33.6,68.7,-6.3,,,,,,,,,,,,,49.0
Wake Forest,2019,31,11,,44.1,54.7,30.8,34.1,68.9,-7.5,,,,,,,,,,,,,
Albany,2016,32,23,,51.8,50.2,32.3,30.9,67.3,-4.0,,,,,,,,,,,,,
Binghamton,2016,30,8,,45.0,49.0,28.4,33.7,66.6,-17.3,,,,,,,,,,,,,
Hartford,2016,32,9,,45.6,54.0,35.4,34.7,70.2,-17.7,,,,,,,,,,,,,
Maine,2016,30,8,,48.3,55.6,33.9,36.9,77.8,-17.4,,,,,,,,,,,,,
New Hampshire,2016,31,18,,45.0,48.6,33.2,35.3,68.1,-7.6,,,,,,,,,,,,,
UMass Lowell,2016,28,10,,53.2,53.9,36.2,37.1,73.7,-13.2,,,,,,,,,,,,,
UMBC,2016,32,7,,50.4,56.4,33.1,38.0,70.1,-20.5,,,,,,,,,,,,,
Vermont,2016,36,22,,52.6,46.3,38.2,37.0,68.5,-6.6,,,,,,,,,,,,,
Albany,2017,34,21,,50.3,50.7,37.1,34.7,65.5,-6.9,,,,,,,,,,,,,
Binghamton,2017,29,12,,47.1,51.3,34.4,35.7,67.2,-15.3,,,,,,,,,,,,,
Hartford,2017,32,9,,45.0,48.7,33.9,38.9,70.3,-18.1,,,,,,,,,,,,,
Maine,2017,31,7,,44.8,52.2,31.2,36.4,69.6,-18.8,,,,,,,,,,,,,
New Hampshire,2017,29,20,,49.5,50.1,34.2,32.9,66.9,-6.3,,,,,,,,,,,,,
Stony Brook,2017,32,18,,45.7,47.5,32.7,37.5,67.2,-8.3,,,,,,,,,,,,,
UMass Lowell,2017,30,11,,53.1,52.3,38.4,37.0,73.6,-15.6,,,,,,,,,,,,,
UMBC,2017,32,21,,51.5,52.2,38.5,35.2,72.0,-7.4,,,,,,,,,,,,,
Albany,2018,31,22,,48.7,51.6,36.8,32.6,67.4,-6.0,,,,,,,,,,,,,
Binghamton,2018,29,11,,48.1,48.2,34.8,38.7,67.4,-16.0,,,,,,,,,,,,,
Hartford,2018,32,19,,53.6,50.8,34.4,34.4,67.7,-9.0,,,,,,,,,,,,,
Maine,2018,30,6,,47.1,51.3,29.6,34.4,72.2,-20.2,,,,,,,,,,,,,
New Hampshire,2018,29,10,,44.3,50.6,32.6,34.1,66.7,-16.0,,,,,,,,,,,,,
Stony Brook,2018,31,13,,47.5,49.1,32.2,35.3,69.6,-12.7,,,,,,,,,,,,,
UMass Lowell,2018,29,12,,52.4,55.0,34.4,37.5,72.6,-14.1,,,,,,,,,,,,,
Vermont,2018,34,27,,53.8,49.9,39.9,34.6,65.2,-0.9,,,,,,,,,,,,,43.0
Albany,2019,31,12,,46.9,51.0,34.8,35.9,67.3,-15.7,,,,,,,,,,,,,
Binghamton,2019,31,10,,48.4,49.0,33.9,38.4,67.2,-17.4,,,,,,,,,,,,,
Hartford,2019,32,18,,51.5,53.2,38.2,34.4,68.3,-9.2,,,,,,,,,,,,,
Maine,2019,31,5,,49.9,52.7,31.0,38.7,65.3,-20.9,,,,,,,,,,,,,
New Hampshire,2019,27,5,,39.4,52.1,32.6,33.6,67.1,-20.2,,,,,,,,,,,,,
Stony Brook,2019,32,24,,47.7,46.6,32.6,30.1,70.7,-3.8,,,,,,,,,,,,,
UMass Lowell,2019,30,15,,55.1,54.7,34.3,31.6,71.6,-13.0,,,,,,,,,,,,,
UMBC,2019,31,21,,49.5,51.8,31.3,34.0,66.2,-8.1,,,,,,,,,,,,,
East Carolina,2016,32,12,,47.8,52.2,33.9,33.1,68.0,-10.6,,,,,,,,,,,,,
Houston,2016,32,22,,52.1,48.3,34.8,30.3,67.3,-1.2,,,,,,,,,,,,,40.0
Memphis,2016,34,19,,45.1,44.6,32.4,30.5,74.4,-5.6,,,,,,,,,,,,,
SMU,2016,30,25,,52.5,44.6,42.0,33.1,66.6,3.6,,,,,,,,,,,,,24.0
South Florida,2016,33,8,,46.2,46.9,28.6,31.9,67.7,-14.8,,,,,,,,,,,,,
Tulane,2016,34,13,,45.5,46.4,30.1,35.2,68.5,-11.1,,,,,,,,,,,,,
UCF,2016,30,12,,50.1,46.4,31.8,32.3,68.6,-10.1,,,,,,,,,,,,,
Connecticut,2017,32,16,,46.1,43.0,35.4,33.0,66.1,-5.6,,,,,,,,,,,,,43.0
East Carolina,2017,33,15,,44.5,42.6,32.0,32.5,68.3,-8.4,,,,,,,,,,,,,
Houston,2017,32,22,,47.7,45.7,39.4,32.9,66.6,-0.9,,,,,,,,,,,,,34.0
Memphis,2017,32,19,,51.1,47.7,29.5,33.7,70.0,-3.4,,,,,,,,,,,,,
South Florida,2017,30,7,,45.9,45.1,34.6,39.6,70.1,-14.7,,,,,,,,,,,,,
Temple,2017,32,16,,47.0,47.7,35.6,34.3,68.7,-5.8,,,,,,,,,,,,,36.0
Tulane,2017,31,6,,45.2,51.9,32.4,38.1,72.0,-15.5,,,,,,,,,,,,,
Tulsa,2017,32,15,,47.2,48.2,34.3,35.9,69.6,-6.2,,,,,,,,,,,,,
UCF,2017,36,24,,48.9,39.9,35.2,31.3,67.1,-1.8,,,,,,,,,,,,,36.0
Connecticut,2018,32,14,,46.6,48.5,32.6,36.4,68.1,-7.0,,,,,,,,,,,,,
East Carolina,2018,30,10,,49.6,50.6,30.5,35.3,70.1,-13.5,,,,,,,,,,,,,
Memphis,2018,34,21,,52.3,47.6,31.7,37.0,67.4,-4.4,,,,,,,,,,,,,
SMU,2018,33,17,,48.7,48.6,37.9,33.8,65.4,-6.3,,,,,,,,,,,,,33.0
South Florida,2018,32,10,,44.8,52.0,36.1,33.0,65.8,-14.9,,,,,,,,,,,,,
Temple,2018,33,17,,47.2,50.5,35.0,32.4,68.4,-3.3,,,,,,,,,,,,,37.0
Tulane,2018,31,14,,50.9,49.8,35.0,34.5,70.3,-8.7,,,,,,,,,,,,,
Tulsa,2018,31,19,,49.7,47.9,34.7,34.4,68.8,-4.1,,,,,,,,,,,,,
UCF,2018,32,19,,47.1,43.7,32.9,33.1,65.8,-3.4,,,,,,,,,,,,,46.0
Connecticut,2019,33,16,,50.7,49.2,34.4,33.5,70.4,-5.7,,,,,,,,,,,,,41.0
East Carolina,2019,31,10,,47.7,52.0,28.4,32.9,69.9,-12.3,,,,,,,,,,,,,
Memphis,2019,36,22,,52.5,48.9,32.2,32.2,75.7,-1.4,,,,,,,,,,,,,
SMU,2019,32,15,,51.3,48.2,34.1,35.1,66.4,-6.4,,,,,,,,,,,,,
South Florida,2019,37,24,,48.5,48.2,33.3,32.5,68.6,-4.5,,,,,,,,,,,,,
Tulane,2019,31,4,,46.7,50.7,31.8,33.6,71.2,-17.2,,,,,,,,,,,,,
Tulsa,2019,32,18,,51.3,47.3,34.0,32.8,70.1,-3.5,,,,,,,,,,,,,
Wichita St.,2019,37,22,,47.1,46.5,31.0,33.0,69.4,-2.9,,,,,,,,,,,,,54.0
Jacksonville,2016,28,12,,45.0,52.7,38.9,36.6,71.3,-11.7,,,,,,,,,,,,,
Kennesaw St.,2016,29,9,,47.2,54.0,35.1,34.5,69.7,-13.0,,,,,,,,,,,,,
Lipscomb,2016,31,10,,50.5,51.1,35.2,37.0,73.9,-16.0,,,,,,,,,,,,,
NJIT,2016,34,19,,51.1,50.6,35.1,34.9,69.9,-8.8,,,,,,,,,,,,,
North Florida,2016,31,19,,54.7,51.8,40.9,34.6,71.3,-5.1,,,,,,,,,,,,,
Stetson,2016,30,8,,49.4,54.7,36.2,35.9,71.4,-16.6,,,,,,,,,,,,,
USC Upstate,2016,28,7,,48.4,53.1,35.7,38.1,67.2,-16.2,,,,,,,,,,,,,
Jacksonville,2017,29,17,,50.4,56.5,38.8,37.8,69.2,-11.8,,,,,,,,,,,,,
Kennesaw St.,2017,30,14,,47.7,52.8,41.2,37.3,70.6,-13.0,,,,,,,,,,,,,
Lipscomb,2017,30,20,,55.7,50.9,36.0,36.0,75.7,-8.1,,,,,,,,,,,,,
NJIT,2017,29,11,,47.7,53.7,33.4,38.4,69.5,-14.6,,,,,,,,,,,,,
North Florida,2017,30,15,,50.7,51.6,34.7,36.6,71.1,-12.1,,,,,,,,,,,,,
Stetson,2017,29,11,,49.9,52.6,33.4,35.6,73.9,-16.3,,,,,,,,,,,,,
USC Upstate,2017,29,17,,52.8,51.2,34.6,33.2,69.6,-10.5,,,,,,,,,,,,,
Florida Gulf Coast,2018,32,23,,54.9,49.2,37.3,34.0,72.2,-6.4,,,,,,,,,,,,,
Jacksonville,2018,29,15,,48.8,53.3,33.0,33.0,69.7,-13.1,,,,,,,,,,,,,
Kennesaw St.,2018,28,10,,47.5,56.8,36.9,32.8,69.5,-14.5,,,,,,,,,,,,,
NJIT,2018,28,14,,48.1,51.9,35.3,36.9,68.4,-11.5,,,,,,,,,,,,,
North Florida,2018,30,14,,51.5,54.3,37.5,35.4,75.1,-10.9,,,,,,,,,,,,,
Stetson,2018,28,12,,48.7,53.6,32.9,37.4,71.0,-16.1,,,,,,,,,,,,,
USC Upstate,2018,28,7,,49.3,56.7,34.1,43.1,70.1,-19.5,,,,,,,,,,,,,
Florida Gulf Coast,2019,30,14,,50.7,49.9,36.9,36.8,69.8,-11.1,,,,,,,,,,,,,
Jacksonville,2019,30,12,,51.0,50.3,31.2,37.0,72.5,-14.3,,,,,,,,,,,,,
Kennesaw St.,2019,30,5,,39.1,53.7,31.4,35.9,69.6,-18.6,,,,,,,,,,,,,
Lipscomb,2019,35,29,,53.8,48.5,37.5,32.1,74.4,-0.5,,,,,,,,,,,,,30.0
NJIT,2019,34,22,,49.8,48.8,34.8,32.8,68.2,-6.2,,,,,,,,,,,,,38.0
North Alabama,2019,29,10,,44.4,52.6,29.7,35.1,69.9,-14.7,,,,,,,,,,,,,
North Florida,2019,31,16,,53.2,47.4,33.9,33.2,73.4,-7.9,,,,,,,,,,,,,
Stetson,2019,29,7,,45.0,54.2,31.0,36.6,70.7,-17.7,,,,,,,,,,,,,
Illinois,2016,34,15,,47.5,51.0,36.3,38.6,69.0,-7.2,,,,,,,,,,,,,
Minnesota,2016,31,8,,45.6,48.7,31.0,38.2,69.4,-12.8,,,,,,,,,,,,,
Nebraska,2016,34,16,,49.4,47.5,34.7,36.7,68.2,-5.5,,,,,,,,,,,,,
Northwestern,2016,32,20,,51.6,43.4,35.8,34.5,64.5,-2.0,,,,,,,,,,,,,33.0
Ohio St.,2016,35,21,,49.0,44.5,33.4,33.4,68.5,-1.1,,,,,,,,,,,,,53.0
Penn St.,2016,32,16,,45.9,45.5,31.7,36.6,67.0,-4.8,,,,,,,,,,,,,
Rutgers,2016,31,6,,44.9,49.9,32.2,37.4,71.4,-14.0,,,,,,,,,,,,,
Illinois,2017,34,20,,48.5,49.6,36.1,33.7,68.1,-1.5,,,,,,,,,,,,,
Indiana,2017,34,18,,54.1,47.7,38.0,33.7,69.7,-1.1,,,,,,,,,,,,,38.0
Iowa,2017,34,19,,49.9,49.5,37.9,35.8,72.8,-1.8,,,,,,,,,,,,,30.0
Nebraska,2017,30,12,,45.3,47.5,31.8,40.7,69.5,-5.4,,,,,,,,,,,,,37.0
Ohio St.,2017,32,17,,51.6,45.7,35.6,35.6,69.4,-3.1,,,,,,,,,,,,,36.0
Penn St.,2017,33,15,,45.4,46.5,33.9,36.3,72.1,-4.9,,,,,,,,,,,,,
Rutgers,2017,32,15,,44.5,46.6,30.2,32.7,67.9,-5.7,,,,,,,,,,,,,39.0
Illinois,2018,31,14,,49.8,54.1,33.2,34.5,71.2,-6.5,,,,,,,,,,,,,
Indiana,2018,31,16,,52.5,48.4,32.2,36.7,67.8,-2.9,,,,,,,,,,,,,
Iowa,2018,33,14,,53.3,51.2,37.5,37.6,71.4,-5.7,,,,,,,,,,,,,
Maryland,2018,31,19,,53.9,45.6,36.8,33.8,67.5,-0.6,,,,,,,,,,,,,42.0
Minnesota,2018,32,15,,47.1,47.3,34.6,37.5,71.2,-5.0,,,,,,,,,,,,,38.0
Nebraska,2018,33,22,,47.6,46.5,34.6,32.2,68.7,1.9,,,,,,,,,,,,,35.0
Northwestern,2018,31,15,,47.1,48.9,35.4,36.2,65.5,-4.2,,,,,,,,,,,,,36.0
Penn St.,2018,39,26,,49.8,46.7,38.7,34.2,68.7,-0.5,,,,,,,,,,,,,34.0
Rutgers,2018,33,15,,43.4,47.6,29.6,32.5,67.2,-6.8,,,,,,,,,,,,,
Wisconsin,2018,33,15,,51.2,50.6,33.5,35.0,63.9,-3.8,,,,,,,,,,,,,44.0
Illinois,2019,33,12,,48.2,53.6,34.5,33.0,71.9,-5.5,,,,,,,,,,,,,
Indiana,2019,35,19,,53.1,47.3,31.2,33.1,68.5,0.0,,,,,,,,,,,,,42.0
Nebraska,2019,35,19,,48.6,46.9,33.4,33.8,68.0,0.0,,,,,,,,,,,,,36.0
Northwestern,2019,32,13,,46.4,48.0,31.3,29.3,67.3,-5.7,,,,,,,,,,,,,
Penn St.,2019,32,14,,47.2,48.4,32.0,35.4,68.9,-2.7,,,,,,,,,,,,,
Rutgers,2019,31,14,,47.2,47.0,31.2,35.3,69.0,-3.5,,,,,,,,,,,,,
Kansas St.,2016,33,17,,48.7,50.4,30.0,31.0,67.6,-1.3,,,,,,,,,,,,,43.0
Oklahoma St.,2016,32,10,,47.8,44.7,32.8,34.2,65.1,-6.7,,,,,,,,,,,,,43.0
TCU,2016,33,12,,43.7,50.2,33.5,34.8,70.3,-6.7,,,,,,,,,,,,,
Oklahoma,2017,31,11,,45.7,47.1,34.3,36.5,71.4,-4.5,,,,,,,,,,,,,45.0
TCU,2017,38,24,,52.2,48.3,35.7,36.3,68.1,0.2,,,,,,,,,,,,,26.0
Texas,2017,33,11,,51.3,47.7,29.2,32.5,69.0,-5.7,,,,,,,,,,,,,45.0
Texas Tech,2017,32,18,,51.9,48.9,36.7,35.5,65.2,-1.1,,,,,,,,,,,,,39.0
Baylor,2018,33,19,,51.3,46.2,35.4,33.4,67.6,0.1,,,,,,,,,,,,,42.0
Iowa St.,2018,31,13,,47.9,51.0,35.8,33.9,70.1,-4.3,,,,,,,,,,,,,49.0
Oklahoma St.,2018,36,21,,48.3,47.5,34.8,36.7,70.0,0.1,,,,,,,,,,,,,40.0
Oklahoma St.,2019,32,12,,46.0,48.3,37.2,35.4,67.5,-4.1,,,,,,,,,,,,,
TCU,2019,37,23,,52.3,49.9,34.6,30.4,70.1,1.1,,,,,,,,,,,,,31.0
Texas,2019,37,21,,49.8,46.2,34.8,35.4,66.1,-0.5,,,,,,,,,,,,,37.0
West Virginia,2019,36,15,,47.6,51.3,31.6,36.1,71.9,-3.7,,,,,,,,,,,,,49.0
Creighton,2016,35,20,,54.5,47.5,35.2,34.6,71.3,-1.8,,,,,,,,,,,,,
DePaul,2016,31,9,,48.6,49.2,34.3,36.4,68.1,-9.3,,,,,,,,,,,,,
Georgetown,2016,33,15,,51.4,44.1,33.9,34.9,68.9,-4.2,,,,,,,,,,,,,35.0
Marquette,2016,33,20,,52.4,47.2,33.9,34.3,71.3,-1.0,,,,,,,,,,,,,42.0
St. John's,2016,31,7,,44.1,49.1,32.0,36.6,72.9,-11.2,,,,,,,,,,,,,
DePaul,2017,32,9,,47.7,53.6,32.6,36.1,69.1,-10.8,,,,,,,,,,,,,
Georgetown,2017,32,14,,51.8,46.8,34.9,32.4,70.3,-4.6,,,,,,,,,,,,,
St. John's,2017,33,14,,47.5,50.5,36.4,37.4,74.5,-5.1,,,,,,,,,,,,,
DePaul,2018,31,11,,48.5,49.2,31.0,37.1,71.0,-6.7,,,,,,,,,,,,,
Georgetown,2018,30,15,,50.1,49.9,36.6,34.8,71.4,-3.5,,,,,,,,,,,,,47.0
Marquette,2018,35,21,,52.2,53.8,41.7,35.9,70.4,1.0,,,,,,,,,,,,,
St. John's,2018,32,16,,48.8,46.0,33.3,37.4,70.5,-3.0,,,,,,,,,,,,,
Butler,2019,33,16,,51.4,52.2,35.3,35.7,67.2,-4.4,,,,,,,,,,,,,39.0
Creighton,2019,34,20,,55.7,52.9,37.9,35.0,70.1,-2.3,,,,,,,,,,,,,46.0
DePaul,2019,36,19,,53.3,51.2,34.3,37.3,71.0,-5.2,,,,,,,,,,,,,
Georgetown,2019,33,19,,49.6,49.6,35.6,34.0,73.6,-2.5,,,,,,,,,,,,,
Providence,2019,34,18,,47.5,48.8,32.6,34.1,69.2,-3.4,,,,,,,,,,,,,48.0
Xavier,2019,35,19,,54.7,48.7,33.1,35.6,66.6,-2.9,,,,,,,,,,,,,45.0
Eastern Washington,2016,32,16,,55.4,53.3,38.4,37.4,69.4,-10.7,,,,,,,,,,,,,
Idaho,2016,32,19,,46.1,48.1,36.3,34.3,66.7,-7.6,,,,,,,,,,,,,
Idaho St.,2016,29,14,,48.0,52.2,35.7,34.0,71.0,-10.9,,,,,,,,,,,,,
Montana,2016,30,18,,51.8,49.5,37.3,33.0,66.1,-5.7,,,,,,,,,,,,,
Montana St.,2016,30,13,,47.2,53.4,37.2,36.5,69.3,-12.3,,,,,,,,,,,,,
North Dakota,2016,30,14,,48.7,51.0,36.7,34.4,72.4,-10.5,,,,,,,,,,,,,
Northern Arizona,2016,28,3,,42.3,53.9,33.4,39.9,71.2,-18.8,,,,,,,,,,,,,
Northern Colorado,2016,29,8,,48.8,54.4,36.4,38.8,69.6,-16.0,,,,,,,,,,,,,
Portland St.,2016,29,11,,52.7,51.4,31.5,38.3,72.8,-13.9,,,,,,,,,,,,,
Sacramento St.,2016,29,12,,49.2,50.9,33.1,32.5,69.3,-12.9,,,,,,,,,,,,,
Southern Utah,2016,28,4,,46.5,55.0,36.4,42.2,68.8,-18.6,,,,,,,,,,,,,
Eastern Washington,2017,32,22,,53.7,48.2,36.8,37.7,67.8,-5.8,,,,,,,,,,,,,
Idaho,2017,31,19,,47.0,46.6,36.4,34.7,67.6,-9.3,,,,,,,,,,,,,
Idaho St.,2017,30,6,,48.2,54.3,35.6,39.9,70.3,-20.1,,,,,,,,,,,,,
Montana,2017,32,16,,49.9,52.1,35.7,34.5,68.2,-10.8,,,,,,,,,,,,,
Montana St.,2017,30,16,,47.7,50.1,37.2,37.2,70.9,-12.2,,,,,,,,,,,,,
Northern Arizona,2017,31,9,,46.1,54.2,31.7,33.9,70.9,-19.1,,,,,,,,,,,,,
Northern Colorado,2017,27,11,,50.6,52.0,34.3,35.0,70.1,-12.6,,,,,,,,,,,,,
Portland St.,2017,28,15,,53.9,56.2,33.4,37.2,73.6,-12.0,,,,,,,,,,,,,
Sacramento St.,2017,29,13,,51.1,49.5,31.0,38.5,67.0,-13.8,,,,,,,,,,,,,
Southern Utah,2017,31,6,,43.0,54.2,36.3,40.2,72.7,-22.9,,,,,,,,,,,,,
Weber St.,2017,32,20,,53.0,49.8,40.3,35.2,68.0,-8.7,,,,,,,,,,,,,
Eastern Washington,2018,33,20,,52.0,49.6,37.9,35.8,67.9,-7.1,,,,,,,,,,,,,
Idaho,2018,29,22,,50.3,48.1,41.1,35.2,66.8,-4.5,,,,,,,,,,,,,
Idaho St.,2018,28,14,,52.4,53.1,39.4,34.3,69.2,-11.3,,,,,,,,,,,,,
Montana St.,2018,30,13,,46.1,55.9,33.8,35.5,70.8,-13.8,,,,,,,,,,,,,
North Dakota,2018,30,12,,51.4,56.0,35.1,38.0,72.9,-12.6,,,,,,,,,,,,,
Northern Arizona,2018,30,5,,44.5,52.6,30.5,39.4,70.2,-19.2,,,,,,,,,,,,,
Northern Colorado,2018,35,26,,54.0,48.7,35.5,32.8,73.1,-6.2,,,,,,,,,,,,,
Portland St.,2018,31,20,,48.9,54.0,33.2,38.0,75.7,-6.8,,,,,,,,,,,,,
Sacramento St.,2018,30,7,,47.7,50.9,34.6,37.2,66.9,-18.6,,,,,,,,,,,,,
Southern Utah,2018,30,13,,48.2,53.2,36.1,38.2,72.8,-12.3,,,,,,,,,,,,,
Weber St.,2018,28,20,,52.5,49.2,41.0,34.7,68.5,-6.1,,,,,,,,,,,,,
Eastern Washington,2019,33,16,,48.9,50.1,34.8,37.4,69.0,-11.9,,,,,,,,,,,,,
Idaho,2019,29,5,,46.5,55.4,37.6,34.3,66.5,-23.4,,,,,,,,,,,,,
Idaho St.,2019,28,11,,50.4,54.2,36.2,39.6,68.3,-14.3,,,,,,,,,,,,,
Montana St.,2019,31,15,,51.1,57.4,37.6,37.8,71.3,-12.3,,,,,,,,,,,,,
North Dakota,2019,26,12,,49.6,52.2,36.0,35.3,71.1,-12.8,,,,,,,,,,,,,
Northern Arizona,2019,31,10,,49.2,55.9,34.6,35.8,69.9,-16.7,,,,,,,,,,,,,
Northern Colorado,2019,30,21,,53.6,49.5,34.9,37.1,67.9,-6.7,,,,,,,,,,,,,
Portland St.,2019,29,16,,48.3,54.6,29.8,34.8,70.5,-12.0,,,,,,,,,,,,,
Sacramento St.,2019,28,15,,48.3,50.8,33.1,37.0,69.0,-12.6,,,,,,,,,,,,,
Southern Utah,2019,32,17,,50.0,48.0,33.7,36.1,72.2,-12.0,,,,,,,,,,,,,
Weber St.,2019,31,18,,53.4,49.7,35.2,31.7,72.5,-10.7,,,,,,,,,,,,,
Campbell,2016,27,9,,50.7,52.1,31.7,37.8,69.2,-15.1,,,,,,,,,,,,,
Charleston Southern,2016,27,6,,49.4,52.6,33.8,37.4,69.2,-15.5,,,,,,,,,,,,,
Coastal Carolina,2016,30,18,,49.1,46.2,33.4,30.9,67.5,-7.0,,,,,,,,,,,,,
Gardner Webb,2016,30,14,,46.0,51.1,33.5,34.7,70.1,-10.3,,,,,,,,,,,,,
High Point,2016,29,18,,49.8,53.3,38.2,34.7,66.9,-5.7,,,,,,,,,,,,,
Liberty,2016,29,10,,52.0,52.1,36.1,36.4,63.9,-14.0,,,,,,,,,,,,,
Longwood,2016,30,7,,49.8,51.6,34.9,38.2,70.0,-18.6,,,,,,,,,,,,,
Presbyterian,2016,28,8,,47.7,53.3,30.8,34.2,68.4,-15.8,,,,,,,,,,,,,
Radford,2016,29,14,,49.5,51.6,34.4,33.8,66.8,-10.0,,,,,,,,,,,,,
Winthrop,2016,29,20,,53.9,47.1,36.4,32.7,73.7,-4.9,,,,,,,,,,,,,
Campbell,2017,34,19,,50.2,49.9,35.6,34.7,67.0,-12.9,,,,,,,,,,,,,
Charleston Southern,2017,28,12,,48.0,53.2,33.3,37.3,69.9,-13.8,,,,,,,,,,,,,
Gardner Webb,2017,30,19,,50.3,46.8,37.6,35.5,72.3,-8.2,,,,,,,,,,,,,
High Point,2017,28,15,,44.8,51.0,37.5,36.7,67.2,-11.4,,,,,,,,,,,,,
Liberty,2017,32,21,,50.4,52.1,36.1,34.9,64.2,-8.2,,,,,,,,,,,,,
Longwood,2017,28,6,,49.6,52.5,32.5,40.0,71.8,-19.5,,,,,,,,,,,,,
Presbyterian,2017,28,5,,43.2,53.3,33.6,39.6,65.3,-20.5,,,,,,,,,,,,,
Radford,2017,30,14,,44.6,49.9,34.6,35.9,65.6,-11.8,,,,,,,,,,,,,
UNC Asheville,2017,31,23,,51.8,51.5,39.0,35.8,69.5,-3.5,,,,,,,,,,,,,
Campbell,2018,31,18,,52.6,51.8,38.1,34.8,68.9,-11.5,,,,,,,,,,,,,
Charleston Southern,2018,28,15,,49.0,49.9,32.6,39.2,67.5,-11.5,,,,,,,,,,,,,
Gardner Webb,2018,29,14,,48.1,50.8,34.0,33.2,69.0,-12.1,,,,,,,,,,,,,
High Point,2018,27,14,,47.6,48.8,35.9,34.8,66.8,-12.4,,,,,,,,,,,,,
Liberty,2018,34,22,,51.1,47.3,36.8,37.5,64.2,-9.7,,,,,,,,,,,,,
Longwood,2018,30,7,,45.8,53.2,31.5,34.1,70.3,-21.2,,,,,,,,,,,,,
Presbyterian,2018,29,11,,46.8,55.5,34.6,36.7,64.6,-16.2,,,,,,,,,,,,,
UNC Asheville,2018,32,21,,52.0,52.4,39.4,35.1,70.6,-6.2,,,,,,,,,,,,,
Winthrop,2018,28,19,,54.8,48.1,36.5,34.9,72.8,-7.6,,,,,,,,,,,,,
Campbell,2019,30,20,,54.8,53.6,33.8,37.3,67.1,-7.4,,,,,,,,,,,,,
Charleston Southern,2019,30,18,,48.4,48.8,34.5,35.9,70.5,-9.3,,,,,,,,,,,,,
Hampton,2019,32,18,,47.5,50.5,34.1,34.2,72.5,-11.4,,,,,,,,,,,,,
High Point,2019,29,16,,51.0,51.5,30.3,32.6,65.0,-10.2,,,,,,,,,,,,,
Longwood,2019,31,16,,50.8,50.5,36.0,33.7,68.5,-13.0,,,,,,,,,,,,,
Presbyterian,2019,33,20,,50.1,53.5,38.0,35.4,68.9,-9.6,,,,,,,,,,,,,
Radford,2019,30,22,,50.1,51.7,38.0,34.7,65.8,-4.4,,,,,,,,,,,,,39.0
UNC Asheville,2019,28,4,,45.2,56.7,31.7,36.2,63.7,-20.8,,,,,,,,,,,,,
USC Upstate,2019,29,5,,46.8,54.0,32.1,34.3,69.5,-20.8,,,,,,,,,,,,,
Winthrop,2019,27,18,,53.3,51.6,36.7,33.8,74.3,-6.5,,,,,,,,,,,,,
Cal Poly,2016,28,8,,44.9,50.0,35.4,40.0,67.3,-12.0,,,,,,,,,,,,,
Cal St. Fullerton,2016,28,8,,44.4,48.1,33.3,36.6,69.5,-13.7,,,,,,,,,,,,,
Cal St. Northridge,2016,28,8,,47.1,47.8,30.2,39.7,71.3,-13.4,,,,,,,,,,,,,
Long Beach St.,2016,33,18,,46.4,50.3,36.7,35.0,70.9,-3.0,,,,,,,,,,,,,
UC Davis,2016,28,9,,45.5,48.7,35.9,31.7,66.9,-12.9,,,,,,,,,,,,,
UC Irvine,2016,36,26,,49.3,41.6,36.7,33.2,68.1,-0.8,,,,,,,,,,,,,43.0
UC Riverside,2016,31,12,,47.0,47.6,34.5,34.8,68.0,-13.2,,,,,,,,,,,,,
UC Santa Barbara,2016,32,18,,48.4,47.8,35.8,30.0,67.6,-4.8,,,,,,,,,,,,,
Cal Poly,2017,29,11,,45.1,50.0,33.5,39.8,66.4,-14.9,,,,,,,,,,,,,
Cal St. Fullerton,2017,30,17,,50.6,48.8,30.8,34.3,70.0,-11.0,,,,,,,,,,,,,
Cal St. Northridge,2017,28,11,,49.4,49.6,33.7,38.4,74.2,-13.1,,,,,,,,,,,,,
Hawaii,2017,29,14,,48.6,50.9,32.1,33.8,68.6,-11.6,,,,,,,,,,,,,
Long Beach St.,2017,32,15,,47.0,51.3,35.1,37.9,71.1,-10.5,,,,,,,,,,,,,52.0
UC Irvine,2017,34,21,,48.2,41.6,35.6,32.7,67.9,-7.4,,,,,,,,,,,,,
UC Riverside,2017,27,8,,44.9,47.9,31.6,35.1,69.0,-16.3,,,,,,,,,,,,,
UC Santa Barbara,2017,27,6,,41.7,53.2,28.5,34.4,66.1,-16.2,,,,,,,,,,,,,
Cal Poly,2018,29,9,,41.5,49.8,35.8,40.1,67.4,-16.8,,,,,,,,,,,,,
Cal St. Northridge,2018,28,6,,45.9,51.7,34.7,36.3,67.0,-19.3,,,,,,,,,,,,,
Hawaii,2018,28,17,,50.9,50.1,32.5,33.1,69.0,-8.5,,,,,,,,,,,,,
Long Beach St.,2018,31,15,,48.4,52.5,35.1,37.5,73.1,-10.2,,,,,,,,,,,,,
UC Davis,2018,31,22,,50.7,49.2,36.6,33.0,67.5,-4.4,,,,,,,,,,,,,
UC Irvine,2018,33,18,,47.5,42.9,33.0,32.8,68.2,-9.1,,,,,,,,,,,,,
UC Riverside,2018,29,9,,44.1,48.5,31.3,33.3,69.5,-16.2,,,,,,,,,,,,,
UC Santa Barbara,2018,30,23,,50.5,48.9,38.3,34.4,67.9,-3.9,,,,,,,,,,,,,
Cal Poly,2019,27,6,,46.6,51.5,32.0,36.5,67.5,-18.6,,,,,,,,,,,,,
Cal St. Fullerton,2019,32,16,,50.3,48.5,30.8,32.0,71.1,-9.7,,,,,,,,,,,,,
Cal St. Northridge,2019,33,13,,50.3,48.2,36.1,38.4,72.3,-14.7,,,,,,,,,,,,,
Hawaii,2019,29,18,,52.2,50.3,35.0,34.5,67.5,-8.6,,,,,,,,,,,,,
Long Beach St.,2019,32,15,,46.3,51.6,33.8,33.5,73.0,-11.8,,,,,,,,,,,,,
UC Davis,2019,29,11,,49.0,53.3,32.7,34.6,67.3,-14.0,,,,,,,,,,,,,
UC Riverside,2019,30,10,,47.2,53.7,38.0,37.2,64.8,-18.2,,,,,,,,,,,,,
UC Santa Barbara,2019,30,22,,49.4,50.8,34.8,31.8,65.9,-6.0,,,,,,,,,,,,,
College of Charleston,2016,30,16,,45.6,48.2,34.0,32.0,65.0,-7.3,,,,,,,,,,,,,
Delaware,2016,30,7,,43.7,51.4,32.5,34.8,68.1,-15.3,,,,,,,,,,,,,
Drexel,2016,30,6,,42.3,51.5,32.7,36.5,65.5,-16.4,,,,,,,,,,,,,
Elon,2016,30,14,,52.5,49.1,33.9,35.3,72.4,-8.5,,,,,,,,,,,,,
Hofstra,2016,33,23,,50.1,48.3,35.6,35.3,70.4,-1.6,,,,,,,,,,,,,
James Madison,2016,31,20,,50.9,47.3,35.0,28.7,67.7,-4.3,,,,,,,,,,,,,
Northeastern,2016,32,17,,48.5,52.0,37.2,33.9,66.2,-7.0,,,,,,,,,,,,,44.0
Towson,2016,31,18,,46.3,46.2,32.1,35.2,66.6,-6.2,,,,,,,,,,,,,
William & Mary,2016,29,18,,54.8,49.4,36.7,33.1,69.2,-3.8,,,,,,,,,,,,,
College of Charleston,2017,34,25,,49.1,48.9,33.2,31.1,65.7,-2.0,,,,,,,,,,,,,
Delaware,2017,31,13,,47.8,51.6,30.0,37.0,66.4,-13.7,,,,,,,,,,,,,
Drexel,2017,31,9,,48.5,52.6,34.9,36.0,71.9,-17.3,,,,,,,,,,,,,
Elon,2017,30,18,,50.9,48.8,35.7,32.2,69.1,-7.8,,,,,,,,,,,,,
Hofstra,2017,31,15,,49.6,52.0,36.4,36.9,69.0,-11.1,,,,,,,,,,,,,
James Madison,2017,32,10,,50.3,50.6,33.3,34.6,65.4,-17.1,,,,,,,,,,,,,
Northeastern,2017,31,15,,52.4,50.7,36.7,36.4,67.7,-8.9,,,,,,,,,,,,,
Towson,2017,32,20,,49.2,47.4,30.6,34.3,69.3,-6.6,,,,,,,,,,,,,
William & Mary,2017,29,17,,55.8,51.0,37.8,36.1,72.0,-6.8,,,,,,,,,,,,,
Delaware,2018,31,14,,50.7,51.2,32.9,37.0,66.9,-13.8,,,,,,,,,,,,,
Drexel,2018,32,13,,50.2,51.1,32.2,36.3,70.1,-14.5,,,,,,,,,,,,,
Elon,2018,30,14,,52.5,50.0,34.7,37.1,68.5,-12.0,,,,,,,,,,,,,
Hofstra,2018,30,19,,51.6,54.3,37.3,36.0,70.0,-6.1,,,,,,,,,,,,,
James Madison,2018,31,10,,46.7,50.9,33.5,37.2,69.1,-16.5,,,,,,,,,,,,,
Northeastern,2018,32,23,,57.6,51.1,37.3,30.0,68.0,-4.0,,,,,,,,,,,,,
Towson,2018,30,18,,51.1,49.4,35.3,35.0,69.0,-9.1,,,,,,,,,,,,,41.0
UNC Wilmington,2018,30,11,,47.4,54.8,34.5,39.6,73.3,-14.9,,,,,,,,,,,,,
William & Mary,2018,29,19,,56.6,57.2,42.2,37.4,71.0,-6.2,,,,,,,,,,,,,
College of Charleston,2019,32,24,,56.3,53.7,33.7,33.3,66.8,-3.1,,,,,,,,,,,,,
Delaware,2019,31,17,,50.9,49.9,37.8,38.4,64.8,-11.1,,,,,,,,,,,,,
Drexel,2019,31,13,,50.9,54.7,34.7,38.2,70.7,-13.6,,,,,,,,,,,,,
Elon,2019,30,11,,52.2,51.5,34.6,37.8,69.5,-16.3,,,,,,,,,,,,,
Hofstra,2019,34,27,,54.5,51.5,38.7,35.3,69.0,-1.9,,,,,,,,,,,,,37.0
James Madison,2019,31,14,,47.5,52.6,36.6,35.7,66.4,-14.1,,,,,,,,,,,,,
Towson,2019,31,10,,47.6,50.8,32.6,35.7,64.8,-16.9,,,,,,,,,,,,,
UNC Wilmington,2019,32,10,,49.3,54.4,35.0,38.8,70.6,-16.7,,,,,,,,,,,,,
William & Mary,2019,30,14,,55.8,51.1,35.0,36.9,70.0,-11.1,,,,,,,,,,,,,
Charlotte,2016,33,14,,47.7,52.7,38.2,39.3,71.2,-12.7,,,,,,,,,,,,,
FIU,2016,30,11,,50.7,47.1,36.8,33.1,66.0,-14.6,,,,,,,,,,,,,
Florida Atlantic,2016,31,7,,44.2,49.0,34.1,35.4,68.4,-17.3,,,,,,,,,,,,,
Louisiana Tech,2016,31,21,,52.0,49.7,33.3,32.0,72.5,-4.3,,,,,,,,,,,,,44.0
Marshall,2016,33,17,,57.2,50.7,33.7,37.4,78.0,-8.7,,,,,,,,,,,,,
North Texas,2016,30,10,,49.8,52.7,32.2,36.2,70.7,-14.7,,,,,,,,,,,,,
Old Dominion,2016,38,25,,48.7,44.4,30.1,31.5,62.2,-6.5,,,,,,,,,,,,,43.0
Rice,2016,30,10,,53.4,52.7,31.9,41.8,70.7,-14.8,,,,,,,,,,,,,
Southern Miss,2016,27,7,,45.2,50.2,35.9,35.5,64.1,-15.9,,,,,,,,,,,,,
UAB,2016,32,25,,52.6,48.1,37.0,33.1,69.0,-1.0,,,,,,,,,,,,,42.0
UTEP,2016,32,18,,51.3,48.3,36.5,34.2,72.5,-9.7,,,,,,,,,,,,,39.0
UTSA,2016,30,4,,46.5,57.2,32.1,41.3,73.1,-20.4,,,,,,,,,,,,,
Western Kentucky,2016,32,16,,51.5,50.4,36.3,37.3,67.8,-9.5,,,,,,,,,,,,,
Charlotte,2017,29,13,,47.5,51.7,37.5,35.8,74.1,-10.6,,,,,,,,,,,,,
FIU,2017,29,7,,50.2,52.6,32.4,36.3,66.2,-18.9,,,,,,,,,,,,,
Florida Atlantic,2017,28,10,,45.5,49.2,31.4,37.0,70.3,-14.6,,,,,,,,,,,,,
Louisiana Tech,2017,31,23,,52.0,45.8,37.1,34.7,70.0,-4.8,,,,,,,,,,,,,
Marshall,2017,34,20,,51.8,51.3,37.4,34.6,78.9,-7.4,,,,,,,,,,,,,
North Texas,2017,28,8,,47.3,49.6,31.7,34.6,71.2,-17.6,,,,,,,,,,,,,
Old Dominion,2017,31,19,,44.5,44.0,32.4,33.6,62.6,-5.7,,,,,,,,,,,,,
Rice,2017,33,23,,50.9,49.7,38.9,33.9,73.9,-6.2,,,,,,,,,,,,,
Southern Miss,2017,29,9,,45.4,49.4,29.6,37.4,66.9,-16.7,,,,,,,,,,,,,
UAB,2017,32,17,,51.3,48.8,34.1,34.2,67.8,-9.4,,,,,,,,,,,,,43.0
UTEP,2017,31,15,,51.9,48.5,34.3,34.0,67.5,-11.6,,,,,,,,,,,,,
UTSA,2017,31,14,,43.7,48.4,26.7,34.8,69.5,-13.3,,,,,,,,,,,,,
Western Kentucky,2017,32,15,,48.5,50.4,35.4,36.8,67.5,-11.0,,,,,,,,,,,,,
Charlotte,2018,28,6,,46.5,54.2,34.6,37.1,72.4,-16.9,,,,,,,,,,,,,
FIU,2018,29,14,,47.2,50.6,31.3,33.7,69.9,-13.0,,,,,,,,,,,,,
Florida Atlantic,2018,28,12,,42.3,49.1,31.9,32.9,70.2,-12.7,,,,,,,,,,,,,
Louisiana Tech,2018,31,17,,48.2,48.6,36.7,36.4,68.5,-9.0,,,,,,,,,,,,,45.0
Middle Tennessee,2018,32,25,,51.9,50.4,37.1,31.5,67.7,0.8,,,,,,,,,,,,,41.0
North Texas,2018,36,20,,50.0,49.1,35.4,31.9,68.5,-10.2,,,,,,,,,,,,,
Old Dominion,2018,32,25,,49.3,45.6,35.7,33.8,66.0,-0.9,,,,,,,,,,,,,
Rice,2018,29,7,,48.0,51.7,32.1,36.0,68.9,-17.4,,,,,,,,,,,,,
Southern Miss,2018,30,16,,49.8,55.1,34.1,38.1,66.3,-9.9,,,,,,,,,,,,,
UAB,2018,31,20,,55.9,49.1,34.8,35.0,68.8,-6.1,,,,,,,,,,,,,
UTEP,2018,30,11,,49.0,48.8,33.1,35.3,68.9,-13.7,,,,,,,,,,,,,
UTSA,2018,32,20,,49.3,47.8,35.5,34.7,73.0,-7.1,,,,,,,,,,,,,
Western Kentucky,2018,37,27,,54.6,46.7,35.4,36.0,69.5,-1.2,,,,,,,,,,,,,47.0
Charlotte,2019,29,8,,49.2,49.9,31.1,35.5,65.9,-15.4,,,,,,,,,,,,,
FIU,2019,30,20,,52.2,53.6,29.3,34.8,79.1,-7.9,,,,,,,,,,,,,
Florida Atlantic,2019,30,17,,47.0,48.7,32.6,31.6,68.7,-9.0,,,,,,,,,,,,,
Louisiana Tech,2019,31,20,,49.3,49.1,33.7,33.0,67.0,-7.0,,,,,,,,,,,,,
Marshall,2019,37,23,,52.3,51.4,34.2,35.5,75.7,-6.4,,,,,,,,,,,,,43.0
Middle Tennessee,2019,30,11,,45.7,50.5,32.3,34.1,69.1,-13.3,,,,,,,,,,,,,
North Texas,2019,30,21,,50.5,46.4,31.7,32.8,66.9,-7.1,,,,,,,,,,,,,34.0
Rice,2019,30,13,,48.1,51.5,35.3,34.5,71.7,-13.0,,,,,,,,,,,,,
Southern Miss,2019,29,20,,49.9,47.1,39.1,34.2,66.0,-5.7,,,,,,,,,,,,,34.0
UAB,2019,33,20,,51.3,48.1,32.6,33.9,66.4,-7.4,,,,,,,,,,,,,
UTEP,2019,27,8,,44.3,46.6,32.0,36.2,69.3,-15.5,,,,,,,,,,,,,
UTSA,2019,28,17,,48.0,50.0,34.3,32.5,73.3,-8.8,,,,,,,,,,,,,
Western Kentucky,2019,34,20,,50.2,47.0,32.7,34.5,69.2,-5.5,,,,,,,,,,,,,53.0
Cleveland St.,2016,30,7,,43.4,50.7,32.0,35.5,64.9,-15.9,,,,,,,,,,,,,
Detroit,2016,29,14,,50.6,53.7,36.5,35.6,74.5,-8.4,,,,,,,,,,,,,
Illinois Chicago,2016,28,3,,40.3,46.6,30.4,36.4,72.2,-19.6,,,,,,,,,,,,,
Milwaukee,2016,31,18,,51.9,48.7,35.9,38.3,67.1,-6.7,,,,,,,,,,,,,
Northern Kentucky,2016,28,7,,48.6,47.9,35.3,36.8,68.2,-14.0,,,,,,,,,,,,,
Oakland,2016,35,23,,49.3,48.1,39.8,34.9,74.5,-3.4,,,,,,,,,,,,,
Valparaiso,2016,35,28,,48.3,41.5,36.5,33.9,67.5,0.4,,,,,,,,,,,,,37.0
Wright St.,2016,33,20,,48.3,48.1,37.8,33.0,66.3,-6.1,,,,,,,,,,,,,
Youngstown St.,2016,30,9,,45.5,54.5,37.0,34.6,73.2,-14.0,,,,,,,,,,,,,
Cleveland St.,2017,30,9,,46.5,51.7,30.7,35.3,67.2,-15.7,,,,,,,,,,,,,
Detroit,2017,30,8,,48.4,57.3,37.0,37.6,73.8,-17.1,,,,,,,,,,,,,
Green Bay,2017,30,18,,48.7,48.7,31.6,36.3,75.5,-7.7,,,,,,,,,,,,,
Illinois Chicago,2017,34,17,,47.6,45.7,37.0,36.0,73.2,-13.3,,,,,,,,,,,,,
Milwaukee,2017,34,11,,49.8,54.2,34.9,35.7,63.8,-17.8,,,,,,,,,,,,,
Oakland,2017,32,25,,51.9,45.3,33.3,32.2,73.4,-3.6,,,,,,,,,,,,,40.0
Valparaiso,2017,32,24,,50.5,46.4,33.0,32.8,68.7,-2.0,,,,,,,,,,,,,31.0
Wright St.,2017,30,20,,49.4,52.0,37.2,34.8,70.5,-6.8,,,,,,,,,,,,,
Youngstown St.,2017,32,13,,49.0,53.5,32.8,34.6,73.1,-15.4,,,,,,,,,,,,,
Cleveland St.,2018,34,12,,50.4,52.5,34.0,35.9,68.2,-16.7,,,,,,,,,,,,,
Detroit,2018,30,8,,48.5,54.1,33.3,40.6,73.8,-18.0,,,,,,,,,,,,,
Green Bay,2018,30,13,,44.7,51.7,36.2,33.1,73.2,-14.4,,,,,,,,,,,,,
Illinois Chicago,2018,34,20,,49.8,45.8,34.9,32.3,73.3,-10.0,,,,,,,,,,,,,
IUPUI,2018,28,11,,45.2,55.6,35.5,35.3,67.3,-13.5,,,,,,,,,,,,,
Milwaukee,2018,31,16,,50.9,46.5,33.9,37.4,66.8,-10.9,,,,,,,,,,,,,
Northern Kentucky,2018,30,22,,55.7,46.7,34.0,31.8,69.6,-4.5,,,,,,,,,,,,,
Oakland,2018,33,19,,51.4,48.5,35.2,37.3,72.0,-8.0,,,,,,,,,,,,,44.0
Youngstown St.,2018,30,8,,46.5,57.4,33.2,40.8,72.4,-17.9,,,,,,,,,,,,,
Cleveland St.,2019,29,10,,48.9,53.2,36.5,32.9,70.7,-15.2,,,,,,,,,,,,,
Detroit,2019,31,11,,46.7,56.2,35.6,34.5,70.1,-12.3,,,,,,,,,,,,,
Green Bay,2019,36,21,,51.4,52.5,34.5,34.4,74.7,-8.4,,,,,,,,,,,,,
Illinois Chicago,2019,30,16,,54.1,46.8,34.9,33.8,71.6,-10.1,,,,,,,,,,,,,
IUPUI,2019,31,16,,50.5,50.7,33.0,37.0,70.4,-10.4,,,,,,,,,,,,,
Milwaukee,2019,30,9,,46.5,53.0,33.8,33.3,67.6,-16.1,,,,,,,,,,,,,
Oakland,2019,32,16,,52.3,53.2,37.9,35.2,69.8,-10.3,,,,,,,,,,,,,
Wright St.,2019,33,21,,50.4,52.1,34.6,36.5,66.6,-6.6,,,,,,,,,,,,,
Youngstown St.,2019,30,12,,48.5,55.0,34.1,34.2,68.7,-14.0,,,,,,,,,,,,,
Brown,2016,27,7,,47.8,48.5,35.9,36.6,71.6,-14.0,,,,,,,,,,,,,
Columbia,2016,33,23,,50.5,50.2,38.1,35.7,65.9,-4.3,,,,,,,,,,,,,
Cornell,2016,27,9,,47.0,49.7,34.1,36.4,73.3,-11.6,,,,,,,,,,,,,
Dartmouth,2016,27,9,,45.9,52.7,34.3,35.1,68.2,-12.4,,,,,,,,,,,,,
Harvard,2016,28,12,,48.1,46.4,39.2,31.3,66.9,-8.9,,,,,,,,,,,,,
Penn,2016,27,10,,51.3,48.7,30.4,34.8,68.6,-10.9,,,,,,,,,,,,,
Princeton,2016,28,21,,52.0,47.6,38.1,35.4,69.5,-0.1,,,,,,,,,,,,,
Brown,2017,28,13,,49.0,58.6,35.6,37.4,72.7,-11.6,,,,,,,,,,,,,
Columbia,2017,26,11,,47.1,50.4,36.1,36.1,70.3,-11.1,,,,,,,,,,,,,
Cornell,2017,28,8,,53.6,51.1,33.3,35.6,71.4,-14.6,,,,,,,,,,,,,
Dartmouth,2017,27,7,,48.1,53.7,35.2,35.1,68.7,-14.7,,,,,,,,,,,,,
Harvard,2017,26,18,,51.2,47.8,35.9,31.2,68.1,-5.1,,,,,,,,,,,,,48.0
Penn,2017,28,13,,52.2,45.3,33.9,36.0,68.1,-8.9,,,,,,,,,,,,,
Yale,2017,28,18,,51.8,49.6,35.5,33.2,69.2,-4.8,,,,,,,,,,,,,43.0
Brown,2018,26,11,,48.6,53.9,32.1,37.0,72.7,-11.6,,,,,,,,,,,,,
Columbia,2018,26,8,,49.9,51.6,37.2,38.4,71.1,-13.6,,,,,,,,,,,,,
Cornell,2018,27,12,,54.0,49.9,33.4,39.3,70.6,-10.9,,,,,,,,,,,,,
Dartmouth,2018,26,7,,49.7,55.5,36.0,35.1,67.9,-15.4,,,,,,,,,,,,,
Harvard,2018,31,18,,48.5,47.7,35.4,34.1,66.8,-6.8,,,,,,,,,,,,,47.0
Princeton,2018,28,13,,52.1,51.2,37.3,35.9,65.6,-10.1,,,,,,,,,,,,,
Yale,2018,30,16,,55.3,53.4,32.8,33.7,70.2,-8.3,,,,,,,,,,,,,
Brown,2019,30,20,,50.2,50.1,33.8,30.0,72.4,-5.7,,,,,,,,,,,,,
Columbia,2019,26,10,,50.6,51.0,35.4,35.8,68.9,-12.5,,,,,,,,,,,,,
Cornell,2019,29,15,,52.3,50.6,32.9,33.7,69.3,-8.5,,,,,,,,,,,,,
Dartmouth,2019,28,11,,50.6,54.6,35.8,33.1,67.4,-12.9,,,,,,,,,,,,,
Harvard,2019,30,19,,52.7,49.6,36.1,34.2,68.4,-3.6,,,,,,,,,,,,,
Penn,2019,30,19,,52.9,48.7,34.7,33.3,68.6,-5.1,,,,,,,,,,,,,38.0
Princeton,2019,26,16,,48.1,50.3,30.3,32.5,68.8,-5.6,,,,,,,,,,,,,
Canisius,2016,33,14,,47.5,53.6,34.1,38.0,68.5,-13.7,,,,,,,,,,,,,
Fairfield,2016,33,19,,50.0,49.1,35.4,33.7,72.4,-7.1,,,,,,,,,,,,,
Manhattan,2016,31,13,,47.6,52.9,36.1,33.7,68.8,-12.6,,,,,,,,,,,,,
Marist,2016,30,7,,48.1,51.6,34.2,38.2,68.9,-18.8,,,,,,,,,,,,,
Monmouth,2016,36,28,,47.2,45.3,36.6,31.4,73.6,-0.2,,,,,,,,,,,,,37.0
Niagara,2016,32,7,,46.2,46.4,28.2,35.7,66.8,-19.4,,,,,,,,,,,,,
Quinnipiac,2016,30,9,,38.3,46.5,34.1,31.0,69.6,-16.7,,,,,,,,,,,,,
Rider,2016,33,13,,48.9,45.7,31.5,34.0,65.3,-14.1,,,,,,,,,,,,,
Saint Peter's,2016,30,14,,47.0,45.7,32.7,34.1,65.7,-10.7,,,,,,,,,,,,,
Siena,2016,34,21,,50.7,46.7,36.8,32.1,71.1,-6.4,,,,,,,,,,,,,
Canisius,2017,34,18,,51.4,56.0,37.1,34.3,70.8,-9.0,,,,,,,,,,,,,
Fairfield,2017,31,16,,52.0,49.4,33.5,33.1,70.7,-9.1,,,,,,,,,,,,,
Manhattan,2017,32,10,,46.3,48.1,32.9,39.2,70.7,-15.7,,,,,,,,,,,,,
Marist,2017,32,8,,49.9,50.5,33.3,37.7,68.6,-17.8,,,,,,,,,,,,,
Monmouth,2017,34,27,,47.6,45.1,37.3,33.4,73.8,0.5,,,,,,,,,,,,,43.0
Niagara,2017,33,10,,44.0,48.1,36.6,36.6,70.3,-17.9,,,,,,,,,,,,,
Quinnipiac,2017,31,10,,47.4,50.5,32.6,38.0,74.3,-15.5,,,,,,,,,,,,,
Rider,2017,33,18,,48.7,48.0,33.2,33.7,73.5,-10.1,,,,,,,,,,,,,
Saint Peter's,2017,36,23,,47.3,48.4,38.1,31.9,62.6,-7.6,,,,,,,,,,,,,
Siena,2017,34,17,,50.2,50.0,32.7,33.9,70.0,-10.2,,,,,,,,,,,,,
Canisius,2018,33,21,,55.9,51.7,34.8,32.1,70.0,-6.5,,,,,,,,,,,,,
Fairfield,2018,33,17,,51.8,49.0,33.9,39.3,71.6,-10.5,,,,,,,,,,,,,
Manhattan,2018,31,14,,46.8,49.1,40.0,34.5,67.1,-12.3,,,,,,,,,,,,,
Marist,2018,31,6,,53.0,50.8,34.9,36.9,70.5,-20.2,,,,,,,,,,,,,
Monmouth,2018,31,11,,49.3,49.9,38.9,35.4,71.2,-13.7,,,,,,,,,,,,,
Niagara,2018,33,19,,49.2,50.2,35.8,38.0,74.7,-8.2,,,,,,,,,,,,,
Quinnipiac,2018,33,12,,49.8,50.2,33.9,39.6,67.7,-16.3,,,,,,,,,,,,,
Rider,2018,32,22,,52.0,50.5,35.8,37.1,74.9,-3.4,,,,,,,,,,,,,
Saint Peter's,2018,32,14,,48.1,47.8,33.7,32.9,63.9,-13.0,,,,,,,,,,,,,
Siena,2018,32,8,,44.7,50.1,36.7,34.9,67.3,-18.6,,,,,,,,,,,,,
Canisius,2019,32,15,,52.0,53.3,32.4,36.0,69.2,-11.7,,,,,,,,,,,,,
Fairfield,2019,31,9,,49.5,51.2,35.0,36.6,69.3,-17.8,,,,,,,,,,,,,
Manhattan,2019,32,11,,45.6,48.6,33.2,36.1,63.3,-17.4,,,,,,,,,,,,,
Marist,2019,31,12,,50.8,52.6,36.3,35.5,65.9,-15.1,,,,,,,,,,,,,
Monmouth,2019,35,14,,46.4,48.4,29.7,35.8,68.9,-15.4,,,,,,,,,,,,,
Niagara,2019,32,13,,46.1,51.3,35.9,38.0,71.1,-15.5,,,,,,,,,,,,,
Quinnipiac,2019,31,16,,48.5,50.1,37.7,34.5,68.1,-10.8,,,,,,,,,,,,,
Rider,2019,31,16,,50.4,53.6,34.0,35.9,75.1,-10.1,,,,,,,,,,,,,
Saint Peter's,2019,32,10,,48.8,46.7,32.5,38.6,64.9,-17.1,,,,,,,,,,,,,
Siena,2019,33,17,,52.1,51.9,33.9,36.0,61.9,-11.9,,,,,,,,,,,,,
Akron,2016,34,25,,48.0,47.5,38.2,30.1,68.3,-1.4,,,,,,,,,,,,,45.0
Ball St.,2016,34,20,,49.9,43.7,36.9,35.1,66.2,-8.3,,,,,,,,,,,,,
Bowling Green,2016,32,14,,47.2,47.3,35.4,37.9,69.3,-11.9,,,,,,,,,,,,,
Central Michigan,2016,30,14,,50.8,50.7,35.2,34.4,67.4,-9.2,,,,,,,,,,,,,49.0
Eastern Michigan,2016,29,14,,49.5,47.6,31.5,36.8,71.2,-7.8,,,,,,,,,,,,,
Kent St.,2016,31,18,,49.0,49.5,32.8,35.9,68.2,-7.0,,,,,,,,,,,,,
Miami OH,2016,32,12,,44.8,49.2,30.8,35.9,65.3,-13.4,,,,,,,,,,,,,
Northern Illinois,2016,30,17,,44.8,46.4,35.6,35.2,68.6,-6.7,,,,,,,,,,,,,
Ohio,2016,34,22,,52.3,47.1,38.2,36.4,70.7,-5.3,,,,,,,,,,,,,
Toledo,2016,31,16,,51.7,46.6,36.3,38.9,70.0,-9.8,,,,,,,,,,,,,
Western Michigan,2016,30,11,,46.3,51.0,33.7,35.6,69.0,-12.2,,,,,,,,,,,,,
Akron,2017,35,27,,55.0,49.0,36.8,36.8,67.4,-1.9,,,,,,,,,,,,,36.0
Ball St.,2017,33,21,,51.7,46.2,37.6,35.6,72.2,-6.8,,,,,,,,,,,,,
Bowling Green,2017,31,13,,46.5,53.3,34.1,35.2,71.5,-12.9,,,,,,,,,,,,,
Buffalo,2017,30,17,,51.4,45.8,33.0,35.1,72.4,-8.3,,,,,,,,,,,,,
Central Michigan,2017,30,16,,48.5,53.9,36.4,35.1,76.3,-10.8,,,,,,,,,,,,,
Eastern Michigan,2017,29,16,,48.0,50.2,33.6,33.9,69.6,-10.2,,,,,,,,,,,,,
Miami OH,2017,30,11,,49.8,50.8,30.9,34.8,70.0,-15.6,,,,,,,,,,,,,
Northern Illinois,2017,29,15,,46.6,49.8,30.6,34.9,68.2,-12.1,,,,,,,,,,,,,
Ohio,2017,30,20,,50.0,46.8,38.5,32.1,71.6,-6.0,,,,,,,,,,,,,40.0
Toledo,2017,33,17,,54.6,52.3,36.1,32.3,68.1,-9.6,,,,,,,,,,,,,
Western Michigan,2017,31,16,,48.2,53.9,38.3,36.1,69.3,-9.2,,,,,,,,,,,,,
Akron,2018,31,14,,49.9,54.1,35.6,36.1,68.9,-12.1,,,,,,,,,,,,,
Ball St.,2018,31,19,,51.7,46.3,33.9,36.6,71.1,-6.8,,,,,,,,,,,,,41.0
Bowling Green,2018,30,16,,45.1,51.2,34.3,36.3,71.5,-10.8,,,,,,,,,,,,,
Central Michigan,2018,33,21,,50.5,53.1,34.4,34.5,68.3,-9.1,,,,,,,,,,,,,
Eastern Michigan,2018,31,22,,52.0,44.6,33.6,34.6,66.0,-6.6,,,,,,,,,,,,,
Kent St.,2018,33,17,,48.8,51.2,32.4,33.9,69.8,-10.5,,,,,,,,,,,,,
Miami OH,2018,32,16,,50.0,51.9,33.5,33.7,67.7,-10.5,,,,,,,,,,,,,
Northern Illinois,2018,30,12,,49.8,54.6,32.6,36.0,68.3,-13.0,,,,,,,,,,,,,
Ohio,2018,30,14,,48.4,50.7,37.2,32.4,72.7,-10.9,,,,,,,,,,,,,
Toledo,2018,33,23,,51.4,48.5,40.6,34.4,69.5,-4.5,,,,,,,,,,,,,
Western Michigan,2018,30,17,,48.0,52.5,34.5,37.6,68.9,-9.5,,,,,,,,,,,,,
Akron,2019,31,17,,48.8,46.1,31.7,29.6,67.5,-8.1,,,,,,,,,,,,,
Ball St.,2019,32,16,,53.5,46.8,32.2,32.1,71.6,-8.6,,,,,,,,,,,,,
Bowling Green,2019,32,22,,48.8,50.0,35.8,34.6,71.5,-4.3,,,,,,,,,,,,,
Central Michigan,2019,32,23,,48.9,53.6,36.9,29.3,72.4,-4.0,,,,,,,,,,,,,
Eastern Michigan,2019,28,15,,50.5,50.4,29.9,34.2,64.4,-8.1,,,,,,,,,,,,,
Kent St.,2019,31,22,,49.1,53.2,33.6,34.7,68.9,-2.7,,,,,,,,,,,,,
Miami OH,2019,30,15,,48.7,51.3,32.3,33.9,67.6,-8.7,,,,,,,,,,,,,
Northern Illinois,2019,32,17,,51.6,50.0,36.5,36.1,67.3,-8.9,,,,,,,,,,,,,
Ohio,2019,30,14,,50.7,48.9,29.7,35.9,70.8,-8.7,,,,,,,,,,,,,
Toledo,2019,32,25,,50.4,46.6,38.0,31.5,69.0,-0.1,,,,,,,,,,,,,34.0
Western Michigan,2019,31,8,,49.4,50.1,30.5,36.9,70.5,-15.2,,,,,,,,,,,,,
Bethune Cookman,2016,30,12,,47.4,48.4,31.1,34.6,67.8,-13.8,,,,,,,,,,,,,
Coppin St.,2016,29,7,,40.6,51.8,33.4,36.7,71.1,-16.2,,,,,,,,,,,,,
Delaware St.,2016,30,5,,42.4,52.8,32.4,33.3,67.1,-20.0,,,,,,,,,,,,,
Florida A&M,2016,27,6,,44.4,50.4,30.4,33.3,70.4,-18.3,,,,,,,,,,,,,
Howard,2016,30,10,,43.4,48.6,29.5,33.5,71.5,-16.1,,,,,,,,,,,,,
Maryland Eastern Shore,2016,31,9,,49.5,53.0,32.4,35.3,68.3,-15.5,,,,,,,,,,,,,
Morgan St.,2016,30,8,,43.6,52.5,30.1,31.2,70.0,-17.4,,,,,,,,,,,,,
Norfolk St.,2016,32,15,,46.7,46.1,34.7,38.0,68.4,-11.0,,,,,,,,,,,,,
North Carolina A&T,2016,31,10,,44.8,51.7,31.8,33.8,68.7,-16.8,,,,,,,,,,,,,
North Carolina Central,2016,29,10,,46.3,49.3,33.9,34.0,66.6,-15.6,,,,,,,,,,,,,
Savannah St.,2016,30,14,,44.2,48.6,31.1,34.2,67.1,-11.2,,,,,,,,,,,,,
South Carolina St.,2016,32,17,,49.6,49.9,33.6,34.6,68.5,-9.5,,,,,,,,,,,,,
Bethune Cookman,2017,30,10,,45.9,54.7,32.3,33.6,69.6,-18.7,,,,,,,,,,,,,
Coppin St.,2017,30,8,,41.7,55.0,31.7,35.6,70.0,-17.8,,,,,,,,,,,,,
Delaware St.,2017,30,10,,44.7,52.6,35.1,34.7,67.3,-17.4,,,,,,,,,,,,,
Florida A&M,2017,28,7,,44.7,52.5,33.9,36.1,71.2,-20.2,,,,,,,,,,,,,
Hampton,2017,29,14,,45.0,47.5,32.2,35.6,69.5,-12.5,,,,,,,,,,,,,
Howard,2017,32,10,,43.3,47.2,29.0,36.0,68.7,-18.0,,,,,,,,,,,,,
Maryland Eastern Shore,2017,32,14,,46.5,52.2,34.4,35.9,69.8,-13.7,,,,,,,,,,,,,
Morgan St.,2017,29,14,,42.0,51.7,29.2,28.9,69.2,-13.1,,,,,,,,,,,,,
Norfolk St.,2017,32,17,,46.1,45.4,33.2,34.7,69.8,-10.9,,,,,,,,,,,,,
North Carolina A&T,2017,30,3,,47.3,50.1,32.2,38.3,64.6,-25.2,,,,,,,,,,,,,
Savannah St.,2017,27,13,,52.0,55.9,31.8,32.6,83.3,-11.0,,,,,,,,,,,,,
South Carolina St.,2017,29,11,,47.1,55.7,32.0,34.4,69.4,-13.1,,,,,,,,,,,,,
Bethune Cookman,2018,30,18,,51.0,47.6,31.2,33.6,76.9,-11.4,,,,,,,,,,,,,
Coppin St.,2018,32,5,,41.0,48.3,30.5,33.7,68.7,-20.9,,,,,,,,,,,,,
Delaware St.,2018,30,4,,46.1,53.8,33.2,38.9,66.2,-24.1,,,,,,,,,,,,,
Florida A&M,2018,33,9,,44.8,54.4,35.1,34.8,68.4,-19.1,,,,,,,,,,,,,
Hampton,2018,32,19,,49.1,48.2,32.0,33.3,72.8,-11.1,,,,,,,,,,,,,
Howard,2018,31,10,,46.7,53.7,34.9,35.3,71.4,-18.6,,,,,,,,,,,,,
Maryland Eastern Shore,2018,30,7,,44.3,54.3,27.5,36.8,66.4,-19.3,,,,,,,,,,,,,
Morgan St.,2018,30,13,,44.8,51.9,32.0,34.6,70.0,-15.8,,,,,,,,,,,,,
Norfolk St.,2018,30,14,,46.1,47.3,37.0,35.7,70.0,-13.0,,,,,,,,,,,,,
North Carolina A&T,2018,33,20,,54.3,52.5,30.3,33.1,70.1,-10.3,,,,,,,,,,,,,
Savannah St.,2018,30,15,,51.5,58.0,30.2,36.2,83.4,-9.6,,,,,,,,,,,,,
South Carolina St.,2018,30,10,,45.7,57.8,32.7,36.3,71.9,-17.3,,,,,,,,,,,,,
Bethune Cookman,2019,29,14,,48.3,48.7,32.4,30.9,73.3,-13.2,,,,,,,,,,,,,
Coppin St.,2019,33,8,,47.7,47.1,28.6,36.5,71.7,-18.1,,,,,,,,,,,,,
Delaware St.,2019,29,6,,37.7,52.6,29.0,34.7,71.6,-21.7,,,,,,,,,,,,,
Florida A&M,2019,29,12,,46.9,50.4,36.4,30.2,66.4,-14.1,,,,,,,,,,,,,
Howard,2019,31,17,,45.5,50.8,36.8,35.5,72.5,-12.8,,,,,,,,,,,,,
Maryland Eastern Shore,2019,30,7,,44.5,53.2,27.9,37.3,64.5,-19.9,,,,,,,,,,,,,
Morgan St.,2019,28,9,,41.5,52.4,33.1,36.7,73.6,-17.3,,,,,,,,,,,,,
Norfolk St.,2019,33,22,,46.1,48.0,37.0,33.9,70.2,-9.0,,,,,,,,,,,,,
North Carolina A&T,2019,30,19,,51.0,49.5,34.1,31.7,67.3,-8.4,,,,,,,,,,,,,
Savannah St.,2019,30,11,,53.7,53.5,29.2,36.1,77.7,-15.0,,,,,,,,,,,,,
South Carolina St.,2019,32,8,,46.5,57.1,32.4,36.9,68.3,-20.2,,,,,,,,,,,,,
Bradley,2016,31,4,,43.9,48.7,27.7,34.5,68.1,-17.7,,,,,,,,,,,,,
Drake,2016,30,6,,47.2,49.6,38.2,37.7,66.3,-16.9,,,,,,,,,,,,,
Evansville,2016,33,24,,53.2,44.4,35.9,32.6,69.5,-1.4,,,,,,,,,,,,,
Illinois St.,2016,31,17,,46.2,48.7,33.3,31.9,68.3,-5.5,,,,,,,,,,,,,
Indiana St.,2016,31,14,,44.7,46.5,29.9,32.4,71.2,-8.9,,,,,,,,,,,,,
Loyola Chicago,2016,31,14,,45.9,48.2,35.3,34.9,65.7,-9.3,,,,,,,,,,,,,
Missouri St.,2016,31,12,,45.3,49.1,32.0,37.2,69.8,-10.6,,,,,,,,,,,,,
Southern Illinois,2016,32,22,,51.0,52.6,34.3,31.8,70.5,-3.3,,,,,,,,,,,,,
Bradley,2017,32,13,,46.1,46.8,35.3,34.7,69.0,-11.2,,,,,,,,,,,,,
Drake,2017,29,7,,45.3,52.0,34.6,36.8,71.0,-15.8,,,,,,,,,,,,,
Evansville,2017,31,16,,47.2,47.9,36.9,34.9,68.0,-8.9,,,,,,,,,,,,,
Illinois St.,2017,34,28,,48.6,41.1,37.0,32.5,66.2,1.8,,,,,,,,,,,,,33.0
Indiana St.,2017,30,11,,45.8,44.2,33.9,37.3,71.1,-11.8,,,,,,,,,,,,,
Loyola Chicago,2017,30,18,,53.5,49.6,38.9,37.3,67.1,-7.2,,,,,,,,,,,,,35.0
Missouri St.,2017,32,17,,48.8,49.2,36.2,35.0,67.4,-8.5,,,,,,,,,,,,,
Northern Iowa,2017,29,14,,45.3,47.6,32.3,36.8,64.7,-6.8,,,,,,,,,,,,,43.0
Southern Illinois,2017,32,17,,47.9,48.2,31.6,39.4,66.8,-7.2,,,,,,,,,,,,,
Bradley,2018,32,20,,46.6,46.2,35.6,33.3,67.0,-5.6,,,,,,,,,,,,,
Drake,2018,33,17,,48.4,52.3,35.6,33.6,69.3,-8.1,,,,,,,,,,,,,
Evansville,2018,30,17,,44.5,48.5,39.8,34.4,66.7,-7.7,,,,,,,,,,,,,
Illinois St.,2018,32,18,,49.4,50.3,33.6,31.3,70.1,-5.9,,,,,,,,,,,,,
Indiana St.,2018,29,13,,46.5,50.1,35.9,35.7,71.1,-10.3,,,,,,,,,,,,,
Missouri St.,2018,32,18,,49.4,46.0,32.9,33.5,66.7,-8.0,,,,,,,,,,,,,
Northern Iowa,2018,30,16,,47.3,46.4,33.5,37.0,63.7,-7.1,,,,,,,,,,,,,39.0
Southern Illinois,2018,32,20,,51.5,50.9,35.7,33.3,67.9,-5.3,,,,,,,,,,,,,
Valparaiso,2018,30,15,,50.5,48.6,34.1,32.2,70.9,-9.7,,,,,,,,,,,,,42.0
Drake,2019,32,24,,53.2,50.8,35.7,30.0,70.6,-2.9,,,,,,,,,,,,,
Evansville,2019,30,11,,47.9,49.0,34.2,34.8,71.0,-14.5,,,,,,,,,,,,,
Illinois St.,2019,32,17,,49.1,51.5,32.7,34.0,68.2,-9.0,,,,,,,,,,,,,
Indiana St.,2019,29,15,,46.7,52.1,35.6,33.7,70.2,-9.5,,,,,,,,,,,,,
Loyola Chicago,2019,33,20,,55.0,48.7,36.7,36.6,64.2,-7.2,,,,,,,,,,,,,48.0
Missouri St.,2019,31,16,,51.4,49.4,33.9,40.3,67.4,-9.9,,,,,,,,,,,,,
Northern Iowa,2019,32,16,,46.2,51.0,35.0,34.2,65.6,-11.0,,,,,,,,,,,,,
Southern Illinois,2019,32,17,,51.2,47.6,37.4,35.1,67.2,-8.2,,,,,,,,,,,,,49.0
Valparaiso,2019,31,15,,50.1,49.8,31.0,33.4,66.4,-12.2,,,,,,,,,,,,,
Air Force,2016,30,12,,47.0,51.3,33.4,34.9,67.9,-10.9,,,,,,,,,,,,,
Boise St.,2016,30,18,,53.7,50.9,32.6,36.0,70.3,-3.6,,,,,,,,,,,,,40.0
Colorado St.,2016,32,16,,46.5,51.4,36.2,35.4,68.9,-8.5,,,,,,,,,,,,,44.0
Nevada,2016,36,22,,46.3,44.9,29.1,32.3,72.2,-5.1,,,,,,,,,,,,,
New Mexico,2016,32,17,,51.0,48.4,36.3,32.5,71.8,-6.8,,,,,,,,,,,,,44.0
San Diego St.,2016,36,26,,46.3,41.6,32.6,29.4,65.9,0.1,,,,,,,,,,,,,40.0
San Jose St.,2016,28,6,,48.2,47.9,29.8,35.4,70.6,-15.4,,,,,,,,,,,,,
UNLV,2016,31,16,,50.1,46.1,32.8,32.7,73.6,-6.3,,,,,,,,,,,,,46.0
Utah St.,2016,29,14,,49.2,50.1,37.9,35.2,67.7,-7.4,,,,,,,,,,,,,
Wyoming,2016,30,12,,50.8,48.4,37.2,35.4,65.6,-10.6,,,,,,,,,,,,,
Air Force,2017,31,12,,47.0,54.4,36.2,36.6,68.4,-14.1,,,,,,,,,,,,,
Boise St.,2017,31,20,,51.5,47.1,34.8,34.2,70.5,-3.2,,,,,,,,,,,,,
Colorado St.,2017,34,24,,46.6,46.6,34.1,31.4,67.8,-2.8,,,,,,,,,,,,,
Fresno St.,2017,31,20,,49.5,47.2,35.6,33.6,69.8,-3.9,,,,,,,,,,,,,
New Mexico,2017,31,17,,50.7,47.5,32.7,36.9,70.4,-5.4,,,,,,,,,,,,,
San Diego St.,2017,32,19,,47.5,42.9,31.6,32.1,66.1,-6.0,,,,,,,,,,,,,39.0
San Jose St.,2017,28,14,,47.7,52.0,33.7,34.3,72.1,-9.0,,,,,,,,,,,,,
UNLV,2017,32,11,,43.5,48.9,32.0,37.8,70.1,-12.6,,,,,,,,,,,,,
Utah St.,2017,30,15,,50.0,47.7,38.0,34.5,68.1,-9.2,,,,,,,,,,,,,
Wyoming,2017,36,23,,50.7,45.7,35.1,31.4,74.2,-7.5,,,,,,,,,,,,,
Air Force,2018,29,12,,46.8,51.3,32.5,39.7,66.9,-11.8,,,,,,,,,,,,,
Boise St.,2018,31,23,,52.0,48.4,37.5,33.0,70.1,-0.4,,,,,,,,,,,,,37.0
Colorado St.,2018,31,11,,46.4,53.7,33.0,35.8,71.0,-11.9,,,,,,,,,,,,,
Fresno St.,2018,30,21,,52.7,46.7,39.0,36.8,67.7,-3.8,,,,,,,,,,,,,
New Mexico,2018,33,19,,51.4,53.7,37.1,38.1,72.2,-6.1,,,,,,,,,,,,,
San Jose St.,2018,29,4,,46.2,53.3,36.2,35.4,68.3,-18.5,,,,,,,,,,,,,
UNLV,2018,33,20,,54.8,46.7,33.4,35.2,73.8,-4.8,,,,,,,,,,,,,41.0
Utah St.,2018,33,17,,52.5,50.7,36.0,36.0,68.0,-8.0,,,,,,,,,,,,,
Wyoming,2018,32,20,,52.7,48.6,34.2,37.0,74.5,-3.8,,,,,,,,,,,,,
Air Force,2019,31,14,,53.1,53.6,32.3,35.7,67.8,-10.8,,,,,,,,,,,,,
Boise St.,2019,32,13,,54.7,52.0,35.2,34.3,66.9,-11.9,,,,,,,,,,,,,
Colorado St.,2019,31,12,,55.5,53.5,35.2,35.0,68.5,-13.0,,,,,,,,,,,,,
Fresno St.,2019,31,23,,51.9,50.2,38.2,30.7,69.2,-2.0,,,,,,,,,,,,,
New Mexico,2019,31,14,,47.8,50.8,34.4,35.5,74.1,-10.3,,,,,,,,,,,,,
San Diego St.,2019,33,21,,47.9,47.2,35.6,33.0,68.0,-4.2,,,,,,,,,,,,,41.0
San Jose St.,2019,30,4,,44.1,56.3,33.0,37.3,71.0,-20.3,,,,,,,,,,,,,
UNLV,2019,31,17,,48.8,49.7,33.7,35.7,69.1,-7.5,,,,,,,,,,,,,
Wyoming,2019,31,8,,47.1,51.6,34.5,34.6,69.9,-17.6,,,,,,,,,,,,,
Bryant,2016,30,7,,46.9,53.1,32.0,32.7,68.2,-17.7,,,,,,,,,,,,,
Central Connecticut,2016,29,4,,42.3,53.2,34.2,35.9,68.4,-21.9,,,,,,,,,,,,,
LIU Brooklyn,2016,31,16,,49.5,48.8,29.7,37.0,73.0,-12.5,,,,,,,,,,,,,
Mount St. Mary's,2016,33,14,,44.8,50.1,31.7,33.7,69.8,-13.9,,,,,,,,,,,,,
Robert Morris,2016,32,10,,49.6,48.9,27.6,33.5,69.1,-17.3,,,,,,,,,,,,,
Sacred Heart,2016,30,12,,49.2,49.6,31.1,35.9,72.2,-13.8,,,,,,,,,,,,,
St. Francis NY,2016,31,14,,46.2,45.6,30.3,33.1,66.4,-13.7,,,,,,,,,,,,,
St. Francis PA,2016,29,12,,45.3,52.3,35.8,32.1,67.0,-13.5,,,,,,,,,,,,,
Wagner,2016,33,22,,46.4,45.6,33.6,32.7,66.7,-7.0,,,,,,,,,,,,,
Bryant,2017,31,12,,49.2,52.1,33.7,33.6,70.5,-14.7,,,,,,,,,,,,,
Central Connecticut,2017,29,6,,44.6,52.2,35.1,38.0,66.5,-19.6,,,,,,,,,,,,,
Fairleigh Dickinson,2017,29,11,,49.8,51.9,32.7,34.4,70.6,-13.9,,,,,,,,,,,,,
LIU Brooklyn,2017,31,20,,47.0,47.6,34.8,35.4,68.3,-8.7,,,,,,,,,,,,,
Robert Morris,2017,33,14,,43.8,50.0,31.9,29.8,70.2,-13.5,,,,,,,,,,,,,
Sacred Heart,2017,32,13,,49.2,50.5,33.5,37.9,72.7,-15.1,,,,,,,,,,,,,
St. Francis NY,2017,30,4,,40.1,52.2,28.2,36.0,68.5,-22.5,,,,,,,,,,,,,
St. Francis PA,2017,33,17,,50.4,47.3,38.1,36.9,71.4,-11.9,,,,,,,,,,,,,
Wagner,2017,29,16,,47.1,46.0,32.5,33.5,64.4,-10.7,,,,,,,,,,,,,47.0
Bryant,2018,31,3,,45.5,55.4,34.4,40.5,71.3,-23.0,,,,,,,,,,,,,
Central Connecticut,2018,32,14,,51.8,48.9,32.9,36.4,65.9,-13.8,,,,,,,,,,,,,
Fairleigh Dickinson,2018,29,13,,49.3,50.1,33.9,36.0,71.7,-13.1,,,,,,,,,,,,,
Mount St. Mary's,2018,30,18,,52.3,51.6,37.3,34.6,66.0,-10.1,,,,,,,,,,,,,39.0
Robert Morris,2018,33,16,,45.9,51.1,33.2,32.8,70.6,-11.8,,,,,,,,,,,,,
Sacred Heart,2018,30,10,,50.3,50.9,29.9,33.9,69.6,-16.9,,,,,,,,,,,,,
St. Francis NY,2018,29,13,,46.4,54.1,34.6,34.1,70.3,-14.6,,,,,,,,,,,,,
St. Francis PA,2018,29,18,,51.2,53.8,37.0,35.5,69.7,-7.7,,,,,,,,,,,,,
Wagner,2018,31,23,,47.0,45.8,36.0,36.2,68.8,-5.3,,,,,,,,,,,,,
Bryant,2019,30,10,,49.2,52.8,32.5,38.8,69.3,-16.3,,,,,,,,,,,,,
Central Connecticut,2019,29,11,,45.8,51.5,32.8,36.6,70.5,-15.3,,,,,,,,,,,,,
LIU Brooklyn,2019,31,16,,50.3,47.7,34.1,32.8,72.3,-13.0,,,,,,,,,,,,,
Mount St. Mary's,2019,29,9,,48.7,51.1,31.2,35.8,68.7,-16.9,,,,,,,,,,,,,
Robert Morris,2019,33,18,,47.3,52.2,34.1,34.7,67.6,-11.5,,,,,,,,,,,,,
Sacred Heart,2019,31,15,,51.1,49.3,35.2,37.3,73.4,-13.2,,,,,,,,,,,,,
St. Francis NY,2019,31,17,,47.3,49.0,33.5,32.4,69.6,-11.7,,,,,,,,,,,,,
St. Francis PA,2019,31,18,,46.5,54.9,35.3,34.8,69.6,-9.0,,,,,,,,,,,,,
Wagner,2019,28,13,,43.1,49.9,30.1,35.2,65.1,-13.5,,,,,,,,,,,,,
Belmont,2016,31,19,,62.6,49.5,36.4,35.4,72.7,-4.9,,,,,,,,,,,,,49.0
Eastern Illinois,2016,28,11,,48.8,52.0,34.4,33.5,67.8,-12.3,,,,,,,,,,,,,
Eastern Kentucky,2016,30,14,,54.2,51.3,39.5,37.6,73.2,-10.5,,,,,,,,,,,,,
Jacksonville St.,2016,29,7,,43.2,53.0,34.5,33.3,66.0,-18.0,,,,,,,,,,,,,
Morehead St.,2016,35,21,,45.8,49.0,36.2,35.7,66.3,-6.4,,,,,,,,,,,,,
Murray St.,2016,29,15,,50.1,51.1,36.1,36.1,65.3,-9.0,,,,,,,,,,,,,
SIU Edwardsville,2016,28,6,,44.4,50.0,30.4,37.2,67.3,-16.7,,,,,,,,,,,,,
Southeast Missouri St.,2016,27,3,,44.6,55.3,28.8,34.7,71.9,-19.2,,,,,,,,,,,,,
Tennessee Martin,2016,33,18,,49.8,50.8,34.4,33.8,67.5,-9.0,,,,,,,,,,,,,
Tennessee St.,2016,29,18,,50.0,45.4,34.1,36.8,68.8,-6.0,,,,,,,,,,,,,
Tennessee Tech,2016,29,17,,51.3,48.5,35.9,36.4,70.1,-6.0,,,,,,,,,,,,,
Austin Peay,2017,28,11,,52.2,56.9,35.2,37.0,71.3,-13.8,,,,,,,,,,,,,
Belmont,2017,29,23,,60.9,48.6,34.1,31.8,69.5,-0.7,,,,,,,,,,,,,
Eastern Illinois,2017,27,14,,43.5,47.6,36.6,35.9,70.1,-11.5,,,,,,,,,,,,,
Eastern Kentucky,2017,29,12,,50.1,49.8,32.3,36.2,69.1,-13.3,,,,,,,,,,,,,
Morehead St.,2017,28,14,,48.0,51.8,38.7,40.2,69.8,-10.3,,,,,,,,,,,,,
Murray St.,2017,31,16,,48.5,51.0,36.1,35.9,70.0,-12.0,,,,,,,,,,,,,
SIU Edwardsville,2017,28,6,,45.5,54.0,29.2,33.2,70.9,-18.0,,,,,,,,,,,,,
Southeast Missouri St.,2017,31,15,,49.0,55.3,36.8,36.9,69.8,-13.0,,,,,,,,,,,,,
Tennessee Martin,2017,33,22,,53.2,52.8,34.7,35.0,69.2,-6.7,,,,,,,,,,,,,
Tennessee St.,2017,28,17,,48.3,45.4,33.1,35.0,68.5,-7.2,,,,,,,,,,,,,38.0
Tennessee Tech,2017,30,12,,47.7,51.1,32.5,34.7,69.7,-14.6,,,,,,,,,,,,,
Austin Peay,2018,32,19,,49.0,53.0,34.8,37.1,70.2,-7.5,,,,,,,,,,,,,
Belmont,2018,33,24,,61.7,48.1,37.6,33.5,68.3,-2.7,,,,,,,,,,,,,41.0
Eastern Illinois,2018,29,12,,44.6,48.5,35.3,38.5,66.8,-13.2,,,,,,,,,,,,,
Eastern Kentucky,2018,29,11,,48.2,52.9,35.1,39.8,69.4,-14.3,,,,,,,,,,,,,
Jacksonville St.,2018,35,23,,51.3,47.3,31.8,33.3,67.2,-6.7,,,,,,,,,,,,,
Morehead St.,2018,27,8,,48.5,56.0,31.8,36.0,69.9,-14.7,,,,,,,,,,,,,
SIU Edwardsville,2018,30,9,,47.2,53.5,32.4,36.8,70.5,-15.3,,,,,,,,,,,,,
Southeast Missouri St.,2018,29,14,,50.7,54.1,39.3,37.9,70.2,-12.3,,,,,,,,,,,,,
Tennessee Martin,2018,29,10,,50.7,48.9,32.2,35.1,67.4,-15.9,,,,,,,,,,,,,
Tennessee St.,2018,28,15,,48.1,51.3,33.9,36.1,66.7,-9.5,,,,,,,,,,,,,
Tennessee Tech,2018,31,19,,47.5,51.6,34.5,33.4,72.0,-7.9,,,,,,,,,,,,,
Austin Peay,2019,31,22,,51.1,53.5,37.5,34.0,70.4,-4.9,,,,,,,,,,,,,
Eastern Illinois,2019,31,14,,46.7,50.3,36.2,39.0,68.3,-12.1,,,,,,,,,,,,,
Eastern Kentucky,2019,29,13,,47.7,54.4,32.0,34.0,78.6,-11.3,,,,,,,,,,,,,
Jacksonville St.,2019,31,24,,52.3,47.7,31.0,33.3,69.1,-3.2,,,,,,,,,,,,,
Morehead St.,2019,31,13,,47.1,51.3,33.6,36.4,68.8,-12.6,,,,,,,,,,,,,
SIU Edwardsville,2019,29,10,,47.6,56.8,30.3,37.5,70.8,-16.3,,,,,,,,,,,,,
Southeast Missouri St.,2019,29,10,,47.4,55.7,36.6,32.3,69.2,-15.4,,,,,,,,,,,,,
Tennessee Martin,2019,29,12,,49.9,56.7,34.1,38.5,69.7,-13.3,,,,,,,,,,,,,
Tennessee St.,2019,28,9,,49.3,52.6,32.6,38.4,71.0,-14.3,,,,,,,,,,,,,
Tennessee Tech,2019,29,8,,43.9,51.1,33.6,34.1,69.7,-16.4,,,,,,,,,,,,,
Arizona St.,2016,32,15,,46.6,51.4,33.6,35.4,68.9,-4.2,,,,,,,,,,,,,
Stanford,2016,29,14,,47.4,49.9,31.8,36.9,66.7,-2.6,,,,,,,,,,,,,
UCLA,2016,32,15,,48.8,47.6,36.3,35.4,70.4,-3.9,,,,,,,,,,,,,28.0
Washington,2016,34,19,,47.3,47.2,33.1,33.1,78.2,-2.2,,,,,,,,,,,,,40.0
Washington St.,2016,30,8,,50.3,48.2,34.6,35.9,69.7,-10.4,,,,,,,,,,,,,
Arizona St.,2017,33,15,,48.7,55.9,36.6,36.4,71.7,-6.3,,,,,,,,,,,,,
California,2017,34,21,,46.6,43.4,34.0,32.8,67.0,-0.9,,,,,,,,,,,,,40.0
Colorado,2017,33,19,,49.9,47.3,35.1,36.8,69.3,-3.8,,,,,,,,,,,,,38.0
Oregon St.,2017,31,5,,46.3,50.0,34.6,35.7,66.3,-16.7,,,,,,,,,,,,,
Stanford,2017,30,14,,48.2,49.1,32.3,38.8,69.8,-5.2,,,,,,,,,,,,,
Utah,2017,30,20,,57.4,46.9,36.0,35.6,69.8,-2.3,,,,,,,,,,,,,36.0
Washington,2017,31,9,,49.4,49.6,35.4,39.9,72.6,-10.9,,,,,,,,,,,,,45.0
Washington St.,2017,30,13,,50.6,52.6,36.6,35.4,69.0,-7.9,,,,,,,,,,,,,
California,2018,31,8,,45.1,51.6,28.6,39.4,69.9,-13.3,,,,,,,,,,,,,
Colorado,2018,32,17,,48.8,46.6,35.8,35.7,69.2,-4.5,,,,,,,,,,,,,
Oregon,2018,36,23,,53.1,48.4,35.7,35.6,68.6,-2.3,,,,,,,,,,,,,37.0
Oregon St.,2018,32,16,,53.3,48.1,32.9,34.8,66.8,-7.3,,,,,,,,,,,,,
Stanford,2018,35,19,,50.3,47.9,36.9,35.1,71.9,-4.3,,,,,,,,,,,,,
USC,2018,36,24,,52.4,49.8,37.6,35.2,69.0,-0.4,,,,,,,,,,,,,34.0
Utah,2018,35,23,,53.6,47.0,37.0,33.6,67.1,-1.5,,,,,,,,,,,,,44.0
Washington,2018,34,21,,51.6,50.9,34.6,33.4,70.8,-2.5,,,,,,,,,,,,,27.0
Washington St.,2018,31,12,,51.7,54.2,37.7,34.9,69.6,-9.9,,,,,,,,,,,,,37.0
Arizona,2019,32,17,,48.1,51.9,33.6,32.9,68.3,-4.2,,,,,,,,,,,,,37.0
California,2019,31,8,,46.5,56.7,35.0,38.1,68.0,-13.5,,,,,,,,,,,,,
Colorado,2019,36,23,,52.3,48.8,32.3,31.8,69.5,-3.6,,,,,,,,,,,,,
Oregon St.,2019,31,18,,54.5,46.7,32.1,37.3,67.2,-3.9,,,,,,,,,,,,,
Stanford,2019,31,15,,53.2,46.4,31.7,34.5,71.2,-5.8,,,,,,,,,,,,,
UCLA,2019,33,17,,51.4,47.9,35.5,34.7,74.0,-5.2,,,,,,,,,,,,,38.0
USC,2019,33,16,,50.3,48.4,38.2,33.4,71.2,-7.1,,,,,,,,,,,,,42.0
Utah,2019,31,17,,54.6,51.7,37.0,35.6,67.6,-4.2,,,,,,,,,,,,,
Washington St.,2019,32,11,,51.5,54.9,36.4,36.2,71.8,-12.2,,,,,,,,,,,,,
American,2016,31,12,,47.7,53.7,34.1,31.1,62.2,-14.1,,,,,,,,,,,,,
Army,2016,32,18,,49.3,48.2,33.4,34.9,73.3,-9.3,,,,,,,,,,,,,42.0
Boston University,2016,33,18,,51.0,50.0,36.1,33.3,70.6,-10.0,,,,,,,,,,,,,
Bucknell,2016,30,16,,51.2,47.6,35.8,35.2,72.2,-9.1,,,,,,,,,,,,,
Colgate,2016,29,12,,50.3,51.4,37.0,37.5,65.7,-12.3,,,,,,,,,,,,,
Lafayette,2016,30,6,,47.9,52.5,36.5,35.7,70.5,-19.4,,,,,,,,,,,,,
Lehigh,2016,31,16,,48.5,48.8,39.3,36.4,68.8,-9.6,,,,,,,,,,,,,
Loyola MD,2016,30,9,,48.7,50.2,30.4,37.2,68.0,-16.2,,,,,,,,,,,,,
Navy,2016,32,18,,50.8,45.9,30.5,35.4,65.7,-10.0,,,,,,,,,,,,,40.0
American,2017,30,8,,51.7,51.4,31.8,36.6,66.0,-16.4,,,,,,,,,,,,,
Army,2017,31,13,,50.7,50.1,35.1,33.8,72.7,-13.6,,,,,,,,,,,,,
Boston University,2017,31,18,,50.0,47.5,35.3,36.5,71.1,-8.9,,,,,,,,,,,,,
Colgate,2017,31,10,,49.4,50.0,36.1,37.6,66.5,-16.3,,,,,,,,,,,,,
Holy Cross,2017,32,15,,49.3,54.9,34.5,34.3,61.6,-10.8,,,,,,,,,,,,,
Lafayette,2017,29,9,,49.2,52.2,32.6,38.4,71.0,-15.9,,,,,,,,,,,,,
Lehigh,2017,31,20,,53.4,49.0,39.2,34.8,71.0,-6.2,,,,,,,,,,,,,
Loyola MD,2017,32,16,,45.3,53.2,33.2,33.4,67.2,-10.6,,,,,,,,,,,,,
Navy,2017,31,16,,49.0,52.5,30.6,35.8,65.5,-11.2,,,,,,,,,,,,,
American,2018,30,6,,50.7,53.6,33.8,38.3,67.6,-19.0,,,,,,,,,,,,,
Army,2018,29,13,,48.8,51.1,38.1,36.2,71.5,-13.5,,,,,,,,,,,,,
Boston University,2018,30,15,,51.1,52.2,37.3,35.8,68.7,-11.6,,,,,,,,,,,,,
Colgate,2018,32,19,,49.0,51.8,36.3,36.7,67.6,-8.6,,,,,,,,,,,,,
Holy Cross,2018,31,12,,55.1,49.4,32.6,35.4,64.0,-15.0,,,,,,,,,,,,,
Lafayette,2018,30,10,,51.4,52.2,37.4,34.4,69.4,-16.8,,,,,,,,,,,,,
Lehigh,2018,29,16,,47.7,53.1,40.6,34.3,71.9,-9.7,,,,,,,,,,,,,
Loyola MD,2018,30,9,,48.1,54.0,31.3,36.8,69.7,-17.4,,,,,,,,,,,,,
Navy,2018,31,20,,50.2,51.8,32.3,36.8,66.8,-8.1,,,,,,,,,,,,,
American,2019,30,15,,55.6,50.0,32.5,29.2,67.9,-11.3,,,,,,,,,,,,,
Army,2019,31,13,,51.0,53.4,31.8,35.4,71.2,-14.0,,,,,,,,,,,,,
Boston University,2019,32,15,,54.5,56.4,34.2,34.7,67.8,-13.1,,,,,,,,,,,,,
Bucknell,2019,33,21,,53.3,48.8,35.1,33.3,71.9,-5.5,,,,,,,,,,,,,
Holy Cross,2019,33,16,,52.5,52.2,35.4,37.3,65.0,-11.3,,,,,,,,,,,,,
Lafayette,2019,29,10,,49.2,52.9,38.3,38.6,70.2,-15.7,,,,,,,,,,,,,
Lehigh,2019,31,20,,51.9,49.9,42.4,33.8,72.9,-5.5,,,,,,,,,,,,,
Loyola MD,2019,32,11,,51.8,53.7,34.2,39.2,70.1,-15.1,,,,,,,,,,,,,48.0
Navy,2019,31,12,,46.4,53.2,31.7,33.8,68.2,-13.5,,,,,,,,,,,,,
Appalachian St.,2016,31,9,,43.1,48.8,35.6,38.6,71.3,-15.2,,,,,,,,,,,,,
Arkansas St.,2016,29,9,,45.1,43.5,31.5,35.6,73.3,-13.9,,,,,,,,,,,,,
Georgia Southern,2016,29,12,,45.6,52.5,33.3,33.8,69.5,-11.4,,,,,,,,,,,,,
Georgia St.,2016,28,14,,47.1,47.0,34.8,32.8,65.4,-8.6,,,,,,,,,,,,,
Louisiana Lafayette,2016,32,17,,49.9,47.0,31.1,37.8,71.3,-7.5,,,,,,,,,,,,,
Louisiana Monroe,2016,32,18,,50.0,46.6,34.5,32.7,66.6,-6.3,,,,,,,,,,,,,
South Alabama,2016,31,12,,45.1,48.4,31.9,32.2,70.6,-12.6,,,,,,,,,,,,,
Texas St.,2016,29,13,,46.0,47.9,32.1,35.1,64.2,-11.1,,,,,,,,,,,,,
Troy,2016,29,8,,44.8,49.5,31.5,36.0,69.4,-15.3,,,,,,,,,,,,,
UT Arlington,2016,34,23,,49.5,44.4,32.5,33.7,73.2,-3.9,,,,,,,,,,,,,
Appalachian St.,2017,28,9,,46.3,50.5,32.7,39.0,71.7,-14.8,,,,,,,,,,,,,
Arkansas St.,2017,31,20,,49.7,49.8,37.7,32.0,68.7,-5.7,,,,,,,,,,,,,39.0
Coastal Carolina,2017,37,20,,48.0,49.7,32.7,33.9,69.9,-10.3,,,,,,,,,,,,,
Georgia Southern,2017,31,18,,49.2,51.4,36.3,34.1,69.7,-8.0,,,,,,,,,,,,,
Georgia St.,2017,31,20,,53.3,49.4,35.0,32.4,69.6,-5.9,,,,,,,,,,,,,
Little Rock,2017,30,15,,48.2,50.2,33.8,36.2,64.7,-12.0,,,,,,,,,,,,,
Louisiana Lafayette,2017,31,21,,51.5,53.8,34.2,37.1,73.6,-6.4,,,,,,,,,,,,,
Louisiana Monroe,2017,31,9,,47.0,49.0,32.5,35.5,66.4,-17.9,,,,,,,,,,,,,
South Alabama,2017,30,14,,49.0,51.0,31.7,36.2,71.0,-12.9,,,,,,,,,,,,,
Texas St.,2017,34,22,,50.1,47.4,34.1,32.1,63.5,-8.3,,,,,,,,,,,,,
UT Arlington,2017,34,27,,54.7,49.4,33.0,32.2,71.8,-1.1,,,,,,,,,,,,,44.0
Appalachian St.,2018,31,15,,49.9,48.7,33.3,37.9,71.2,-12.4,,,,,,,,,,,,,
Arkansas St.,2018,30,11,,49.2,55.3,33.2,38.2,70.8,-15.2,,,,,,,,,,,,,
Coastal Carolina,2018,29,14,,48.4,47.4,33.3,34.9,68.9,-13.1,,,,,,,,,,,,,
Georgia Southern,2018,31,21,,48.4,50.4,33.6,32.4,69.9,-6.5,,,,,,,,,,,,,
Little Rock,2018,30,7,,47.3,49.4,31.8,35.1,66.2,-18.0,,,,,,,,,,,,,
Louisiana Lafayette,2018,32,27,,52.4,48.5,35.4,33.6,71.6,-0.5,,,,,,,,,,,,,40.0
Louisiana Monroe,2018,29,16,,47.0,50.2,35.6,35.3,67.1,-9.5,,,,,,,,,,,,,
South Alabama,2018,30,14,,48.3,47.9,32.3,30.9,71.4,-12.4,,,,,,,,,,,,,
Texas St.,2018,31,15,,48.4,53.1,33.1,33.0,64.0,-12.9,,,,,,,,,,,,,
Troy,2018,31,16,,52.1,49.7,33.7,34.0,69.4,-10.5,,,,,,,,,,,,,
UT Arlington,2018,33,21,,51.0,47.9,36.5,33.9,73.9,-6.2,,,,,,,,,,,,,45.0
Appalachian St.,2019,29,11,,51.3,52.8,34.4,37.3,72.8,-13.9,,,,,,,,,,,,,
Arkansas St.,2019,30,13,,46.5,50.2,32.3,36.0,69.6,-12.6,,,,,,,,,,,,,
Coastal Carolina,2019,32,17,,49.4,53.1,37.0,32.3,70.9,-9.9,,,,,,,,,,,,,
Georgia Southern,2019,31,21,,56.8,51.7,32.4,34.0,74.8,-4.9,,,,,,,,,,,,,
Little Rock,2019,29,10,,54.9,51.7,35.6,35.3,71.9,-14.9,,,,,,,,,,,,,
Louisiana Lafayette,2019,30,19,,50.5,52.3,34.2,36.6,73.4,-6.5,,,,,,,,,,,,,
Louisiana Monroe,2019,34,19,,49.6,52.7,39.7,35.4,67.6,-7.4,,,,,,,,,,,,,
South Alabama,2019,32,17,,51.1,51.3,37.0,35.6,67.7,-10.9,,,,,,,,,,,,,
Texas St.,2019,32,24,,50.8,49.2,32.4,31.6,66.4,-3.3,,,,,,,,,,,,,34.0
Troy,2019,28,12,,51.7,50.1,33.2,37.8,68.5,-11.8,,,,,,,,,,,,,
UT Arlington,2019,32,17,,47.9,50.0,30.5,29.9,67.9,-7.5,,,,,,,,,,,,,
East Tennessee St.,2016,34,22,,50.4,50.1,38.3,34.1,70.2,-5.1,,,,,,,,,,,,,
Furman,2016,33,17,,54.2,49.9,31.9,35.0,65.9,-10.1,,,,,,,,,,,,,
Mercer,2016,32,16,,47.9,45.4,35.2,36.1,64.3,-10.5,,,,,,,,,,,,,
Samford,2016,31,11,,51.0,48.9,31.9,37.0,68.9,-14.8,,,,,,,,,,,,,
The Citadel,2016,29,7,,50.1,59.8,31.7,35.2,81.9,-17.8,,,,,,,,,,,,,
UNC Greensboro,2016,31,12,,49.1,49.0,36.3,37.4,68.3,-12.7,,,,,,,,,,,,,
VMI,2016,27,6,,45.7,51.2,32.5,37.4,69.3,-16.1,,,,,,,,,,,,,
Western Carolina,2016,31,13,,48.3,49.6,33.0,35.6,70.0,-10.4,,,,,,,,,,,,,
Wofford,2016,30,13,,45.8,54.3,40.9,35.5,66.2,-10.4,,,,,,,,,,,,,
Chattanooga,2017,29,19,,53.3,49.7,33.1,35.3,67.1,-5.5,,,,,,,,,,,,,51.0
Furman,2017,33,23,,53.3,50.9,38.1,31.6,67.4,-4.8,,,,,,,,,,,,,
Mercer,2017,30,15,,49.6,47.7,34.4,35.3,63.0,-9.9,,,,,,,,,,,,,
Samford,2017,34,20,,50.2,49.8,38.9,33.3,69.8,-8.3,,,,,,,,,,,,,
The Citadel,2017,30,12,,47.8,57.7,33.9,38.9,81.7,-14.5,,,,,,,,,,,,,
UNC Greensboro,2017,32,25,,50.4,47.6,37.0,36.4,68.3,-2.6,,,,,,,,,,,,,
VMI,2017,28,6,,48.2,54.2,32.0,40.7,70.1,-17.3,,,,,,,,,,,,,
Western Carolina,2017,30,9,,41.9,52.1,30.4,36.0,68.5,-15.2,,,,,,,,,,,,,
Wofford,2017,30,16,,49.4,54.6,38.4,34.2,68.0,-9.7,,,,,,,,,,,,,
Chattanooga,2018,31,10,,48.6,55.8,34.8,36.2,66.7,-17.5,,,,,,,,,,,,,
East Tennessee St.,2018,32,25,,54.8,46.4,34.7,32.0,68.9,-3.1,,,,,,,,,,,,,41.0
Furman,2018,31,23,,56.8,51.4,35.3,32.0,69.7,-4.0,,,,,,,,,,,,,
Mercer,2018,32,19,,52.7,52.5,37.8,35.8,65.4,-8.2,,,,,,,,,,,,,
Samford,2018,30,10,,53.3,58.3,37.2,38.0,71.9,-15.3,,,,,,,,,,,,,
The Citadel,2018,29,11,,47.9,57.4,33.4,37.3,78.9,-14.9,,,,,,,,,,,,,
VMI,2018,28,9,,43.7,52.1,32.3,34.6,70.1,-15.8,,,,,,,,,,,,,
Western Carolina,2018,30,12,,45.3,54.3,33.0,36.3,70.8,-11.7,,,,,,,,,,,,,
Wofford,2018,31,21,,50.9,52.4,40.2,36.4,67.1,-5.9,,,,,,,,,,,,,
Chattanooga,2019,29,12,,49.3,52.0,36.3,36.4,67.9,-12.6,,,,,,,,,,,,,
East Tennessee St.,2019,32,24,,55.0,48.5,35.9,39.1,68.5,-1.5,,,,,,,,,,,,,
Furman,2019,30,25,,56.7,48.6,36.0,31.2,68.0,-0.4,,,,,,,,,,,,,35.0
Mercer,2019,29,11,,51.2,53.4,33.8,34.6,68.3,-12.2,,,,,,,,,,,,,
Samford,2019,32,17,,53.0,47.3,37.3,35.1,70.6,-8.8,,,,,,,,,,,,,
The Citadel,2019,27,12,,54.2,57.5,33.5,37.1,75.3,-10.9,,,,,,,,,,,,,
UNC Greensboro,2019,34,29,,51.4,50.1,33.8,35.0,69.0,1.9,,,,,,,,,,,,,
VMI,2019,29,11,,47.6,56.8,35.4,38.1,73.1,-13.1,,,,,,,,,,,,,
Western Carolina,2019,31,7,,52.3,57.8,36.8,34.1,71.1,-16.5,,,,,,,,,,,,,
Alabama,2016,33,18,,48.5,45.1,33.9,32.9,65.7,-0.6,,,,,,,,,,,,,
Arkansas,2016,32,16,,46.1,47.7,39.7,35.9,71.0,-4.6,,,,,,,,,,,,,53.0
Auburn,2016,31,11,,44.3,49.6,34.0,34.8,72.5,-8.3,,,,,,,,,,,,,
Florida,2016,36,21,,48.9,44.4,31.9,34.3,69.9,0.1,,,,,,,,,,,,,43.0
Georgia,2016,34,20,,44.8,42.8,36.8,33.1,67.9,-0.8,,,,,,,,,,,,,
LSU,2016,33,19,,52.0,51.3,32.7,35.0,72.9,-1.8,,,,,,,,,,,,,45.0
Mississippi,2016,32,20,,46.5,47.4,33.8,35.5,69.4,-1.4,,,,,,,,,,,,,41.0
Mississippi St.,2016,31,14,,52.6,47.5,33.4,34.3,70.2,-6.2,,,,,,,,,,,,,
Missouri,2016,31,10,,47.6,48.0,31.0,33.6,68.9,-9.5,,,,,,,,,,,,,
South Carolina,2016,33,24,,46.6,42.9,35.4,35.8,71.2,1.8,,,,,,,,,,,,,43.0
Tennessee,2016,34,15,,47.4,47.1,32.7,34.2,70.0,-5.8,,,,,,,,,,,,,
Alabama,2017,34,19,,48.7,44.2,31.7,33.3,66.6,-1.8,,,,,,,,,,,,,
Auburn,2017,32,18,,48.5,48.7,36.6,35.7,75.2,-2.4,,,,,,,,,,,,,
Georgia,2017,33,19,,48.3,45.4,31.8,33.6,68.5,0.3,,,,,,,,,,,,,51.0
LSU,2017,31,10,,50.2,52.9,33.6,38.2,73.4,-8.8,,,,,,,,,,,,,
Mississippi,2017,36,22,,46.8,46.7,34.7,36.3,72.7,-1.3,,,,,,,,,,,,,
Mississippi St.,2017,32,16,,50.4,48.6,34.7,31.5,70.2,-5.3,,,,,,,,,,,,,46.0
Missouri,2017,32,8,,45.0,48.3,30.4,34.4,69.7,-12.5,,,,,,,,,,,,,
Tennessee,2017,31,16,,46.0,46.2,32.4,35.5,70.8,-2.2,,,,,,,,,,,,,
Texas A&M,2017,31,16,,52.1,43.7,32.9,35.2,65.8,-2.9,,,,,,,,,,,,,44.0
Georgia,2018,33,18,,47.4,43.1,31.8,33.2,65.6,-1.1,,,,,,,,,,,,,34.0
LSU,2018,33,18,,56.3,52.6,34.6,35.3,69.5,-1.9,,,,,,,,,,,,,
Mississippi,2018,32,12,,48.7,48.1,31.9,37.8,71.0,-7.0,,,,,,,,,,,,,
Mississippi St.,2018,36,25,,55.2,47.2,31.5,33.3,68.6,0.0,,,,,,,,,,,,,37.0
South Carolina,2018,32,17,,43.5,48.7,33.8,33.5,69.8,-3.1,,,,,,,,,,,,,44.0
Vanderbilt,2018,32,12,,50.8,50.7,35.3,37.4,67.0,-6.0,,,,,,,,,,,,,
Alabama,2019,34,18,,49.9,48.5,34.0,33.3,70.1,-0.2,,,,,,,,,,,,,34.0
Arkansas,2019,34,18,,50.6,48.9,34.5,33.3,71.9,-2.2,,,,,,,,,,,,,41.0
Georgia,2019,32,11,,51.1,47.8,32.2,33.2,70.2,-7.4,,,,,,,,,,,,,
Missouri,2019,32,15,,47.6,50.6,36.3,31.9,66.1,-3.0,,,,,,,,,,,,,50.0
South Carolina,2019,31,16,,44.9,48.2,36.5,34.2,71.8,-2.1,,,,,,,,,,,,,40.0
Texas A&M,2019,32,14,,51.0,49.1,30.8,33.1,69.0,-4.4,,,,,,,,,,,,,
Vanderbilt,2019,32,9,,50.0,48.0,31.1,34.9,68.9,-9.1,,,,,,,,,,,,,43.0
Abilene Christian,2016,27,9,,48.4,54.2,36.3,36.9,68.4,-14.4,,,,,,,,,,,,,
Central Arkansas,2016,28,7,,47.4,51.5,37.2,38.7,72.9,-16.0,,,,,,,,,,,,,
Houston Baptist,2016,30,13,,49.3,49.1,35.5,36.3,71.1,-10.8,,,,,,,,,,,,,
Incarnate Word,2016,25,14,,44.7,52.4,38.9,35.9,68.3,-6.3,,,,,,,,,,,,,
Lamar,2016,26,7,,46.7,51.4,32.6,35.6,72.8,-15.9,,,,,,,,,,,,,
McNeese St.,2016,26,7,,44.9,50.8,33.2,37.3,69.3,-14.1,,,,,,,,,,,,,
New Orleans,2016,27,7,,43.8,51.5,32.5,37.0,72.7,-16.5,,,,,,,,,,,,,
Nicholls St.,2016,31,8,,47.7,49.3,30.9,35.9,69.8,-16.7,,,,,,,,,,,,,
Northwestern St.,2016,24,5,,49.5,54.8,34.3,37.1,74.2,-14.4,,,,,,,,,,,,,
Sam Houston St.,2016,30,15,,48.0,50.9,34.1,35.6,67.8,-8.9,,,,,,,,,,,,,
Southeastern Louisiana,2016,31,10,,49.1,49.5,36.5,37.5,69.0,-15.8,,,,,,,,,,,,,
Texas A&M Corpus Chris,2016,31,23,,48.2,46.6,34.1,35.2,69.3,-1.9,,,,,,,,,,,,,
Abilene Christian,2017,25,13,,50.7,52.1,37.1,36.1,67.1,-12.5,,,,,,,,,,,,,
Central Arkansas,2017,32,8,,46.7,52.2,37.5,39.2,72.4,-17.4,,,,,,,,,,,,,
Houston Baptist,2017,27,17,,48.6,52.6,33.5,36.2,71.6,-7.7,,,,,,,,,,,,,
Incarnate Word,2017,25,12,,48.2,51.8,37.8,33.7,73.1,-13.2,,,,,,,,,,,,,
Lamar,2017,30,19,,49.3,53.1,35.8,32.9,69.2,-10.7,,,,,,,,,,,,,
McNeese St.,2017,26,7,,46.2,49.7,33.4,35.1,71.6,-16.0,,,,,,,,,,,,,
Nicholls St.,2017,27,14,,49.0,51.7,33.5,41.7,71.0,-11.9,,,,,,,,,,,,,
Northwestern St.,2017,25,13,,47.9,52.5,36.3,37.8,72.3,-12.0,,,,,,,,,,,,,
Sam Houston St.,2017,30,21,,47.7,48.8,30.6,34.7,71.6,-8.6,,,,,,,,,,,,,
Southeastern Louisiana,2017,30,16,,48.3,47.6,36.1,34.5,68.8,-11.9,,,,,,,,,,,,,
Stephen F. Austin,2017,30,18,,50.3,52.0,31.4,34.9,67.6,-9.5,,,,,,,,,,,,,
Texas A&M Corpus Chris,2017,33,24,,52.1,51.3,32.8,34.6,69.6,-6.5,,,,,,,,,,,,,
Abilene Christian,2018,28,16,,51.9,52.3,31.8,33.2,69.8,-11.3,,,,,,,,,,,,,
Central Arkansas,2018,34,18,,50.7,49.4,35.6,36.0,73.9,-10.6,,,,,,,,,,,,,
Houston Baptist,2018,28,6,,44.4,54.2,32.8,39.7,74.6,-18.9,,,,,,,,,,,,,
Incarnate Word,2018,24,7,,45.4,50.6,34.6,37.6,70.6,-16.5,,,,,,,,,,,,,
Lamar,2018,29,19,,46.7,51.3,34.4,35.0,68.8,-9.7,,,,,,,,,,,,,
McNeese St.,2018,25,12,,47.3,48.4,34.6,35.0,71.0,-12.6,,,,,,,,,,,,,
New Orleans,2018,30,16,,47.3,51.6,35.6,37.6,67.1,-10.7,,,,,,,,,,,,,
Nicholls St.,2018,28,21,,51.6,49.7,34.8,34.1,75.2,-6.3,,,,,,,,,,,,,
Northwestern St.,2018,25,4,,44.9,53.1,28.3,37.2,70.5,-18.1,,,,,,,,,,,,,
Sam Houston St.,2018,32,21,,47.0,53.1,33.7,33.3,68.1,-9.4,,,,,,,,,,,,,
Southeastern Louisiana,2018,31,22,,50.9,48.4,34.4,34.6,67.2,-6.5,,,,,,,,,,,,,
Texas A&M Corpus Chris,2018,26,11,,46.7,51.6,34.4,35.5,69.0,-14.0,,,,,,,,,,,,,
Central Arkansas,2019,30,14,,46.3,51.2,35.3,35.3,72.0,-13.4,,,,,,,,,,,,,
Houston Baptist,2019,28,12,,49.3,54.3,33.4,39.0,75.1,-13.1,,,,,,,,,,,,,
Incarnate Word,2019,27,6,,51.4,61.2,35.1,37.6,66.4,-20.2,,,,,,,,,,,,,
Lamar,2019,29,20,,48.8,52.3,33.6,34.6,69.7,-9.0,,,,,,,,,,,,,
McNeese St.,2019,27,9,,51.3,53.8,31.0,36.5,67.5,-17.4,,,,,,,,,,,,,
New Orleans,2019,29,19,,47.2,50.5,33.3,32.7,69.7,-8.7,,,,,,,,,,,,,
Nicholls St.,2019,27,14,,45.4,53.5,37.0,30.7,70.2,-12.6,,,,,,,,,,,,,
Northwestern St.,2019,28,11,,46.2,48.1,28.0,37.5,69.9,-14.9,,,,,,,,,,,,,
Sam Houston St.,2019,30,21,,48.6,51.4,37.5,34.0,67.7,-6.7,,,,,,,,,,,,,
Southeastern Louisiana,2019,31,17,,50.4,50.6,33.6,32.9,66.8,-10.8,,,,,,,,,,,,,
Stephen F. Austin,2019,26,14,,47.6,49.9,33.3,37.4,70.0,-11.9,,,,,,,,,,,,,
Texas A&M Corpus Chris,2019,28,14,,47.6,46.1,32.3,34.9,66.3,-13.7,,,,,,,,,,,,,
Denver,2016,31,16,,54.3,49.9,38.3,37.2,62.0,-10.2,,,,,,,,,,,,,
IPFW,2016,32,22,,49.0,50.2,40.3,38.7,70.3,-2.7,,,,,,,,,,,,,
IUPUI,2016,31,12,,45.6,51.3,33.3,33.8,69.6,-11.0,,,,,,,,,,,,,
Nebraska Omaha,2016,30,16,,52.6,52.7,33.6,35.9,77.2,-7.6,,,,,,,,,,,,,
North Dakota St.,2016,31,18,,49.1,47.2,34.1,32.4,65.4,-7.2,,,,,,,,,,,,,
Oral Roberts,2016,29,12,,48.0,50.2,38.0,37.4,69.8,-9.4,,,,,,,,,,,,,
South Dakota,2016,30,12,,50.5,50.9,36.4,39.8,71.5,-11.6,,,,,,,,,,,,,
Western Illinois,2016,24,7,,46.0,46.4,37.8,39.1,68.6,-11.4,,,,,,,,,,,,,41.0
Denver,2017,30,16,,52.1,50.0,40.2,35.8,68.1,-9.4,,,,,,,,,,,,,
Fort Wayne,2017,30,20,,54.9,49.9,39.0,39.1,72.9,-6.9,,,,,,,,,,,,,38.0
IUPUI,2017,30,14,,48.5,54.1,37.8,36.6,70.9,-11.3,,,,,,,,,,,,,
Nebraska Omaha,2017,31,18,,49.0,53.0,38.4,37.0,75.1,-7.2,,,,,,,,,,,,,
North Dakota St.,2017,28,19,,50.8,46.7,36.3,37.8,68.2,-6.0,,,,,,,,,,,,,
Oral Roberts,2017,28,8,,47.9,51.8,35.4,39.6,70.7,-15.0,,,,,,,,,,,,,
South Dakota,2017,32,22,,48.8,47.7,34.2,37.5,72.1,-5.7,,,,,,,,,,,,,
Western Illinois,2017,26,8,,45.1,46.2,38.7,41.5,70.0,-15.3,,,,,,,,,,,,,
Denver,2018,28,15,,49.2,52.0,39.5,33.5,67.5,-9.6,,,,,,,,,,,,,
Fort Wayne,2018,29,18,,51.3,53.4,36.6,36.4,73.8,-8.2,,,,,,,,,,,,,
Nebraska Omaha,2018,29,9,,50.0,54.7,35.8,38.4,71.7,-13.9,,,,,,,,,,,,,
North Dakota St.,2018,29,15,,52.5,47.8,36.8,35.3,67.6,-10.0,,,,,,,,,,,,,
Oral Roberts,2018,28,11,,47.7,53.9,34.2,36.5,66.7,-12.0,,,,,,,,,,,,,
South Dakota,2018,31,26,,51.9,47.1,35.0,33.7,71.7,-1.8,,,,,,,,,,,,,
Western Illinois,2018,24,12,,48.6,48.9,34.9,36.6,69.2,-11.0,,,,,,,,,,,,,
Denver,2019,29,8,,47.8,51.7,36.2,41.8,68.8,-16.1,,,,,,,,,,,,,
Fort Wayne,2019,30,18,,55.8,52.0,37.2,38.0,73.1,-9.5,,,,,,,,,,,,,
Nebraska Omaha,2019,31,21,,51.8,55.2,39.3,36.5,69.5,-4.6,,,,,,,,,,,,,
Oral Roberts,2019,30,11,,50.7,51.3,36.4,39.0,68.6,-14.3,,,,,,,,,,,,,
South Dakota,2019,28,13,,49.6,50.7,33.9,35.8,68.3,-11.7,,,,,,,,,,,,,
South Dakota St.,2019,32,24,,56.2,48.8,41.2,34.5,72.4,-3.4,,,,,,,,,,,,,
Western Illinois,2019,29,10,,45.9,48.4,38.2,38.9,68.7,-16.0,,,,,,,,,,,,,
Alabama A&M,2016,28,10,,49.0,51.7,28.4,32.1,66.2,-15.1,,,,,,,,,,,,,
Alabama St.,2016,29,12,,43.6,51.6,33.3,33.7,69.8,-13.1,,,,,,,,,,,,,
Alcorn St.,2016,28,13,,45.3,48.6,30.8,37.0,66.5,-11.5,,,,,,,,,,,,,
Arkansas Pine Bluff,2016,33,8,,44.7,49.6,30.3,32.3,65.8,-17.8,,,,,,,,,,,,,
Grambling St.,2016,28,4,,45.3,51.5,27.4,33.1,66.9,-19.7,,,,,,,,,,,,,
Jackson St.,2016,34,18,,45.4,44.6,30.8,31.5,68.2,-10.7,,,,,,,,,,,,,
Mississippi Valley St.,2016,35,8,,42.0,54.5,30.3,30.3,72.2,-21.6,,,,,,,,,,,,,
Prairie View A&M,2016,31,7,,42.1,53.0,27.3,30.6,69.7,-18.3,,,,,,,,,,,,,
Texas Southern,2016,33,18,,52.3,48.7,33.8,33.5,68.4,-7.7,,,,,,,,,,,,,
Alabama A&M,2017,29,2,,45.6,53.2,27.5,36.3,65.7,-24.0,,,,,,,,,,,,,
Alabama St.,2017,30,8,,44.4,49.7,29.4,34.5,70.0,-19.2,,,,,,,,,,,,,
Alcorn St.,2017,29,18,,47.9,48.3,32.0,30.2,69.0,-9.7,,,,,,,,,,,,,
Arkansas Pine Bluff,2017,30,6,,42.9,54.3,34.4,32.6,69.0,-20.2,,,,,,,,,,,,,
Grambling St.,2017,30,15,,46.6,54.8,31.5,37.8,68.5,-13.6,,,,,,,,,,,,,
Jackson St.,2017,29,14,,44.0,49.6,29.8,33.1,65.6,-13.6,,,,,,,,,,,,,
Mississippi Valley St.,2017,32,7,,44.9,56.0,34.3,38.1,72.4,-18.2,,,,,,,,,,,,,
Prairie View A&M,2017,31,13,,46.4,52.2,34.9,36.2,69.7,-13.9,,,,,,,,,,,,,
Southern,2017,30,15,,47.6,48.3,32.1,32.4,69.8,-13.5,,,,,,,,,,,,,
Alabama A&M,2018,31,3,,44.8,52.3,30.3,38.4,67.5,-23.0,,,,,,,,,,,,,
Alabama St.,2018,31,8,,45.2,49.4,32.8,37.7,70.2,-18.2,,,,,,,,,,,,,
Alcorn St.,2018,28,11,,47.8,50.4,32.7,36.3,69.2,-16.4,,,,,,,,,,,,,
Arkansas Pine Bluff,2018,35,14,,49.7,49.1,32.9,32.9,68.8,-16.3,,,,,,,,,,,,,
Grambling St.,2018,30,17,,44.5,50.0,32.6,31.7,73.0,-10.0,,,,,,,,,,,,,
Jackson St.,2018,30,12,,39.3,51.5,32.8,34.9,64.9,-16.0,,,,,,,,,,,,,
Mississippi Valley St.,2018,32,4,,41.6,54.6,30.1,36.8,69.9,-22.5,,,,,,,,,,,,,
Prairie View A&M,2018,33,16,,49.2,54.4,32.3,33.2,72.1,-11.7,,,,,,,,,,,,,
Southern,2018,31,15,,42.3,47.1,33.2,34.5,69.1,-13.3,,,,,,,,,,,,,
Alabama A&M,2019,32,5,,45.0,54.1,31.6,35.3,67.1,-22.6,,,,,,,,,,,,,
Alabama St.,2019,29,12,,44.7,53.6,32.1,34.7,68.5,-13.7,,,,,,,,,,,,,
Alcorn St.,2019,27,10,,45.0,55.3,31.3,32.1,67.1,-16.7,,,,,,,,,,,,,
Arkansas Pine Bluff,2019,31,13,,47.0,50.8,34.0,35.5,67.1,-14.0,,,,,,,,,,,,,
Grambling St.,2019,31,17,,45.5,44.7,40.2,30.6,70.7,-11.5,,,,,,,,,,,,,
Jackson St.,2019,30,13,,45.9,46.8,27.9,35.5,67.0,-14.5,,,,,,,,,,,,,
Mississippi Valley St.,2019,31,6,,40.1,51.4,31.0,39.1,70.6,-20.2,,,,,,,,,,,,,
Southern,2019,31,7,,48.8,54.8,32.6,36.7,67.5,-19.1,,,,,,,,,,,,,
Texas Southern,2019,36,24,,52.2,51.1,32.1,35.0,75.8,-6.6,,,,,,,,,,,,,
Chicago St.,2016,29,1,,40.9,51.8,30.1,38.7,70.4,-21.2,,,,,,,,,,,,,
Grand Canyon,2016,32,25,,48.3,48.4,35.6,31.7,69.5,-1.0,,,,,,,,,,,,,40.0
New Mexico St.,2016,32,21,,50.7,42.3,32.5,33.5,66.4,-4.1,,,,,,,,,,,,,
Seattle,2016,30,13,,44.7,47.7,35.5,33.9,66.7,-11.2,,,,,,,,,,,,,
UMKC,2016,28,9,,45.5,48.9,36.8,35.1,67.1,-12.9,,,,,,,,,,,,,
UT Rio Grande Valley,2016,27,5,,45.7,51.9,33.1,35.0,68.5,-17.0,,,,,,,,,,,,,
Utah Valley,2016,27,9,,46.3,50.3,34.6,32.6,75.3,-12.2,,,,,,,,,,,,,
Cal St. Bakersfield,2017,32,25,,46.9,41.0,34.2,31.6,68.2,-3.4,,,,,,,,,,,,,43.0
Chicago St.,2017,29,6,,40.7,55.7,30.4,36.1,68.7,-18.4,,,,,,,,,,,,,
Grand Canyon,2017,29,22,,47.8,47.3,33.0,32.5,70.4,-3.2,,,,,,,,,,,,,
Seattle,2017,27,13,,50.3,47.6,33.9,31.7,69.1,-11.7,,,,,,,,,,,,,
UMKC,2017,32,18,,47.3,53.4,36.9,34.1,72.0,-9.3,,,,,,,,,,,,,
UT Rio Grande Valley,2017,29,10,,48.0,53.6,32.5,37.0,75.5,-16.5,,,,,,,,,,,,,
Utah Valley,2017,31,17,,52.9,47.1,32.3,32.6,74.3,-9.9,,,,,,,,,,,,,
Cal St. Bakersfield,2018,27,12,,47.5,48.5,29.8,35.5,66.8,-11.4,,,,,,,,,,,,,
Chicago St.,2018,30,3,,43.6,57.9,31.4,40.6,73.4,-20.3,,,,,,,,,,,,,
Grand Canyon,2018,33,22,,49.2,45.6,31.7,27.5,69.9,-5.4,,,,,,,,,,,,,
Seattle,2018,31,20,,47.4,44.8,37.2,34.5,68.5,-7.4,,,,,,,,,,,,,
UMKC,2018,29,10,,45.6,51.7,33.5,36.0,70.7,-14.2,,,,,,,,,,,,,
UT Rio Grande Valley,2018,31,15,,44.3,49.9,30.5,36.5,75.1,-10.8,,,,,,,,,,,,,
Utah Valley,2018,31,23,,51.9,47.4,38.9,32.9,69.2,-4.1,,,,,,,,,,,,,
Cal Baptist,2019,27,16,,50.4,46.9,34.8,35.4,69.4,-9.0,,,,,,,,,,,,,
Cal St. Bakersfield,2019,31,18,,46.7,49.5,31.0,36.0,66.5,-8.8,,,,,,,,,,,,,
Chicago St.,2019,30,3,,43.5,57.9,30.7,38.5,71.9,-20.9,,,,,,,,,,,,,
Grand Canyon,2019,33,20,,52.5,48.4,33.1,35.2,69.3,-5.6,,,,,,,,,,,,,
Seattle,2019,31,18,,46.1,44.9,36.8,33.6,68.7,-8.9,,,,,,,,,,,,,
UMKC,2019,31,11,,47.8,53.0,35.2,36.5,68.0,-13.6,,,,,,,,,,,,,
UT Rio Grande Valley,2019,35,20,,46.0,50.3,31.3,33.8,71.7,-8.2,,,,,,,,,,,,,
Utah Valley,2019,33,25,,54.2,47.3,38.5,34.9,69.9,-2.3,,,,,,,,,,,,,
BYU,2016,36,25,,50.2,47.0,38.4,33.7,74.4,-1.5,,,,,,,,,,,,,41.0
Loyola Marymount,2016,30,13,,45.7,51.6,33.9,37.7,68.4,-9.0,,,,,,,,,,,,,
Pacific,2016,26,6,,49.3,47.2,32.2,36.6,67.6,-12.7,,,,,,,,,,,,,
Pepperdine,2016,31,17,,48.3,50.2,34.0,32.6,68.4,-5.0,,,,,,,,,,,,,
Portland,2016,31,11,,47.0,49.4,36.3,38.5,72.8,-12.3,,,,,,,,,,,,,
Saint Mary's,2016,34,28,,56.4,44.8,41.0,32.7,62.5,2.0,,,,,,,,,,,,,37.0
San Diego,2016,29,8,,46.1,48.1,29.2,36.2,67.0,-13.5,,,,,,,,,,,,,
San Francisco,2016,29,14,,48.5,47.8,35.1,38.6,71.1,-8.4,,,,,,,,,,,,,
Santa Clara,2016,30,10,,45.2,50.4,34.8,34.4,66.5,-11.9,,,,,,,,,,,,,
BYU,2017,34,22,,50.9,47.5,34.4,32.4,77.3,-2.4,,,,,,,,,,,,,38.0
Loyola Marymount,2017,29,15,,48.9,51.1,35.2,36.1,68.6,-7.2,,,,,,,,,,,,,
Pacific,2017,32,11,,42.9,51.8,32.5,35.7,67.7,-12.6,,,,,,,,,,,,,
Pepperdine,2017,30,9,,46.9,53.1,37.5,42.0,70.2,-14.0,,,,,,,,,,,,,
Portland,2017,31,11,,43.2,49.2,37.0,36.3,67.1,-13.3,,,,,,,,,,,,,
San Diego,2017,30,13,,45.0,50.9,34.7,36.3,64.7,-10.0,,,,,,,,,,,,,
San Francisco,2017,32,20,,52.5,46.4,34.7,33.8,70.5,-4.4,,,,,,,,,,,,,
Santa Clara,2017,32,17,,47.9,49.3,38.3,38.0,64.2,-6.9,,,,,,,,,,,,,
BYU,2018,35,24,,55.3,51.9,34.7,33.6,68.7,-1.8,,,,,,,,,,,,,
Loyola Marymount,2018,30,11,,48.2,57.7,34.6,38.1,68.0,-12.3,,,,,,,,,,,,,
Pacific,2018,31,14,,48.4,51.7,32.6,36.6,67.6,-10.2,,,,,,,,,,,,,
Pepperdine,2018,31,6,,48.8,54.7,34.2,40.1,68.6,-17.9,,,,,,,,,,,,,
Portland,2018,29,10,,46.5,51.7,38.3,35.7,68.3,-14.4,,,,,,,,,,,,,
Saint Mary's,2018,36,30,,57.1,49.5,41.0,32.3,64.6,1.3,,,,,,,,,,,,,25.0
San Diego,2018,33,20,,51.7,46.4,36.6,30.7,68.0,-5.7,,,,,,,,,,,,,
San Francisco,2018,38,22,,48.4,48.5,33.8,33.3,68.0,-7.1,,,,,,,,,,,,,
Santa Clara,2018,29,11,,47.1,55.1,33.8,40.0,65.7,-12.5,,,,,,,,,,,,,
BYU,2019,32,19,,54.7,48.3,33.0,36.6,72.7,-3.1,,,,,,,,,,,,,
Loyola Marymount,2019,32,22,,50.3,50.3,31.6,32.4,64.0,-4.0,,,,,,,,,,,,,
Pacific,2019,30,14,,44.9,54.1,35.6,36.2,66.5,-9.6,,,,,,,,,,,,,
Pepperdine,2019,33,16,,48.4,54.9,37.9,34.8,71.9,-9.7,,,,,,,,,,,,,
Portland,2019,30,7,,45.8,49.2,32.9,37.1,68.5,-17.9,,,,,,,,,,,,,
San Diego,2019,35,21,,52.4,49.7,34.8,32.9,68.2,-3.7,,,,,,,,,,,,,
San Francisco,2019,30,21,,53.8,49.3,35.4,32.0,67.9,-2.7,,,,,,,,,,,,,38.0
Santa Clara,2019,30,16,,49.8,49.9,36.2,31.8,67.8,-7.1,,,,,,,,,,,,,
Saint Joseph's,2016,36,28,8.0,52.3,49.2,32.7,31.1,70.9,3.4,113.435,98.7988,0.854,51.3,47.9,14.3,16.2,28.3,74.2,37.7,24.5,81.6,28.0
VCU,2016,36,25,10.0,50.1,48.6,35.2,33.7,70.3,-0.1,110.984,94.769,0.878,50.9,49.0,16.2,21.9,33.3,72.2,32.3,37.0,83.1,47.0
Rhode Island,2017,35,25,11.0,51.2,45.4,33.3,29.5,67.7,0.4,110.668,95.0527,0.848,50.7,44.7,16.6,19.5,33.1,70.7,39.6,45.4,84.0,28.0
Rhode Island,2018,34,26,7.0,50.4,50.6,35.2,33.2,69.6,1.6,111.71,97.328,0.822,51.5,50.1,15.5,22.9,31.0,72.5,30.5,40.7,83.1,28.0
Duke,2017,37,28,2.0,53.5,48.9,37.9,29.3,69.7,8.6,120.988,95.8991,0.943,54.8,47.5,16.2,17.2,31.5,70.6,38.9,30.9,92.3,7.0
Florida St.,2017,35,26,3.0,54.4,45.4,34.7,34.9,72.8,5.9,116.738,93.9951,0.915,53.9,47.4,16.3,19.8,34.0,69.6,37.7,37.3,87.2,16.0
Louisville,2017,34,25,2.0,50.5,44.8,35.5,31.6,69.4,6.9,117.179,90.4602,0.952,51.4,45.1,16.1,19.8,36.3,71.3,34.8,39.8,90.8,10.0
Notre Dame,2017,36,26,5.0,50.9,48.2,38.4,33.8,68.3,5.9,118.891,97.7973,0.922,54.0,49.0,13.9,18.8,27.4,69.0,28.2,26.6,86.7,14.0
Virginia,2017,34,23,5.0,49.7,45.1,38.5,31.7,60.3,5.0,113.686,87.0194,0.959,52.9,45.7,15.6,21.0,28.7,75.8,25.7,34.0,90.0,24.0
North Carolina,2018,37,26,2.0,51.0,45.3,35.9,38.0,72.6,7.1,121.959,96.9241,0.93,52.3,50.1,16.8,16.2,38.4,74.0,28.6,25.8,90.6,10.0
UMBC,2018,33,25,16.0,48.1,51.0,38.2,35.0,69.3,-4.9,103.389,105.297,0.418,52.2,52.1,16.9,20.7,26.4,71.0,30.0,31.1,71.4,
Connecticut,2016,36,25,9.0,49.9,42.0,36.5,32.6,66.9,1.2,111.651,92.899,0.874,52.0,44.2,16.5,18.1,29.1,70.8,29.7,34.5,85.3,29.0
Cincinnati,2017,36,30,6.0,52.1,41.4,34.5,34.4,65.4,5.6,114.215,91.8982,0.926,51.7,44.7,15.2,20.8,35.8,70.4,32.5,29.6,87.4,18.0
Cincinnati,2018,36,31,2.0,50.2,41.4,35.3,30.9,66.2,5.9,113.155,86.158,0.947,51.6,42.8,17.3,22.3,38.1,71.3,36.8,27.4,91.1,6.0
Houston,2018,35,27,6.0,50.5,43.8,38.7,32.3,69.4,2.4,115.787,95.2473,0.895,53.9,45.8,17.8,19.4,34.7,74.2,32.2,41.1,86.2,21.0
UCF,2019,33,24,9.0,52.0,44.5,36.5,31.3,66.4,2.0,110.31,95.7335,0.874,52.7,45.5,17.5,18.3,29.6,70.5,46.4,29.6,82.6,31.0
Iowa,2016,33,22,7.0,48.7,48.7,37.4,31.3,69.8,2.0,116.298,94.9421,0.911,51.8,47.4,15.0,18.9,32.3,68.6,33.4,25.2,85.9,25.0
Michigan St.,2017,35,20,9.0,52.9,44.1,37.3,34.6,68.1,0.4,110.569,95.5936,0.846,53.9,46.3,20.7,16.1,29.3,72.7,33.8,35.1,82.8,39.0
Northwestern,2017,36,24,8.0,48.8,44.0,34.2,33.3,66.9,2.0,111.189,95.6778,0.863,49.7,46.0,15.9,18.0,30.9,69.3,30.8,35.5,82.6,37.0
Michigan St.,2018,35,30,3.0,55.2,38.4,40.1,33.7,68.0,8.0,119.983,93.6364,0.942,57.8,42.6,19.2,14.5,36.1,73.2,36.3,29.2,91.7,5.0
Ohio St.,2018,34,25,5.0,54.7,46.1,35.3,35.1,68.2,4.5,116.15,95.0408,0.923,54.4,48.3,17.3,18.0,30.3,75.1,31.5,29.0,85.6,17.0
Iowa,2019,35,23,10.0,51.4,53.5,36.4,32.4,70.9,3.2,117.163,101.207,0.844,52.6,51.6,17.2,18.5,29.9,71.0,42.3,28.8,83.6,37.0
Maryland,2019,34,23,6.0,50.8,44.7,34.9,31.9,67.7,4.2,113.82,93.8429,0.89,51.9,46.0,19.8,14.3,33.9,75.3,32.9,26.6,85.1,27.0
Minnesota,2019,36,22,10.0,48.5,48.7,31.7,34.0,68.8,2.7,110.671,96.2136,0.809,48.3,49.1,17.6,16.6,31.9,71.9,42.0,28.3,80.9,39.0
Ohio St.,2019,35,20,11.0,49.7,47.9,34.1,32.7,67.2,0.9,109.268,94.1896,0.834,50.5,48.2,18.7,18.4,27.7,73.9,34.0,31.8,82.4,42.0
Iowa St.,2017,35,24,5.0,51.8,47.5,40.0,34.6,69.6,6.5,119.541,96.4283,0.919,54.8,49.0,14.1,20.0,26.1,68.0,27.6,25.7,87.9,17.0
Baylor,2019,34,20,9.0,51.2,47.5,34.1,34.5,66.6,0.9,113.517,98.2238,0.821,50.9,48.6,19.9,18.5,38.1,71.2,32.6,36.5,81.7,37.0
Kansas,2019,36,26,4.0,52.6,46.0,35.0,33.6,71.5,8.3,112.746,92.0406,0.908,52.3,47.8,18.7,18.5,29.7,71.7,32.9,27.7,86.7,17.0
Oklahoma,2019,34,20,9.0,49.7,45.8,34.6,33.3,70.3,2.5,109.401,93.8663,0.863,50.2,47.1,17.4,17.5,26.2,72.1,31.4,24.1,83.0,30.0
Butler,2016,33,22,9.0,49.9,49.1,39.3,33.8,69.2,2.0,117.318,101.468,0.877,52.5,49.4,14.5,18.6,32.8,72.2,39.8,36.2,84.2,37.0
Providence,2016,35,24,9.0,48.0,49.8,32.1,32.3,69.3,3.4,109.321,95.7275,0.826,48.1,48.8,16.3,20.7,30.9,69.8,37.7,27.8,82.5,36.0
Xavier,2016,34,28,2.0,49.8,48.6,36.3,31.1,72.4,7.7,117.096,95.3858,0.922,51.5,47.9,17.5,19.4,35.7,73.7,42.9,34.4,87.7,9.0
Villanova,2017,36,32,1.0,59.2,49.1,36.9,31.1,65.6,11.1,122.753,91.9756,0.962,57.9,48.1,17.1,20.2,29.6,72.4,35.3,21.8,95.2,1.0
Butler,2018,35,21,10.0,54.3,49.5,35.7,37.3,69.1,1.7,115.758,97.8916,0.898,53.8,52.0,15.7,19.8,27.3,75.3,26.3,35.1,84.7,32.0
Seton Hall,2018,34,22,8.0,52.0,50.0,36.5,33.8,70.7,2.5,116.335,98.9994,0.887,52.8,49.9,17.9,17.9,34.2,71.5,34.6,28.9,85.1,36.0
Xavier,2018,35,29,1.0,55.9,49.8,37.2,33.4,71.7,8.8,120.74,99.0492,0.927,55.7,50.0,17.0,15.7,30.0,77.1,40.2,24.8,88.9,3.0
Villanova,2019,36,26,6.0,53.7,49.7,35.2,34.3,65.1,3.6,116.973,98.1987,0.854,53.4,49.9,17.0,18.1,30.8,72.7,35.3,28.6,86.3,23.0
Liberty,2019,33,29,12.0,56.4,48.3,36.8,33.3,63.5,-0.6,110.565,99.7435,0.73,56.1,48.7,17.2,20.8,25.7,73.5,26.0,32.4,78.4,36.0
Hawaii,2016,32,26,13.0,54.1,44.8,32.2,30.0,71.4,0.8,108.243,96.5071,0.784,52.5,44.9,18.4,19.9,30.9,73.3,46.3,39.3,78.0,34.0
UC Irvine,2019,36,31,13.0,50.1,40.7,35.9,33.9,66.6,0.7,106.606,97.144,0.724,51.4,43.7,17.1,16.7,33.6,73.6,28.6,33.8,78.0,37.0
Middle Tennessee,2016,33,23,15.0,47.8,48.0,39.2,34.7,68.5,-3.2,103.144,99.21,0.605,51.8,48.5,17.2,19.4,28.2,74.5,35.7,42.8,75.0,
Middle Tennessee,2017,35,31,12.0,53.6,47.1,36.9,32.8,65.8,2.0,111.64,96.9823,0.828,54.3,47.4,15.6,20.2,30.2,75.7,29.7,37.9,81.3,26.0
Marshall,2018,35,25,13.0,55.5,48.7,35.9,35.0,75.9,-2.5,109.328,103.944,0.618,54.9,49.7,17.2,18.2,22.3,68.4,32.9,29.0,75.6,
Yale,2016,29,22,12.0,51.4,45.5,36.0,32.7,66.8,-0.1,109.51,95.6837,0.812,52.5,46.3,20.1,18.2,39.2,76.0,42.1,33.8,80.2,37.0
Buffalo,2018,35,27,13.0,54.3,48.4,37.1,33.1,73.8,-1.3,114.284,103.791,0.763,54.8,48.5,16.6,18.2,32.0,71.4,30.3,40.4,79.1,36.0
Buffalo,2019,35,32,6.0,55.7,49.3,33.7,29.3,74.9,5.5,114.89,94.5531,0.88,53.4,47.2,15.6,20.4,31.6,73.3,32.2,31.5,86.1,15.0
Northern Iowa,2016,35,22,11.0,51.3,48.9,37.2,32.4,63.7,-2.1,108.298,98.2039,0.777,53.3,48.6,15.2,18.7,17.8,72.8,32.8,23.6,80.2,45.0
Wichita St.,2016,34,25,11.0,49.2,42.1,32.3,32.7,66.8,0.2,111.743,90.5918,0.919,49.6,44.5,14.8,23.2,31.9,76.4,37.8,45.4,86.6,32.0
Wichita St.,2017,35,31,10.0,50.7,42.0,40.2,31.2,70.0,4.1,119.636,93.2236,0.934,54.7,43.9,15.9,19.8,33.9,75.8,40.9,35.2,88.9,19.0
Murray St.,2019,31,28,12.0,56.2,48.3,34.9,28.9,70.2,1.2,112.038,98.706,0.79,55.2,46.4,17.2,19.5,32.4,70.0,33.2,28.4,81.3,29.0
Utah,2016,35,26,3.0,55.5,44.5,36.3,37.1,66.9,5.6,115.673,97.5601,0.875,55.2,47.4,17.8,15.2,29.0,72.0,38.4,23.4,86.6,13.0
USC,2017,36,26,11.0,51.0,47.2,36.2,36.8,70.1,1.3,112.508,100.168,0.78,51.9,49.7,15.7,18.0,30.8,68.8,37.2,23.9,81.2,40.0
Washington,2019,36,27,9.0,51.9,46.0,35.0,33.4,67.3,3.1,106.98,93.6134,0.811,52.1,47.3,19.8,24.0,29.6,65.6,35.1,34.5,82.2,37.0
Arkansas Little Rock,2016,33,28,12.0,48.9,45.7,38.2,30.9,63.8,2.1,108.951,95.6244,0.783,52.4,45.1,15.9,21.4,26.9,69.9,31.4,38.3,78.9,35.0
Wofford,2019,32,30,7.0,53.9,50.6,41.4,32.6,67.1,4.0,118.357,97.6422,0.873,57.8,50.2,16.2,19.3,32.3,75.4,27.7,31.8,84.4,19.0
Kentucky,2016,36,27,4.0,52.9,42.7,36.6,32.6,68.2,5.0,122.508,97.3082,0.943,53.7,44.9,16.1,17.9,37.8,68.3,38.3,41.4,90.7,10.0
Arkansas,2017,36,26,8.0,50.0,46.7,36.5,33.2,71.0,3.9,116.639,101.04,0.821,51.5,48.2,16.4,18.3,32.4,66.5,38.8,39.3,83.2,37.0
Alabama,2018,36,20,9.0,53.5,46.9,32.6,32.8,69.9,-1.1,108.459,94.6334,0.801,51.6,47.2,20.1,18.7,29.1,69.4,41.5,36.8,82.2,41.0
Auburn,2018,34,26,4.0,48.7,47.7,35.7,35.1,73.8,4.3,118.196,97.5614,0.895,51.8,49.5,16.7,20.8,33.0,71.7,39.9,38.4,84.0,19.0
Florida,2018,34,21,6.0,47.6,46.6,37.0,35.2,68.5,1.4,115.14,96.4262,0.907,51.1,48.9,14.3,20.1,28.8,69.2,33.1,31.7,86.4,23.0
Tennessee,2018,35,26,3.0,47.3,46.1,38.0,31.8,67.1,6.4,114.839,92.6901,0.921,50.7,46.8,18.0,20.6,33.6,68.5,36.5,38.3,87.2,13.0
Florida,2019,36,20,10.0,49.5,48.5,33.4,31.6,64.3,0.7,110.219,91.895,0.892,49.9,48.4,18.0,22.6,31.1,68.3,30.4,33.6,83.9,37.0
Stephen F. Austin,2016,30,24,14.0,54.5,49.7,36.9,32.8,68.2,-1.2,111.339,96.9336,0.772,55.5,49.6,18.2,25.9,33.5,70.3,33.9,40.1,81.0,30.0
Saint Mary's,2017,34,29,7.0,56.9,45.4,39.4,30.0,61.2,3.9,118.894,94.2568,0.932,57.9,45.2,17.3,15.4,33.4,78.6,26.6,25.5,87.4,22.0
Dayton,2016,33,25,7.0,51.5,43.7,34.4,34.9,68.5,2.4,106.934,93.5907,0.838,52.0,46.9,18.8,17.9,28.9,76.4,41.0,32.5,82.4,31.0
Dayton,2017,31,24,7.0,51.0,47.2,38.4,32.3,69.6,1.5,112.3,96.6262,0.826,54.2,47.7,17.1,20.8,25.8,73.0,43.7,34.6,82.8,40.0
VCU,2017,35,26,10.0,51.5,46.0,33.1,33.8,70.1,1.3,110.018,95.716,0.797,51.1,47.1,17.9,21.0,31.4,72.5,36.3,39.8,82.9,37.0
Davidson,2018,33,21,12.0,56.5,50.3,38.9,35.0,65.5,-2.9,117.399,102.494,0.816,57.7,51.2,14.5,16.2,22.7,76.6,24.5,28.6,81.9,45.0
St. Bonaventure,2018,34,26,11.0,48.5,49.7,38.6,32.0,70.4,1.4,112.288,101.093,0.744,52.3,48.9,16.3,20.4,30.1,70.4,39.9,39.3,80.3,33.0
Saint Louis,2019,36,23,13.0,47.2,46.7,30.4,31.4,67.7,-3.2,102.575,96.3024,0.661,46.8,46.9,19.0,19.4,36.1,74.7,39.7,32.9,77.0,37.0
VCU,2019,33,25,8.0,53.1,43.8,30.5,28.5,69.7,1.1,104.312,88.6222,0.888,50.6,43.0,20.1,23.5,31.0,69.4,36.0,37.2,81.7,33.0
Pittsburgh,2016,32,20,10.0,50.4,48.4,35.0,35.4,66.3,1.8,115.484,99.2827,0.864,51.3,50.5,17.4,17.1,37.4,72.5,36.6,32.6,82.3,39.0
Miami FL,2017,33,21,8.0,49.8,46.6,35.6,33.0,64.6,2.9,110.386,93.4254,0.89,51.2,47.2,19.6,18.3,33.7,72.1,34.3,28.8,84.6,35.0
Virginia Tech,2017,33,22,9.0,54.6,49.0,40.3,36.3,70.0,3.3,117.358,102.419,0.83,57.0,50.9,17.2,16.6,23.4,70.1,40.5,26.9,80.0,35.0
Miami FL,2018,32,22,6.0,52.2,48.8,36.4,32.8,68.2,2.7,113.309,97.5988,0.869,53.0,48.8,16.5,18.9,29.0,71.7,29.1,28.4,83.9,22.0
North Carolina St.,2018,33,21,9.0,52.1,53.6,37.2,31.6,72.8,0.9,116.426,101.294,0.812,53.3,51.5,16.9,20.7,33.6,68.1,33.9,32.6,81.7,35.0
Virginia,2018,34,31,1.0,50.1,42.8,38.3,31.0,60.5,11.3,116.528,84.3753,0.971,52.9,43.7,14.1,21.0,27.4,74.3,24.8,26.2,93.1,1.0
Virginia Tech,2018,33,21,8.0,57.3,49.2,38.8,34.7,70.2,1.3,115.016,98.3773,0.85,57.5,49.9,16.9,18.4,23.5,70.9,36.5,28.7,83.4,41.0
Louisville,2019,34,20,7.0,50.6,46.0,34.2,32.0,68.6,2.3,113.376,92.4055,0.906,50.9,46.4,17.8,16.3,29.2,74.2,35.1,31.6,85.9,32.0
Syracuse,2019,34,20,8.0,49.3,46.9,33.3,32.9,67.3,0.4,110.213,93.9133,0.86,49.5,47.5,18.4,23.2,30.1,66.7,36.8,34.8,84.0,34.0
Stony Brook,2016,31,24,13.0,50.7,45.8,37.2,34.1,67.8,-1.1,107.481,98.9433,0.697,53.2,47.3,17.2,18.5,34.4,74.2,32.5,27.6,77.1,43.0
Vermont,2017,34,29,13.0,55.5,46.9,36.7,34.9,65.8,0.7,110.832,98.9477,0.77,55.4,48.2,17.1,19.7,30.1,73.1,34.9,26.6,79.5,34.0
Vermont,2019,33,27,13.0,51.6,46.3,35.9,35.1,66.7,-1.0,107.949,99.2286,0.735,52.4,49.0,16.6,19.4,27.5,78.2,36.3,26.2,79.3,
Cincinnati,2016,33,22,9.0,47.7,41.3,34.8,35.7,66.0,0.3,110.035,92.8755,0.872,49.0,45.3,16.4,20.6,36.8,69.4,33.5,26.9,83.7,37.0
Temple,2016,33,21,10.0,44.9,46.3,33.7,31.2,66.5,-0.1,106.619,98.2712,0.716,46.9,46.7,13.7,16.6,29.0,70.2,27.1,28.6,78.5,38.0
SMU,2017,35,30,6.0,51.0,44.1,40.6,32.1,64.8,6.4,120.073,94.8141,0.939,54.7,45.7,17.0,18.3,37.5,73.7,36.5,24.5,88.4,11.0
Wichita St.,2018,33,25,4.0,53.8,46.0,38.1,36.3,70.1,3.4,121.925,101.857,0.877,55.3,49.3,16.4,16.4,35.2,77.3,35.1,33.1,88.0,16.0
Cincinnati,2019,35,28,7.0,47.6,45.1,34.5,35.5,65.0,5.8,111.566,94.515,0.885,49.0,48.1,16.1,20.9,37.6,70.6,38.1,30.5,84.8,22.0
Florida Gulf Coast,2016,31,17,16.0,51.5,48.3,34.2,31.2,68.0,-8.4,102.917,104.307,0.48,51.2,48.1,16.9,16.2,31.5,72.5,36.4,36.1,71.4,
Florida Gulf Coast,2017,31,26,14.0,55.4,51.0,33.7,31.0,67.2,-1.7,109.563,104.547,0.622,54.1,49.1,18.1,17.3,34.6,70.4,34.0,34.8,75.8,
Lipscomb,2018,30,23,15.0,53.2,52.8,32.7,33.8,75.9,-3.2,103.793,103.43,0.523,51.9,51.7,20.1,19.8,28.0,75.9,41.2,38.7,72.5,
Michigan,2016,35,22,11.0,52.6,51.1,38.0,34.7,66.3,0.8,115.094,100.54,0.834,55.0,51.2,14.7,17.7,24.4,73.7,28.4,26.8,79.6,43.0
Michigan St.,2016,35,29,2.0,51.4,41.7,43.4,31.0,67.6,7.2,123.022,93.3408,0.945,56.0,42.6,17.5,14.2,37.2,75.8,30.0,34.0,91.8,2.0
Purdue,2016,35,26,5.0,52.8,42.9,36.7,31.4,68.9,4.4,117.0,92.4061,0.933,53.7,44.3,17.5,13.8,35.3,76.7,35.1,27.7,88.7,12.0
Maryland,2017,32,24,6.0,51.0,45.6,36.3,34.2,68.6,3.7,113.565,98.7271,0.847,52.6,47.1,19.1,17.9,30.6,67.7,38.6,32.2,82.5,40.0
Minnesota,2017,34,24,5.0,47.5,44.5,34.3,30.9,70.9,3.7,109.574,92.9833,0.87,48.6,44.9,16.2,17.7,30.1,70.0,39.5,28.7,81.2,27.0
Wisconsin,2019,34,23,5.0,49.7,44.1,35.9,31.5,65.0,6.3,110.809,87.134,0.913,51.5,44.8,14.4,17.2,24.0,73.5,27.5,25.9,86.5,21.0
Baylor,2016,33,21,5.0,49.8,49.1,37.4,36.9,67.4,3.5,118.756,98.8407,0.877,51.7,51.0,18.9,19.8,40.2,71.2,39.2,38.1,85.5,21.0
Texas,2016,33,20,6.0,48.5,45.8,34.1,34.5,66.3,3.2,112.821,95.7146,0.859,49.3,47.5,15.4,18.5,30.7,67.7,39.7,37.5,84.7,26.0
Texas Tech,2016,32,19,8.0,49.2,47.2,34.6,35.6,67.2,1.3,113.846,99.1212,0.82,49.9,49.3,17.7,18.9,31.7,67.6,43.1,32.9,81.3,43.0
West Virginia,2016,35,26,3.0,50.3,47.7,32.5,33.1,70.9,7.4,116.39,90.4754,0.944,50.2,48.8,19.6,25.5,41.9,72.8,46.1,54.8,89.3,8.0
Kansas St.,2017,35,21,11.0,51.8,45.5,36.2,38.2,67.2,1.7,112.038,94.4839,0.886,52.4,48.9,19.2,22.4,29.5,67.5,40.6,32.2,83.1,36.0
Oklahoma St.,2017,32,20,10.0,50.4,52.4,40.3,36.4,72.9,3.3,124.834,102.73,0.918,53.8,52.8,18.3,20.8,38.0,67.8,37.8,45.6,84.7,30.0
Oklahoma,2018,32,18,10.0,53.3,49.1,35.9,36.2,76.7,1.1,115.128,100.709,0.855,53.8,51.2,17.3,17.1,27.9,70.0,33.1,25.6,82.1,42.0
TCU,2018,33,21,6.0,55.1,50.1,39.4,37.6,70.0,2.2,120.625,101.705,0.882,56.9,52.7,17.7,17.6,34.5,74.1,34.1,30.7,84.8,29.0
Texas,2018,34,19,10.0,51.2,47.5,32.0,33.2,66.6,1.4,109.372,93.914,0.861,49.8,47.9,17.1,18.3,29.4,70.5,33.2,26.1,82.9,33.0
Iowa St.,2019,35,23,6.0,55.0,47.1,36.2,33.6,69.1,4.3,118.992,97.1452,0.915,54.9,48.5,16.2,18.8,28.5,70.0,30.3,23.6,86.4,24.0
Kansas St.,2019,34,25,4.0,48.9,49.0,33.4,31.4,64.9,6.5,107.96,87.7377,0.906,49.5,48.1,17.4,22.9,28.1,74.4,30.7,30.5,86.1,18.0
Seton Hall,2016,34,25,6.0,48.8,44.3,34.7,31.7,70.4,5.3,111.433,93.7641,0.893,50.2,45.3,19.5,19.2,35.0,69.3,40.6,33.7,84.5,20.0
Creighton,2017,34,25,6.0,56.4,50.2,39.8,33.0,72.7,4.3,115.639,96.0487,0.902,58.0,50.0,17.1,19.6,24.1,70.3,27.9,28.6,84.4,29.0
Marquette,2017,32,19,10.0,52.7,50.6,42.9,36.8,71.5,0.6,120.943,103.371,0.886,57.6,51.9,17.1,18.5,27.3,71.1,31.1,35.9,83.0,41.0
Seton Hall,2017,33,21,9.0,49.6,48.0,33.8,34.1,68.9,2.7,109.8,95.8517,0.809,50.2,49.0,19.4,17.6,35.3,74.6,37.9,36.1,83.0,36.0
Creighton,2018,32,21,8.0,58.7,50.0,37.2,33.6,72.3,2.0,116.454,99.1744,0.899,58.0,50.0,15.4,15.8,21.8,75.3,27.1,24.2,83.4,39.0
Providence,2018,35,21,10.0,49.5,51.5,33.2,32.2,68.3,1.9,108.926,97.0075,0.797,49.6,50.1,17.6,18.9,29.4,71.1,39.2,31.4,81.3,30.0
Marquette,2019,34,24,5.0,50.0,45.1,38.8,32.4,70.5,2.7,114.15,95.7294,0.862,54.1,45.9,19.5,16.6,29.1,73.8,35.9,35.7,84.4,26.0
Seton Hall,2019,34,20,10.0,50.6,48.7,32.4,34.0,70.4,-0.4,109.303,96.3961,0.771,49.9,49.3,17.5,20.0,29.3,70.6,34.8,32.6,81.6,34.0
Weber St.,2016,32,23,15.0,55.3,45.2,35.5,35.6,67.7,-3.7,103.593,100.851,0.593,54.9,47.2,19.7,15.5,26.0,74.8,46.6,28.8,73.3,
North Dakota,2017,29,22,15.0,51.4,50.0,38.7,34.8,72.5,-5.3,102.854,103.166,0.486,53.4,50.3,18.7,20.0,26.2,72.1,36.6,39.4,72.3,
Montana,2018,32,26,14.0,51.4,46.3,33.7,35.2,69.1,-1.1,110.144,99.3132,0.72,51.7,48.3,17.4,21.2,34.0,73.6,38.9,41.3,76.8,
Montana,2019,33,26,15.0,55.6,49.3,37.8,34.4,68.0,-3.2,107.36,103.814,0.595,56.7,50.0,17.4,19.3,27.7,75.0,32.0,37.0,76.2,
UNC Asheville,2016,32,20,15.0,50.2,52.1,32.1,29.6,71.0,-6.3,103.529,99.3166,0.549,49.9,48.7,18.6,22.4,31.6,70.6,42.4,33.4,74.2,
Winthrop,2017,31,26,13.0,50.9,45.9,37.9,32.1,72.3,-1.8,106.436,101.809,0.601,53.7,46.4,17.9,18.7,27.0,71.3,38.9,33.8,75.5,
Radford,2018,34,23,16.0,47.1,48.9,35.0,34.6,64.2,-6.5,103.581,103.629,0.453,49.4,49.5,18.6,20.2,32.2,71.7,31.6,31.4,70.9,
Gardner Webb,2019,32,23,16.0,53.6,50.4,37.7,33.7,68.7,-5.0,107.475,108.218,0.454,54.8,50.2,16.8,18.1,22.6,69.0,39.2,27.7,71.9,
UC Davis,2017,34,23,16.0,46.9,48.5,34.5,32.6,70.3,-7.5,97.8508,102.603,0.411,48.7,48.4,20.2,20.0,29.6,71.7,41.1,33.6,69.9,
Cal St. Fullerton,2018,30,20,15.0,52.0,45.0,33.8,36.4,70.7,-5.5,104.984,103.669,0.467,52.0,48.3,20.6,18.4,26.5,71.1,46.0,34.8,71.9,
UNC Wilmington,2016,31,23,13.0,51.0,46.1,34.4,33.9,71.3,-0.7,110.051,100.792,0.707,51.2,47.1,16.0,20.1,32.1,70.1,35.9,54.3,77.7,39.0
UNC Wilmington,2017,33,29,12.0,55.7,54.2,36.1,34.0,71.5,1.5,117.706,105.319,0.786,55.2,53.1,13.9,20.3,32.5,71.2,30.9,39.4,80.2,40.0
College of Charleston,2018,32,26,13.0,52.0,48.7,35.9,34.6,66.0,-2.1,109.887,105.153,0.543,52.8,50.2,14.7,17.8,25.6,72.0,36.8,31.3,76.4,
Northeastern,2019,34,23,13.0,55.8,53.0,38.2,33.7,67.5,-2.8,111.465,102.718,0.685,57.2,51.8,16.7,16.7,22.7,75.7,34.3,28.0,78.6,
Old Dominion,2019,35,26,14.0,44.1,43.5,34.9,32.4,65.9,-1.8,101.929,96.3508,0.64,47.7,45.6,17.9,18.6,32.3,75.2,29.5,32.4,77.0,35.0
Green Bay,2016,34,21,14.0,48.5,50.0,35.0,36.3,77.3,-4.5,108.225,104.236,0.568,49.9,51.2,15.6,20.9,31.3,68.2,42.2,35.4,76.2,
Northern Kentucky,2017,33,24,15.0,51.6,50.2,35.7,32.4,69.3,-4.9,106.647,105.311,0.536,52.9,49.8,19.0,17.0,31.3,73.7,37.3,30.0,72.8,
Wright St.,2018,33,25,14.0,47.7,45.8,33.5,34.7,69.3,-3.5,101.068,98.251,0.59,49.0,48.3,18.6,21.1,28.8,75.1,36.0,30.0,74.3,
Northern Kentucky,2019,33,26,14.0,55.0,49.9,36.0,32.0,69.3,-2.2,109.235,102.676,0.678,55.0,48.9,17.6,18.5,30.7,73.5,35.5,35.2,77.1,
Princeton,2017,29,23,12.0,50.5,46.9,37.6,34.5,64.2,-0.4,109.396,96.8962,0.785,53.5,48.9,15.2,20.6,24.2,75.3,24.9,31.7,80.0,32.0
Penn,2018,32,24,16.0,53.3,48.0,34.8,30.0,70.1,-3.3,103.553,99.8577,0.653,53.0,46.9,16.6,17.1,24.2,77.3,33.6,31.9,75.6,
Yale,2019,29,22,14.0,56.0,47.8,36.5,31.0,72.2,-0.9,111.702,103.115,0.707,56.1,47.2,18.1,15.2,26.3,75.6,30.5,30.6,77.3,32.0
Iona,2016,33,22,13.0,52.5,46.0,37.0,35.8,72.6,-3.6,110.602,102.768,0.66,53.8,48.5,17.6,19.4,29.4,68.7,32.5,36.2,78.2,49.0
Iona,2017,35,22,14.0,49.3,47.7,39.7,36.1,71.7,-5.8,110.197,106.195,0.59,53.4,49.6,16.5,18.0,26.9,68.3,31.2,33.4,75.5,
Iona,2018,34,20,15.0,51.5,51.7,38.3,35.8,71.5,-7.3,110.261,107.388,0.54,54.1,52.1,16.0,18.8,24.4,69.5,30.4,29.2,74.8,
Iona,2019,33,17,16.0,53.2,50.3,35.1,36.6,71.9,-10.4,106.514,109.593,0.372,53.0,52.3,17.3,18.6,25.7,69.9,37.1,28.8,72.3,
Buffalo,2016,34,19,14.0,49.0,48.8,33.7,34.3,72.9,-5.8,105.541,102.83,0.55,49.6,49.8,18.9,17.7,32.2,71.4,41.7,37.1,75.7,
Kent St.,2017,35,22,14.0,48.5,48.5,31.7,35.3,69.5,-7.2,104.421,102.687,0.536,48.1,49.6,18.1,19.3,38.1,70.0,33.0,34.2,74.3,
Hampton,2016,31,20,16.0,47.3,47.5,30.5,33.8,71.9,-6.3,99.7519,106.561,0.269,47.2,48.0,18.9,16.9,34.9,72.6,42.0,36.4,68.6,
Bradley,2019,34,20,15.0,46.5,46.5,37.0,32.8,66.5,-7.9,100.892,101.25,0.469,49.7,47.6,18.9,18.6,27.1,73.3,36.3,35.3,72.9,
Fresno St.,2016,33,23,14.0,47.0,48.4,34.4,33.0,69.8,-0.9,107.084,100.385,0.652,48.2,48.5,14.9,20.8,30.3,71.0,38.1,46.4,76.6,47.0
Nevada,2017,35,28,12.0,49.2,49.3,38.2,31.0,71.0,1.7,114.477,101.135,0.791,52.7,47.9,15.7,15.9,30.6,73.8,41.8,28.1,80.7,32.0
San Diego St.,2018,32,22,11.0,52.0,47.8,34.1,33.2,70.0,-1.5,111.286,97.1358,0.841,52.0,48.8,17.0,19.3,31.8,74.7,34.3,29.2,81.7,41.0
Nevada,2019,34,29,7.0,54.9,46.3,34.7,33.2,70.8,3.8,114.0,95.0771,0.873,54.1,47.6,14.4,19.2,26.5,75.3,40.7,27.6,85.4,20.0
Utah St.,2019,34,28,8.0,54.2,42.2,35.7,35.3,69.6,2.0,112.966,96.3467,0.846,54.3,46.2,17.9,17.2,31.7,77.8,36.7,34.1,82.3,25.0
Mount St. Mary's,2017,36,20,16.0,49.4,49.5,35.8,34.1,68.3,-7.9,98.9775,103.211,0.403,50.9,49.6,19.2,21.7,23.0,65.5,32.8,33.3,69.8,
Fairleigh Dickinson,2019,33,21,16.0,51.0,51.3,40.1,35.3,68.0,-9.3,106.184,110.432,0.357,54.5,51.5,19.4,20.4,29.4,66.9,35.5,30.2,69.6,
Austin Peay,2016,34,16,16.0,51.0,53.3,34.7,36.4,70.5,-11.3,104.005,109.104,0.327,51.5,53.6,20.4,18.8,31.8,70.3,46.5,31.1,68.8,
Jacksonville St.,2017,33,20,15.0,50.8,45.1,37.2,37.8,65.0,-8.0,105.363,104.78,0.475,52.4,49.3,20.7,16.8,31.5,72.0,33.8,34.8,71.2,
Murray St.,2018,30,26,12.0,54.4,47.6,37.2,30.9,67.8,-0.4,113.139,100.444,0.745,55.2,46.9,17.3,18.2,32.5,72.8,37.1,30.2,78.9,41.0
Belmont,2019,32,27,11.0,59.2,47.2,37.0,34.4,72.5,1.2,114.834,101.76,0.785,57.8,48.9,15.4,16.3,25.6,75.7,28.1,27.7,80.8,34.0
Arizona,2016,34,25,6.0,52.2,45.7,38.1,31.6,69.1,3.4,117.368,95.4851,0.905,53.8,46.3,17.9,16.2,35.1,75.1,44.1,29.2,89.0,17.0
California,2016,34,23,4.0,51.1,41.5,36.3,34.7,68.8,2.2,112.902,93.2625,0.899,52.5,44.0,17.5,14.1,32.4,74.3,41.6,37.2,85.6,23.0
Colorado,2016,33,21,8.0,43.9,44.3,38.6,35.3,69.9,0.7,108.785,95.1948,0.803,48.4,46.9,18.8,15.4,35.0,75.4,40.0,35.5,81.5,39.0
Oregon St.,2016,31,18,7.0,46.9,50.0,37.4,32.4,68.0,0.3,110.836,98.3992,0.785,49.9,49.4,16.8,19.5,29.4,67.7,37.2,39.3,77.6,44.0
USC,2016,34,21,8.0,49.4,46.6,38.7,32.5,72.1,0.2,113.901,99.116,0.848,52.0,47.3,16.5,16.9,32.4,68.1,35.3,28.5,81.4,39.0
Arizona,2018,35,27,4.0,56.7,47.7,36.9,35.8,68.3,3.8,119.012,99.6425,0.862,56.6,49.3,17.6,16.7,33.2,75.0,37.6,31.8,87.9,12.0
Arizona St.,2019,34,23,11.0,50.8,47.3,33.6,33.4,71.9,0.1,109.774,98.5646,0.773,50.8,48.6,18.5,18.9,32.5,73.6,43.6,38.6,80.7,37.0
Holy Cross,2016,35,15,16.0,47.2,52.8,32.6,35.7,64.6,-14.5,97.0369,108.525,0.239,47.9,53.2,16.6,20.0,23.6,70.4,36.1,33.8,66.8,
Bucknell,2017,35,26,13.0,54.3,46.5,37.9,34.2,71.4,-2.1,109.074,100.358,0.706,55.4,48.0,18.8,19.7,26.8,72.6,37.2,32.7,77.9,
Bucknell,2018,35,25,14.0,55.0,47.0,34.8,33.1,72.9,-3.0,109.182,102.368,0.652,54.0,47.6,17.1,17.1,27.2,72.6,42.4,34.4,78.3,
Colgate,2019,34,24,15.0,53.5,50.5,39.5,33.9,67.9,-4.4,110.038,105.751,0.577,55.9,50.6,19.3,18.0,30.3,73.1,28.9,28.6,75.0,
Troy,2017,35,22,15.0,50.9,49.5,35.1,34.1,69.4,-8.1,109.892,107.217,0.548,51.8,49.9,17.6,17.7,30.6,70.4,40.6,32.6,73.3,
Georgia St.,2018,33,24,15.0,50.9,44.0,38.7,33.8,67.7,-5.1,109.045,101.835,0.673,54.1,47.1,16.7,20.8,25.8,67.2,31.6,39.1,76.0,
Georgia St.,2019,33,24,14.0,51.2,51.2,38.1,32.8,71.3,-1.3,107.886,102.289,0.667,54.4,50.1,16.6,21.1,23.3,66.4,35.7,31.3,76.3,
Chattanooga,2016,33,27,12.0,50.7,50.5,35.6,33.7,67.3,0.4,107.156,99.7384,0.651,51.8,49.8,17.9,20.3,32.4,71.1,42.0,30.8,76.6,42.0
East Tennessee St.,2017,33,27,13.0,55.0,45.7,38.2,35.4,71.5,-0.7,107.974,96.4902,0.758,56.1,48.5,20.6,22.0,30.0,72.9,43.8,37.8,78.1,
UNC Greensboro,2018,32,27,13.0,51.1,47.3,35.0,31.9,66.2,-1.6,105.672,96.6156,0.699,52.0,47.6,19.8,21.6,33.7,76.2,26.4,39.1,78.0,
Vanderbilt,2017,35,19,9.0,48.1,46.8,37.6,33.8,67.0,0.1,112.303,96.065,0.876,52.3,47.9,18.3,16.0,25.0,72.9,34.9,30.6,83.8,43.0
Arkansas,2018,35,23,7.0,51.2,48.2,39.5,35.7,71.1,2.8,117.32,101.685,0.855,54.2,50.2,15.3,19.4,29.4,68.4,37.3,41.4,83.3,26.0
Missouri,2018,32,20,8.0,50.3,45.4,39.0,32.7,66.8,0.4,113.275,97.803,0.863,54.5,46.6,20.7,16.0,30.8,71.7,38.2,29.4,78.5,45.0
Mississippi,2019,33,20,8.0,52.7,48.2,35.8,37.4,69.7,0.9,112.779,97.6963,0.86,53.0,50.6,18.2,21.0,30.4,70.5,31.7,33.2,80.8,32.0
Mississippi St.,2019,34,23,5.0,53.4,48.4,37.7,35.7,69.0,4.5,117.395,96.7173,0.895,54.6,50.1,19.3,19.7,34.9,70.2,32.3,31.7,85.7,28.0
Stephen F. Austin,2018,31,28,14.0,51.7,47.4,37.4,35.6,72.1,-1.8,104.983,99.4206,0.659,53.4,49.7,20.8,26.1,32.7,71.4,40.0,50.5,74.8,38.0
Abilene Christian,2019,30,27,15.0,49.5,49.8,37.7,33.3,67.1,-2.6,103.625,101.539,0.534,52.4,49.6,17.4,23.4,27.7,72.2,34.5,38.4,71.7,
South Dakota St.,2016,32,24,12.0,49.7,47.1,36.1,33.3,69.2,-1.2,110.826,101.245,0.744,51.4,47.7,17.1,17.1,32.4,74.5,40.6,39.7,78.6,43.0
South Dakota St.,2017,33,18,16.0,52.7,52.4,35.8,36.9,68.5,-9.8,110.782,112.116,0.42,53.8,54.0,18.3,16.3,27.4,71.2,40.6,27.1,72.8,
South Dakota St.,2018,31,28,12.0,50.7,49.8,39.3,33.6,71.5,0.6,114.629,104.038,0.79,54.5,50.2,13.8,14.3,24.7,77.1,35.8,25.5,78.1,40.0
North Dakota St.,2019,33,19,16.0,52.1,52.6,36.7,37.0,66.5,-8.6,106.552,109.751,0.423,53.8,53.6,15.8,14.6,20.7,74.6,32.1,26.2,70.3,
Texas Southern,2017,35,23,16.0,50.0,49.3,29.6,32.5,70.0,-4.4,103.622,107.286,0.368,48.2,48.9,16.6,19.3,32.3,65.6,44.9,32.2,71.0,
Texas Southern,2018,36,16,16.0,48.5,49.4,35.9,36.6,72.6,-10.9,105.281,112.94,0.298,50.8,51.5,17.2,16.0,28.5,67.8,43.2,31.4,67.9,
Cal St. Bakersfield,2016,30,21,15.0,48.5,42.8,34.3,33.4,68.4,-3.5,103.37,96.8714,0.709,49.3,44.7,18.1,21.8,34.0,70.4,38.5,42.0,75.0,
New Mexico St.,2017,31,28,14.0,54.2,49.1,33.5,30.3,69.1,-0.2,110.052,102.738,0.687,52.8,47.4,19.7,19.2,36.0,71.7,44.1,35.3,75.6,36.0
New Mexico St.,2018,31,28,12.0,52.0,45.7,34.0,31.1,69.4,1.3,108.457,94.9001,0.811,51.8,45.5,17.4,19.3,34.2,77.2,29.1,33.6,79.8,31.0
New Mexico St.,2019,33,30,12.0,56.7,48.0,34.0,33.5,67.1,1.4,112.605,99.0173,0.802,54.0,48.7,17.7,19.3,37.0,77.3,34.1,32.4,80.9,30.0
Saint Mary's,2019,34,22,11.0,52.3,49.2,37.8,32.1,64.1,-0.8,114.634,96.9231,0.863,54.0,48.6,16.3,16.4,31.3,76.8,29.7,29.4,82.6,53.0
Wake Forest,2017,33,19,11.0,52.1,52.1,38.5,35.8,72.0,1.3,120.873,103.6,0.883,54.0,52.2,16.5,16.1,30.9,72.4,40.2,37.0,83.0,35.0
Tulsa,2016,32,20,11.0,51.1,45.0,32.6,35.9,69.4,-1.2,111.352,99.564,0.747,50.4,48.3,15.5,20.6,28.0,69.6,40.0,34.8,79.9,36.0
Temple,2019,33,23,11.0,50.1,51.5,33.0,32.9,70.2,1.8,108.851,99.4587,0.784,50.1,50.3,15.7,20.8,26.6,70.4,33.0,33.7,79.4,34.0
Providence,2017,33,20,11.0,49.1,49.9,37.1,32.8,67.6,0.6,108.021,95.1217,0.813,51.3,49.7,18.5,20.5,26.4,71.9,38.2,30.0,81.8,33.0
St. John's,2019,34,21,11.0,50.7,50.3,35.8,34.2,72.3,-1.2,109.671,100.92,0.736,52.3,50.8,14.1,21.0,21.4,70.3,29.4,39.0,78.8,30.0
North Carolina Central,2017,31,25,16.0,52.7,46.1,32.7,29.2,68.0,-5.1,102.796,101.835,0.528,51.8,45.1,17.9,19.6,32.0,68.6,34.8,27.6,71.0,
North Carolina Central,2018,32,19,16.0,51.3,48.1,32.3,32.8,66.4,-12.0,98.1525,110.889,0.17,51.2,48.7,20.7,16.6,32.5,70.5,31.2,34.4,65.3,
North Carolina Central,2019,31,18,16.0,51.3,50.9,31.5,32.0,66.4,-10.9,96.6416,108.528,0.239,49.8,49.7,23.0,17.7,34.6,73.0,33.4,30.9,65.5,
Fairleigh Dickinson,2016,32,17,16.0,49.5,52.1,36.4,35.4,72.5,-9.9,104.836,114.583,0.241,51.6,52.0,17.9,21.0,28.9,64.0,33.6,46.5,66.7,
LIU Brooklyn,2018,34,18,16.0,52.3,50.5,34.6,32.8,72.8,-13.2,103.335,111.135,0.285,52.3,50.0,19.4,16.4,29.8,70.1,38.5,32.1,67.6,
Arizona St.,2018,32,20,11.0,53.2,50.2,36.4,34.2,72.7,-1.2,117.651,102.937,0.83,53.9,50.7,14.6,20.4,28.1,69.3,41.9,32.3,81.3,42.0
UCLA,2018,33,21,11.0,51.4,47.3,38.1,34.6,71.5,0.0,116.447,102.063,0.796,53.8,49.4,16.2,14.7,28.6,72.8,35.9,29.5,83.2,36.0
Vanderbilt,2016,33,19,11.0,50.1,42.6,38.2,29.4,68.7,-0.3,114.458,94.5381,0.919,53.5,43.1,16.8,14.3,27.4,70.6,39.5,34.2,85.6,33.0
New Orleans,2017,29,20,16.0,51.6,51.8,30.7,31.9,67.7,-6.3,100.844,101.362,0.446,50.1,49.9,23.8,22.3,36.2,67.3,43.5,34.9,69.2,
Southern,2016,32,19,16.0,47.6,47.7,33.8,32.2,69.5,-8.1,100.906,106.217,0.339,48.7,47.7,16.3,19.5,28.2,68.3,38.7,39.7,68.0,
Prairie View A&M,2019,34,22,16.0,49.2,53.7,32.4,31.2,72.2,-7.1,101.53,105.838,0.388,48.8,50.9,17.4,24.7,29.8,66.0,44.2,46.6,70.0,
Duke,2016,36,25,4.0,51.0,48.9,38.5,34.0,68.7,4.2,121.786,99.7328,0.918,53.7,49.4,14.3,17.7,34.0,65.5,40.2,25.4,87.3,19.0
Miami FL,2016,35,27,3.0,53.2,46.9,37.5,34.4,67.0,6.9,118.848,95.9995,0.926,53.9,48.0,16.0,17.5,30.5,70.8,40.0,28.8,87.1,10.0
Clemson,2018,35,25,5.0,51.6,43.9,36.6,35.2,67.2,3.9,113.774,93.5052,0.882,52.7,47.6,17.9,17.7,27.4,73.3,34.1,27.0,84.2,20.0
Syracuse,2018,37,23,11.0,46.6,45.1,31.7,31.8,64.0,-0.4,107.705,94.1122,0.823,47.2,46.8,19.1,19.6,35.1,70.7,40.2,31.3,81.9,34.0
Florida St.,2019,37,29,4.0,50.9,45.3,33.2,33.5,70.0,7.6,112.987,90.4293,0.898,50.7,47.3,19.2,20.3,33.1,73.1,36.3,36.1,87.9,10.0
North Carolina,2019,36,29,1.0,52.1,47.9,36.2,33.5,76.0,10.0,119.872,90.701,0.956,52.9,48.3,17.1,18.5,34.6,76.8,30.9,28.9,93.2,3.0
Virginia Tech,2019,35,26,4.0,52.9,49.0,39.4,32.7,65.1,5.0,118.433,93.9634,0.93,56.4,48.9,17.5,21.7,29.8,72.6,31.4,26.4,89.0,16.0
Houston,2019,37,33,3.0,51.3,43.0,35.5,27.9,67.3,7.8,114.118,91.6934,0.932,52.1,42.4,16.8,18.2,34.7,73.8,31.9,37.6,88.4,11.0
Indiana,2016,35,27,5.0,56.1,49.0,41.6,34.3,69.5,3.2,120.855,98.0589,0.912,58.6,49.5,19.8,18.9,37.7,71.3,33.3,29.3,87.4,14.0
Maryland,2016,35,26,5.0,55.8,45.5,36.2,32.1,67.9,4.0,116.294,95.5806,0.885,55.6,46.7,19.1,16.5,30.2,70.5,35.7,26.9,87.4,18.0
Wisconsin,2016,35,22,7.0,46.6,44.8,34.9,37.4,64.1,0.4,111.769,95.4038,0.837,49.0,48.5,17.0,18.8,33.6,71.8,39.7,34.3,84.8,32.0
Michigan,2017,38,26,7.0,56.3,50.0,38.5,37.8,64.0,3.8,121.592,98.9742,0.924,56.9,51.7,14.6,20.1,25.3,70.6,30.5,27.5,86.9,23.0
Purdue,2017,35,27,4.0,52.7,46.6,40.3,33.2,70.4,5.6,116.912,92.6889,0.933,55.7,46.7,18.4,17.0,30.9,75.5,34.3,22.7,88.6,15.0
Wisconsin,2017,37,27,8.0,51.1,43.1,35.9,37.6,64.4,5.1,113.589,91.2963,0.923,51.7,47.3,16.8,19.9,35.5,74.6,32.0,26.4,87.8,25.0
Purdue,2018,37,30,2.0,54.1,45.5,42.0,33.2,68.7,7.6,123.248,96.5818,0.957,58.1,46.8,15.6,17.7,27.7,71.8,36.1,23.8,91.1,11.0
Michigan,2019,37,30,2.0,51.8,44.3,34.2,29.1,65.9,9.2,115.516,86.081,0.966,52.1,44.1,13.5,18.3,24.5,74.5,27.0,24.9,91.0,8.0
Iowa St.,2016,35,23,3.0,56.7,49.5,38.7,33.5,72.3,3.6,121.033,99.9576,0.906,56.8,49.5,16.0,17.1,27.3,69.3,25.5,24.2,86.5,22.0
Baylor,2017,34,27,3.0,52.2,45.0,35.3,32.2,65.1,7.9,117.289,92.281,0.931,52.7,45.2,20.7,16.9,40.0,70.3,34.2,30.4,87.7,12.0
West Virginia,2017,37,28,4.0,49.8,46.5,36.2,35.3,72.2,6.4,116.472,89.6731,0.951,51.8,48.7,16.9,28.1,37.7,67.6,38.2,42.2,90.8,13.0
West Virginia,2018,37,26,5.0,48.8,45.4,35.3,38.0,71.2,4.6,119.151,97.3766,0.929,50.3,49.6,16.5,23.3,36.6,70.0,31.2,44.1,88.6,15.0
Butler,2017,34,25,4.0,54.5,51.3,36.6,33.3,67.2,5.5,117.971,97.0613,0.901,54.6,50.7,15.1,20.1,28.1,72.2,36.2,37.5,86.5,21.0
Nevada,2018,37,29,7.0,52.1,50.7,39.2,31.7,70.7,2.5,119.901,101.72,0.85,54.9,49.2,13.9,18.2,27.4,70.9,37.1,30.7,81.8,24.0
Arizona,2017,37,32,2.0,51.5,48.4,39.0,31.0,67.1,7.9,117.585,94.8418,0.918,53.7,47.1,17.0,17.7,33.3,73.8,41.0,29.2,89.0,4.0
UCLA,2017,36,31,3.0,59.1,45.3,40.6,36.5,74.6,6.6,122.757,99.8057,0.913,59.5,48.4,15.4,16.2,29.4,71.7,26.9,25.8,88.0,8.0
Oregon,2019,38,25,12.0,51.6,48.8,35.1,29.0,65.4,-1.1,107.7,92.5481,0.826,51.7,46.8,17.8,21.0,29.7,71.9,30.3,35.3,82.6,37.0
Texas A&M,2016,37,28,3.0,51.3,45.6,34.1,33.3,68.4,5.2,114.159,92.3528,0.918,51.4,47.1,17.2,20.9,35.0,70.0,37.5,32.4,86.8,15.0
Kentucky,2018,37,26,5.0,51.2,48.0,35.7,30.1,70.0,4.3,116.426,96.019,0.893,51.7,46.9,18.6,17.1,35.6,68.7,42.8,32.2,88.2,18.0
Texas A&M,2018,35,22,7.0,52.5,45.7,32.9,32.6,70.3,1.9,111.204,94.2949,0.869,51.1,46.4,19.2,15.9,34.3,71.7,32.0,29.0,83.6,38.0
LSU,2019,35,28,3.0,52.9,49.4,31.9,33.7,71.2,7.3,118.485,97.5196,0.907,51.7,50.2,18.2,20.7,37.3,69.6,37.7,34.2,87.0,12.0
Tennessee,2019,36,31,2.0,55.4,44.7,36.7,35.4,68.8,9.9,122.479,95.4987,0.951,55.3,47.4,15.9,18.2,31.6,69.7,33.4,34.4,91.2,6.0
Gonzaga,2016,35,27,11.0,54.3,44.4,37.8,30.3,68.2,2.1,116.44,97.1644,0.904,55.3,45.1,16.5,14.9,31.9,74.1,35.9,28.3,86.0,34.0
Gonzaga,2018,37,32,4.0,58.2,44.1,36.8,35.0,70.5,4.9,119.824,95.0891,0.924,57.7,46.9,16.0,17.4,33.0,77.3,30.9,29.4,89.5,8.0
Michigan,2021,24,20,1.0,53.3,42.3,38.7,33.5,66.9,7.2,119.434,88.6425,0.952,54.9,44.9,16.3,15.1,29.4,75.2,28.9,24.5,88.6,4.0
Baylor,2021,24,22,1.0,54.1,48.1,41.8,34.0,68.8,6.6,123.265,93.7679,0.961,57.5,49.1,17.6,24.6,37.5,69.1,27.0,31.7,93.6,3.0
Illinois,2021,29,23,1.0,55.3,45.4,37.6,32.7,70.7,8.9,118.957,88.3445,0.951,55.6,46.6,18.2,16.1,33.0,77.8,39.2,30.5,93.9,2.0
Gonzaga,2021,26,26,1.0,64.0,46.8,36.5,32.5,74.6,8.5,126.111,89.4872,0.979,61.0,47.5,16.1,20.3,30.4,76.6,36.7,25.9,96.5,1.0
Iowa,2021,29,21,2.0,52.4,45.8,38.6,34.8,70.0,5.6,123.496,94.5925,0.946,54.6,48.3,13.3,16.3,30.7,71.4,32.0,22.6,90.8,8.0
Ohio St.,2021,30,21,2.0,52.1,47.4,36.5,34.1,66.9,6.0,122.274,96.8491,0.929,53.1,48.9,15.3,15.0,29.1,72.6,37.6,33.8,89.4,7.0
Houston,2021,26,24,2.0,49.9,43.0,35.5,28.5,65.0,4.0,118.922,90.1017,0.964,51.3,42.9,16.3,21.6,39.4,72.0,30.7,42.4,90.6,6.0
Alabama,2021,30,24,2.0,50.1,46.4,35.1,28.8,73.9,6.8,111.722,86.734,0.928,51.3,45.3,18.6,21.1,31.5,70.2,28.6,31.9,88.8,5.0
West Virginia,2021,27,18,3.0,46.4,51.3,35.7,32.3,69.6,3.0,116.128,95.8073,0.902,48.7,50.2,17.0,20.7,35.6,68.7,39.4,28.5,86.6,13.0
Texas,2021,26,19,3.0,52.4,45.8,35.7,32.3,69.1,4.2,113.848,93.2661,0.912,52.9,46.7,20.2,17.8,31.3,73.1,34.0,36.7,86.8,9.0
Kansas,2021,27,20,3.0,49.3,45.9,33.8,32.6,68.2,4.2,109.615,88.5839,0.895,49.7,47.0,17.7,20.0,31.2,73.1,30.5,26.5,83.5,12.0
Arkansas,2021,28,22,3.0,51.9,46.9,33.9,32.6,73.1,4.6,111.502,89.9724,0.896,51.5,47.6,17.4,20.3,31.7,73.8,32.7,29.3,86.3,10.0
Florida St.,2021,22,16,4.0,52.1,44.2,39.0,33.3,70.4,2.5,116.442,94.3726,0.929,54.4,46.5,20.2,19.6,35.7,68.6,32.7,36.3,86.8,14.0
Virginia,2021,24,18,4.0,55.3,46.1,38.1,34.0,59.9,3.4,115.637,92.9824,0.91,56.1,47.9,15.4,15.2,23.1,77.4,22.0,24.6,88.1,15.0
Purdue,2021,27,18,4.0,52.1,49.7,33.5,31.5,66.6,3.8,113.612,91.3407,0.89,51.4,48.6,18.7,16.9,32.2,75.9,32.2,30.3,86.5,20.0
Oklahoma St.,2021,28,20,4.0,52.8,46.9,33.8,31.7,71.6,4.6,110.059,91.2923,0.873,52.1,47.2,21.4,19.3,31.9,69.8,36.4,30.5,84.9,11.0
Villanova,2021,22,16,5.0,52.8,51.0,35.2,35.4,65.1,3.2,118.602,95.984,0.907,52.8,51.8,13.5,19.0,27.9,75.2,30.0,25.8,84.8,18.0
Tennessee,2021,26,18,5.0,49.8,44.8,33.8,31.8,66.9,2.4,108.804,87.7414,0.916,50.1,45.9,18.2,22.9,31.4,71.4,35.1,31.1,85.8,27.0
Creighton,2021,28,20,5.0,56.3,46.1,36.7,32.1,69.1,3.5,114.87,93.5652,0.903,55.7,46.9,15.8,17.8,24.8,71.8,26.9,25.7,87.0,19.0
Colorado,2021,30,22,5.0,50.3,46.5,36.7,33.3,66.3,2.6,114.417,92.7358,0.934,52.0,47.7,16.8,19.8,30.9,74.4,29.9,28.0,86.0,22.0
Texas Tech,2021,27,17,6.0,48.7,44.8,34.7,35.1,65.7,0.9,112.362,91.4155,0.909,49.7,47.8,16.3,23.8,33.8,70.0,39.3,36.5,86.4,21.0
BYU,2021,25,20,6.0,54.5,45.5,37.3,32.4,68.2,3.3,113.107,92.1612,0.894,55.0,46.6,19.0,16.0,28.6,76.7,27.8,29.4,84.5,23.0
USC,2021,29,22,6.0,52.1,42.2,34.8,34.2,67.2,3.6,112.883,90.6583,0.932,52.1,45.4,18.1,17.4,35.7,72.7,37.5,24.8,85.8,23.0
San Diego St.,2021,26,23,6.0,50.5,44.6,37.5,32.8,66.0,2.8,110.835,89.5391,0.926,52.7,46.7,16.9,22.5,29.9,75.6,34.3,32.7,85.6,16.0
Florida,2021,23,14,7.0,51.9,48.4,35.7,30.6,68.6,1.4,110.975,93.4227,0.873,52.5,47.5,20.7,20.6,30.8,68.4,33.8,34.8,83.0,40.0
Connecticut,2021,22,15,7.0,49.0,45.6,33.6,31.6,65.7,2.1,113.581,91.6796,0.918,49.5,46.2,17.5,19.6,36.8,70.2,29.6,36.9,85.3,29.0
Clemson,2021,23,16,7.0,49.2,47.5,34.6,33.7,64.4,2.9,106.87,90.7046,0.848,50.4,48.8,19.5,21.6,26.6,73.5,23.6,29.6,82.4,35.0
Oregon,2021,26,20,7.0,52.9,49.9,37.9,33.6,67.2,3.0,114.453,96.7728,0.877,54.4,50.1,16.8,20.3,28.3,72.8,26.8,27.1,84.6,31.0
Oklahoma,2021,25,15,8.0,50.8,46.3,33.8,35.4,67.6,0.3,111.427,94.7836,0.864,50.8,48.9,15.8,18.7,27.3,72.5,29.1,22.8,81.2,31.0
North Carolina,2021,28,18,8.0,48.9,46.8,31.7,34.4,71.8,2.3,110.111,90.0231,0.864,48.5,48.7,20.6,19.3,41.3,73.7,34.9,27.1,86.1,40.0
LSU,2021,27,18,8.0,53.0,51.3,35.0,30.0,70.4,2.4,119.771,100.181,0.883,52.8,48.5,16.1,18.4,31.5,67.2,33.9,29.1,85.1,30.0
Loyola Chicago,2021,26,24,8.0,58.0,45.5,35.7,32.5,63.9,1.7,110.416,86.6625,0.918,56.3,46.7,18.5,21.6,26.0,79.0,30.7,22.4,85.1,17.0
St. Bonaventure,2021,20,16,9.0,49.3,45.1,35.4,30.6,64.7,2.1,111.309,90.4885,0.889,50.5,45.5,16.9,19.5,33.6,71.6,27.8,28.3,82.9,28.0
Missouri,2021,25,16,9.0,52.6,48.3,32.0,32.7,68.6,2.1,110.248,95.0983,0.863,50.9,48.5,18.9,18.4,28.6,70.8,37.5,36.4,81.8,36.0
Wisconsin,2021,29,17,9.0,46.3,47.1,36.0,33.0,65.0,2.2,112.522,89.8672,0.918,49.4,47.9,13.5,17.8,23.7,74.9,26.9,28.5,87.3,33.0
Georgia Tech,2021,25,17,9.0,54.8,50.7,34.9,36.7,67.7,1.9,113.332,94.783,0.869,53.9,52.2,15.9,22.8,24.8,70.1,29.0,28.9,79.8,26.0
Rutgers,2021,26,15,10.0,51.9,47.4,31.1,32.1,67.8,1.9,108.651,90.5084,0.846,50.2,47.7,16.4,18.9,27.4,70.7,27.7,33.2,84.1,45.0
Virginia Tech,2021,21,15,10.0,51.7,47.6,35.7,33.0,66.5,0.9,110.048,94.8276,0.833,52.5,48.4,17.3,17.6,28.4,75.7,33.2,30.9,81.2,25.0
Maryland,2021,28,16,10.0,52.8,46.4,34.9,34.3,65.4,0.2,110.916,92.1984,0.856,52.6,48.5,16.8,16.9,20.9,75.2,32.6,25.6,84.4,35.0
VCU,2021,26,19,10.0,51.7,45.9,32.9,30.5,70.0,1.3,105.49,89.5783,0.85,50.9,45.8,20.7,23.6,28.5,68.6,34.0,35.4,81.7,35.0
Michigan St.,2021,27,15,11.0,47.8,48.1,32.0,31.5,68.7,1.4,106.989,92.9745,0.787,47.9,47.8,18.9,15.4,30.4,73.9,31.4,37.1,82.9,37.0
Wichita St.,2021,19,16,11.0,44.7,47.6,34.5,30.8,67.5,1.3,109.988,98.4414,0.78,47.6,47.1,15.9,18.1,29.8,66.6,38.2,29.7,79.9,40.0
Syracuse,2021,25,16,11.0,50.9,49.3,33.7,31.6,69.4,0.5,113.82,97.5937,0.837,50.7,48.5,16.0,20.8,30.3,66.2,28.4,25.1,83.1,47.0
UCLA,2021,26,17,11.0,50.6,49.4,36.7,35.1,64.7,1.0,113.403,97.4859,0.878,52.0,50.7,16.7,17.6,30.8,75.8,32.6,28.0,81.9,40.0
Utah St.,2021,27,20,11.0,49.6,42.9,33.6,33.0,69.0,-1.1,105.729,89.2192,0.862,49.8,45.6,19.7,19.7,35.3,78.7,29.4,26.1,82.4,45.0
Drake,2021,27,25,11.0,54.4,49.7,36.6,30.8,66.7,1.5,113.949,99.3062,0.786,54.5,48.4,15.2,18.8,31.6,75.1,25.2,29.7,77.6,40.0
Georgetown,2021,25,13,12.0,46.1,47.4,36.6,32.6,69.5,-1.0,107.693,93.636,0.825,49.6,48.0,21.7,16.2,32.4,72.7,30.3,25.9,81.3,39.0
Oregon St.,2021,28,17,12.0,46.9,52.5,34.6,31.4,65.1,-1.6,109.326,99.1533,0.766,48.7,50.4,17.2,18.5,29.8,70.6,34.0,38.2,79.7,
UC Santa Barbara,2021,24,22,12.0,53.4,46.6,34.8,33.4,65.8,-0.2,109.242,97.0104,0.793,53.0,47.7,16.5,20.8,28.2,75.5,35.5,28.0,78.4,36.0
Winthrop,2021,24,23,12.0,53.0,49.2,35.3,32.4,73.8,0.9,105.093,96.1535,0.73,53.0,49.0,19.5,22.5,35.6,77.8,35.7,33.8,78.4,34.0
Ohio,2021,22,16,13.0,56.4,51.6,36.6,33.7,69.3,-2.0,113.002,101.888,0.763,55.8,51.1,17.0,20.0,28.7,72.6,29.6,30.2,77.5,
North Texas,2021,25,17,13.0,52.9,44.8,37.3,31.6,63.3,-2.5,105.362,93.6646,0.758,54.0,45.7,20.4,21.4,27.9,73.1,27.2,31.7,78.2,40.0
UNC Greensboro,2021,29,21,13.0,50.3,48.3,30.0,31.9,68.3,-3.5,104.118,95.9651,0.619,48.2,48.1,15.6,21.0,32.4,74.1,23.8,36.4,77.8,42.0
Liberty,2021,24,23,13.0,56.8,47.8,38.8,32.2,63.4,-1.7,110.143,101.773,0.713,57.4,48.0,15.6,17.3,23.1,77.6,25.5,29.6,77.0,
Colgate,2021,15,14,14.0,55.4,49.5,40.2,26.1,71.9,0.3,110.89,100.668,0.829,57.0,45.6,13.7,16.6,28.2,74.6,31.0,25.0,79.6,
Eastern Washington,2021,22,16,14.0,54.2,47.6,35.9,31.6,72.2,-3.6,107.67,101.018,0.713,54.1,47.5,16.5,16.5,23.9,74.4,30.4,27.7,76.1,
Abilene Christian,2021,23,23,14.0,50.8,46.3,37.7,29.1,70.0,-1.1,103.047,92.9196,0.735,52.9,45.4,19.4,26.7,30.6,72.1,34.0,42.5,77.0,43.0
Morehead St.,2021,28,23,14.0,51.8,47.6,34.7,30.7,65.6,-2.0,100.165,96.2694,0.559,51.9,47.0,22.9,18.0,31.3,75.1,36.8,23.1,73.7,
Iona,2021,17,12,15.0,49.9,45.8,35.5,30.1,68.5,-3.2,100.371,101.407,0.555,51.2,45.6,22.5,19.6,33.5,73.8,36.1,46.3,71.8,
Oral Roberts,2021,23,16,15.0,49.7,49.0,38.8,35.6,71.4,-5.1,108.656,107.44,0.522,53.6,50.4,15.7,18.2,23.2,67.0,27.8,33.1,73.3,
Grand Canyon,2021,20,17,15.0,55.7,44.9,32.2,29.9,65.4,-3.2,103.554,96.5771,0.716,52.8,44.7,20.4,16.5,33.0,77.2,34.5,29.4,74.7,
Cleveland St.,2021,26,19,15.0,52.1,50.9,31.9,30.8,66.2,-2.7,100.852,99.4794,0.486,50.6,48.9,18.5,20.3,30.9,68.1,31.9,37.2,71.8,36.0
Drexel,2021,19,12,16.0,53.5,50.4,37.2,32.1,64.4,-4.5,107.143,105.525,0.565,54.3,49.6,19.6,16.4,29.4,75.7,28.5,27.2,72.4,
Mount St. Mary's,2021,22,12,16.0,47.7,45.6,33.7,30.1,62.2,-7.2,95.4181,100.428,0.362,48.7,45.5,20.3,16.4,31.9,75.2,29.7,24.6,68.9,
Hartford,2021,23,15,16.0,51.3,50.7,32.7,28.7,66.9,-4.9,97.4886,100.22,0.427,50.4,47.6,19.0,20.4,24.9,71.2,28.6,25.0,70.9,
Norfolk St.,2021,21,16,16.0,46.1,47.2,37.4,31.7,67.9,-5.0,100.613,104.355,0.365,49.7,47.4,17.8,20.7,28.8,71.3,38.6,42.0,68.3,
Texas Southern,2021,23,16,16.0,51.0,45.2,27.7,32.4,71.8,-4.5,98.9834,105.038,0.353,48.3,46.5,21.5,19.4,32.9,73.6,38.9,33.8,68.8,
Appalachian St.,2021,24,17,16.0,46.7,50.4,32.6,33.5,65.4,-7.7,99.3998,103.738,0.339,47.7,50.4,17.5,20.0,27.8,69.4,33.0,24.0,70.3,
Howard,2021,5,1,,50.4,55.9,34.6,33.9,70.8,-3.4,,,,,,,,,,,,,
South Carolina St.,2021,18,1,,43.0,56.4,31.9,36.1,72.7,-14.7,,,,,,,,,,,,,
Idaho,2021,22,1,,47.4,52.6,34.1,38.1,67.2,-17.8,,,,,,,,,,,,,
Maine,2021,9,2,,43.4,50.2,31.5,30.9,65.8,-5.7,,,,,,,,,,,,,
Fordham,2021,14,2,,42.2,52.8,26.9,33.4,63.5,-8.2,,,,,,,,,,,,,
Denver,2021,20,2,,48.6,53.8,34.8,39.3,70.9,-16.8,,,,,,,,,,,,,
Iowa St.,2021,24,2,,48.0,53.1,32.1,33.0,69.8,-10.4,,,,,,,,,,,,,
Mississippi Valley St.,2021,24,2,,38.3,55.7,32.9,35.8,72.3,-17.5,,,,,,,,,,,,,
San Diego,2021,14,3,,46.8,51.2,30.4,38.5,70.2,-6.2,,,,,,,,,,,,,37.0
Northern Illinois,2021,19,3,,42.8,52.0,32.4,39.0,65.8,-11.7,,,,,,,,,,,,,
Delaware St.,2021,17,3,,45.0,55.6,31.1,35.5,73.4,-13.7,,,,,,,,,,,,,
Charleston Southern,2021,20,3,,46.4,50.3,31.1,34.3,69.8,-15.5,,,,,,,,,,,,,
American,2021,10,4,,49.5,52.9,37.8,29.1,67.0,-4.5,,,,,,,,,,,,,
Lehigh,2021,15,4,,47.0,52.3,31.6,36.6,69.7,-9.5,,,,,,,,,,,,,
Binghamton,2021,18,4,,48.3,49.5,33.1,36.7,66.3,-12.2,,,,,,,,,,,,,
Towson,2021,18,4,,46.2,49.3,28.9,38.3,65.9,-10.8,,,,,,,,,,,,,
Alabama St.,2021,18,4,,41.3,49.0,31.7,32.5,70.1,-13.2,,,,,,,,,,,,,
Robert Morris,2021,18,4,,48.3,52.4,36.5,38.9,67.0,-12.3,,,,,,,,,,,,,
Boston College,2021,20,4,,49.9,56.7,33.1,35.5,71.4,-7.6,,,,,,,,,,,,,
Tennessee St.,2021,22,4,,49.1,50.9,28.8,34.0,71.0,-16.3,,,,,,,,,,,,,
Cal Poly,2021,23,4,,42.9,49.1,31.5,35.7,66.9,-15.8,,,,,,,,,,,,,
Arkansas Pine Bluff,2021,25,4,,41.9,51.2,30.8,40.0,67.9,-16.0,,,,,,,,,,,,,
Bucknell,2021,12,5,,53.6,47.5,33.0,36.0,71.8,-5.6,,,,,,,,,,,,,
North Carolina Central,2021,13,5,,45.3,50.9,33.1,34.2,66.0,-6.9,,,,,,,,,,,,,
Temple,2021,16,5,,43.8,44.8,34.2,34.3,68.3,-6.1,,,,,,,,,,,,,
Holy Cross,2021,16,5,,48.8,52.1,35.6,35.7,69.0,-8.4,,,,,,,,,,,,,
George Washington,2021,17,5,,50.4,50.8,32.3,34.3,68.6,-8.7,,,,,,,,,,,,,
DePaul,2021,19,5,,45.7,49.1,31.5,30.9,70.2,-5.8,,,,,,,,,,,,,
Saint Joseph's,2021,20,5,,50.1,54.1,31.4,35.1,72.5,-7.7,,,,,,,,,,,,,
Western Michigan,2021,20,5,,49.0,51.5,33.2,32.0,66.4,-11.5,,,,,,,,,,,,,
San Jose St.,2021,19,5,,42.9,55.3,31.6,32.2,72.3,-10.3,,,,,,,,,,,,,
Central Connecticut,2021,21,5,,48.5,54.6,32.4,35.2,70.8,-13.5,,,,,,,,,,,,,
USC Upstate,2021,22,5,,47.7,54.6,33.9,34.7,68.7,-14.7,,,,,,,,,,,,,
Middle Tennessee,2021,22,5,,43.1,55.6,32.5,32.0,69.5,-13.7,,,,,,,,,,,,,
Kennesaw St.,2021,21,5,,46.7,54.4,29.4,31.8,69.3,-15.4,,,,,,,,,,,,,
Central Arkansas,2021,23,5,,46.8,51.7,36.0,38.2,71.4,-13.3,,,,,,,,,,,,,
Texas A&M Corpus Chris,2021,21,5,,45.1,51.7,33.3,34.4,69.5,-15.9,,,,,,,,,,,,,
Air Force,2021,25,5,,54.1,59.1,33.0,36.6,63.1,-13.5,,,,,,,,,,,,,
Nebraska Omaha,2021,25,5,,44.8,51.2,33.5,38.4,71.3,-14.7,,,,,,,,,,,,,
Washington,2021,26,5,,48.3,50.6,33.2,34.9,71.0,-10.4,,,,,,,,,,,,,
Tennessee Tech,2021,27,5,,51.6,56.0,32.1,35.3,69.2,-16.8,,,,,,,,,,,,,
Alabama A&M,2021,15,6,,45.5,44.8,28.8,28.3,67.4,-8.2,,,,,,,,,,,,,
Cal St. Fullerton,2021,15,6,,48.1,52.5,38.0,39.7,71.7,-7.8,,,,,,,,,,,,,
Loyola MD,2021,17,6,,53.4,47.7,30.6,34.7,67.8,-8.7,,,,,,,,,,,,,
Long Beach St.,2021,18,6,,49.0,48.2,35.9,34.2,73.9,-9.3,,,,,,,,,,,,,
Eastern Michigan,2021,15,6,,47.2,58.5,30.6,39.2,68.1,-8.3,,,,,,,,,,,,,
Samford,2021,17,6,,51.3,53.1,28.3,35.0,73.2,-9.8,,,,,,,,,,,,,
Alcorn St.,2021,19,6,,44.0,57.7,30.1,34.6,69.6,-9.5,,,,,,,,,,,,,
South Carolina,2021,21,6,,47.2,52.0,30.5,36.8,74.5,-5.5,,,,,,,,,,,,,
Portland,2021,18,6,,43.6,60.6,33.8,37.6,71.3,-9.4,,,,,,,,,,,,,
Wake Forest,2021,21,6,,45.9,52.8,35.1,38.3,66.8,-7.1,,,,,,,,,,,,,
Northern Arizona,2021,22,6,,45.8,60.4,35.0,37.0,64.2,-11.7,,,,,,,,,,,,,
New Mexico,2021,20,6,,45.5,53.6,26.8,34.9,67.4,-11.2,,,,,,,,,,,,,
St. Francis PA,2021,22,6,,48.6,54.3,30.9,31.3,68.9,-13.0,,,,,,,,,,,,,
Rider,2021,23,6,,46.2,53.6,35.3,35.3,67.9,-14.1,,,,,,,,,,,,,
Houston Baptist,2021,24,6,,47.9,55.7,33.3,34.3,72.7,-15.0,,,,,,,,,,,,,
Canisius,2021,13,7,,48.8,50.3,29.7,34.1,70.8,-4.8,,,,,,,,,,,,,
Delaware,2021,14,7,,51.0,46.7,31.4,34.0,66.9,-6.6,,,,,,,,,,,,,
Albany,2021,16,7,,50.5,51.1,33.7,34.5,69.5,-7.4,,,,,,,,,,,,,
UC San Diego,2021,14,7,,54.6,53.3,37.0,38.0,69.2,-6.9,,,,,,,,,,,,,
UNC Wilmington,2021,16,7,,47.2,53.9,34.0,30.9,69.9,-8.0,,,,,,,,,,,,,
William & Mary,2021,17,7,,47.9,52.1,28.7,32.6,68.2,-7.0,,,,,,,,,,,,,
Boston University,2021,18,7,,50.9,53.4,31.9,36.2,65.4,-7.8,,,,,,,,,,,,,
NJIT,2021,19,7,,46.0,53.8,30.5,33.2,68.0,-9.8,,,,,,,,,,,,,
Manhattan,2021,20,7,,44.4,47.1,26.4,33.0,67.1,-11.2,,,,,,,,,,,,,
Presbyterian,2021,21,7,,47.3,53.3,30.3,34.9,65.6,-13.1,,,,,,,,,,,,,
Western Illinois,2021,21,7,,44.6,51.8,31.8,39.5,71.8,-11.6,,,,,,,,,,,,,
Central Michigan,2021,20,7,,48.8,53.6,32.2,36.4,72.3,-12.4,,,,,,,,,,,,,
Illinois St.,2021,24,7,,50.0,54.7,34.0,31.5,69.3,-12.1,,,,,,,,,,,,,
Louisiana Monroe,2021,26,7,,46.5,47.9,34.0,36.5,67.3,-16.1,,,,,,,,,,,,,
Nebraska,2021,26,7,,47.1,52.1,33.2,31.3,72.1,-6.9,,,,,,,,,,,,,
Massachusetts,2021,15,8,,50.9,51.0,32.6,33.8,71.7,-3.5,,,,,,,,,,,,,
IUPUI,2021,18,8,,47.3,56.5,34.4,30.5,72.0,-8.0,,,,,,,,,,,,,
Texas A&M,2021,18,8,,49.5,55.0,30.0,34.1,65.0,-4.1,,,,,,,,,,,,,
East Carolina,2021,18,8,,45.5,49.7,29.8,31.9,68.3,-6.2,,,,,,,,,,,,,
Southern,2021,19,8,,47.8,46.2,32.3,33.0,70.7,-8.5,,,,,,,,,,,,,
Sacramento St.,2021,18,8,,48.0,56.0,37.7,36.6,65.0,-9.2,,,,,,,,,,,,,
Florida A&M,2021,20,8,,49.2,50.8,31.4,28.5,68.3,-8.8,,,,,,,,,,,,,
Dixie St.,2021,19,8,,45.9,53.9,29.7,32.5,72.9,-10.1,,,,,,,,,,,,,
Incarnate Word,2021,19,8,,45.8,55.1,38.2,30.7,64.9,-11.6,,,,,,,,,,,,,
North Florida,2021,21,8,,51.2,50.1,36.2,33.9,67.2,-11.3,,,,,,,,,,,,,
Fort Wayne,2021,23,8,,57.0,53.9,40.0,33.6,69.7,-12.7,,,,,,,,,,,,,
Tennessee Martin,2021,23,8,,43.3,58.2,33.2,37.4,67.6,-12.7,,,,,,,,,,,,,
Southern Miss,2021,23,8,,47.3,50.1,31.5,33.7,67.4,-12.9,,,,,,,,,,,,,
Green Bay,2021,25,8,,48.8,53.2,33.3,36.2,66.5,-12.6,,,,,,,,,,,,,
Southeastern Louisiana,2021,26,8,,46.5,56.3,29.2,35.9,69.1,-14.4,,,,,,,,,,,,,
Lafayette,2021,15,9,,48.4,51.4,36.0,33.2,68.9,-4.8,,,,,,,,,,,,,
Duquesne,2021,18,9,,49.3,50.3,29.9,28.4,68.9,-4.1,,,,,,,,,,,,,
LIU Brooklyn,2021,18,9,,50.1,50.9,28.7,32.0,73.5,-7.5,,,,,,,,,,,,,
Merrimack,2021,18,9,,54.1,46.1,31.7,34.4,66.2,-7.6,,,,,,,,,,,,,
Sacred Heart,2021,18,9,,47.1,51.3,32.9,32.9,66.5,-7.0,,,,,,,,,,,,,
Pacific,2021,17,9,,49.1,50.8,29.8,35.1,66.6,-3.1,,,,,,,,,,,,,
College of Charleston,2021,17,9,,47.8,50.1,38.2,36.6,64.0,-7.4,,,,,,,,,,,,,
St. Francis NY,2021,19,9,,49.4,50.4,33.1,38.1,72.5,-8.7,,,,,,,,,,,,,
UT Rio Grande Valley,2021,15,9,,44.7,48.5,26.7,31.6,70.5,-7.8,,,,,,,,,,,,,
Niagara,2021,20,9,,46.4,48.5,31.3,33.9,65.0,-8.8,,,,,,,,,,,,,
South Florida,2021,21,9,,43.3,51.5,32.4,34.6,67.2,-6.0,,,,,,,,,,,,,
Portland St.,2021,18,9,,44.8,49.1,29.2,36.1,69.3,-10.9,,,,,,,,,,,,,
Cal St. Northridge,2021,21,9,,47.2,54.2,33.5,36.4,70.5,-9.9,,,,,,,,,,,,,
Illinois Chicago,2021,22,9,,50.2,49.1,32.7,30.1,68.6,-10.3,,,,,,,,,,,,,
Quinnipiac,2021,22,9,,45.7,43.7,32.4,30.1,71.7,-11.2,,,,,,,,,,,,,
Coppin St.,2021,22,9,,51.6,49.1,30.3,30.8,77.1,-9.2,,,,,,,,,,,,,
Stony Brook,2021,22,9,,47.3,46.6,29.2,33.9,66.9,-11.2,,,,,,,,,,,,,
Northwestern,2021,23,9,,49.1,50.5,34.6,33.2,68.6,-2.9,,,,,,,,,,,,,41.0
High Point,2021,24,9,,46.7,51.7,29.0,35.4,66.4,-11.9,,,,,,,,,,,,,
Fairleigh Dickinson,2021,24,9,,49.4,54.8,37.5,33.5,71.0,-12.0,,,,,,,,,,,,,
Kentucky,2021,25,9,,45.5,46.6,33.7,31.2,68.3,-3.9,,,,,,,,,,,,,43.0
La Salle,2021,24,9,,49.9,53.8,33.6,32.9,68.8,-8.7,,,,,,,,,,,,,
Charlotte,2021,24,9,,49.3,52.9,32.7,31.8,62.9,-11.6,,,,,,,,,,,,,
Evansville,2021,25,9,,50.0,55.7,37.7,41.0,62.3,-10.4,,,,,,,,,,,,,
Vanderbilt,2021,25,9,,50.2,52.9,34.9,33.8,68.5,-5.8,,,,,,,,,,,,,
FIU,2021,22,9,,51.9,53.2,32.7,36.9,70.6,-13.7,,,,,,,,,,,,,
SIU Edwardsville,2021,25,9,,50.5,53.4,31.2,34.2,68.4,-13.0,,,,,,,,,,,,,
North Dakota,2021,26,9,,48.7,51.1,33.7,38.4,67.5,-13.0,,,,,,,,,,,,,43.0
Eastern Illinois,2021,27,9,,49.7,50.3,32.4,36.3,69.1,-13.8,,,,,,,,,,,,,
Kansas St.,2021,28,9,,48.7,52.0,30.0,36.3,65.8,-8.2,,,,,,,,,,,,,
California,2021,28,9,,49.5,51.1,32.9,37.9,65.1,-9.7,,,,,,,,,,,,,
Vermont,2021,15,10,,54.4,47.1,34.4,31.2,66.4,-3.8,,,,,,,,,,,,,
Florida Gulf Coast,2021,16,10,,51.0,49.5,28.9,31.5,71.0,-6.6,,,,,,,,,,,,,
UC Davis,2021,17,10,,48.3,52.6,31.9,35.8,69.5,-5.9,,,,,,,,,,,,,
New Hampshire,2021,18,10,,44.0,48.6,31.8,34.1,66.4,-7.6,,,,,,,,,,,,,
Northeastern,2021,19,10,,50.4,48.3,35.4,32.3,67.3,-4.4,,,,,,,,,,,,,
Elon,2021,18,10,,47.3,50.4,33.1,32.4,66.2,-6.4,,,,,,,,,,,,,
UNC Asheville,2021,20,10,,55.2,50.2,35.8,32.4,68.9,-7.5,,,,,,,,,,,,,
Tarleton St.,2021,15,10,,45.6,50.0,37.4,36.3,64.6,-7.6,,,,,,,,,,,,,
Pittsburgh,2021,22,10,,47.8,51.1,33.9,32.3,68.7,-4.0,,,,,,,,,,,,,
Milwaukee,2021,22,10,,49.7,49.9,32.9,37.9,69.6,-8.8,,,,,,,,,,,,,
Tulane,2021,23,10,,44.0,46.7,29.8,35.8,67.3,-5.9,,,,,,,,,,,,,
Ball St.,2021,23,10,,51.4,50.4,34.2,31.0,70.8,-7.5,,,,,,,,,,,,,
McNeese St.,2021,18,10,,51.7,52.5,37.2,39.0,68.4,-12.6,,,,,,,,,,,,,
Rhode Island,2021,25,10,,50.3,46.8,31.2,33.0,69.4,-6.8,,,,,,,,,,,,,
Butler,2021,25,10,,46.8,53.4,32.3,35.0,64.6,-3.6,,,,,,,,,,,,,44.0
Northern Iowa,2021,23,10,,51.1,54.2,32.2,34.1,69.2,-9.0,,,,,,,,,,,,,42.0
New Orleans,2021,24,10,,52.8,52.6,33.9,32.5,72.5,-12.6,,,,,,,,,,,,,
Miami FL,2021,27,10,,49.0,49.6,29.5,37.9,67.9,-6.5,,,,,,,,,,,,,
Fairfield,2021,27,10,,44.4,49.3,31.5,32.6,64.7,-14.2,,,,,,,,,,,,,
Valparaiso,2021,26,10,,48.9,50.2,29.7,33.6,67.1,-11.6,,,,,,,,,,,,,
Lamar,2021,28,10,,45.7,49.1,31.2,38.7,68.1,-13.9,,,,,,,,,,,,,
SMU,2021,16,11,,51.8,43.4,33.9,34.1,69.5,0.2,,,,,,,,,,,,,48.0
Hawaii,2021,19,11,,48.6,49.8,35.7,33.8,66.7,-7.3,,,,,,,,,,,,,
North Carolina A&T,2021,19,11,,45.4,50.5,30.4,36.3,71.7,-7.0,,,,,,,,,,,,,
Northern Colorado,2021,19,11,,47.4,49.8,37.6,31.3,68.1,-8.1,,,,,,,,,,,,,
Utah Valley,2021,20,11,,51.2,47.2,34.7,34.4,70.3,-7.0,,,,,,,,,,,,,
UMass Lowell,2021,23,11,,50.8,48.9,34.6,31.6,69.5,-8.6,,,,,,,,,,,,,
UCF,2021,23,11,,47.9,49.4,35.5,32.7,66.9,-3.1,,,,,,,,,,,,,41.0
Tulsa,2021,21,11,,51.6,46.6,30.0,34.1,65.9,-5.3,,,,,,,,,,,,,42.0
Jacksonville,2021,22,11,,49.9,52.0,31.4,33.7,68.1,-10.4,,,,,,,,,,,,,
Arkansas St.,2021,21,11,,44.8,47.9,37.4,35.2,67.8,-10.2,,,,,,,,,,,,,
UMKC,2021,20,11,,50.4,50.9,35.1,36.5,62.7,-9.4,,,,,,,,,,,,,
Penn St.,2021,25,11,,45.8,53.9,33.8,34.5,69.1,-0.5,,,,,,,,,,,,,43.0
Stetson,2021,22,11,,48.0,53.8,36.9,35.4,68.2,-10.9,,,,,,,,,,,,,
Hampton,2021,25,11,,49.3,48.3,33.2,33.8,70.6,-12.1,,,,,,,,,,,,,
Arizona St.,2021,25,11,,48.8,51.5,33.3,36.2,72.9,-4.6,,,,,,,,,,,,,34.0
San Francisco,2021,25,11,,51.5,50.1,34.0,32.6,68.5,-6.1,,,,,,,,,,,,,
Notre Dame,2021,26,11,,52.9,48.5,36.8,36.6,67.3,-3.6,,,,,,,,,,,,,
Gardner Webb,2021,26,11,,51.0,46.9,36.1,34.1,66.6,-11.0,,,,,,,,,,,,,
Little Rock,2021,25,11,,52.2,49.7,31.3,34.9,67.2,-11.9,,,,,,,,,,,,,
Southeast Missouri St.,2021,27,11,,48.0,50.6,35.2,36.2,68.6,-12.9,,,,,,,,,,,,,
Western Carolina,2021,25,11,,53.2,54.6,33.2,35.6,70.6,-11.6,,,,,,,,,,,,,
Troy,2021,25,11,,46.0,49.1,28.1,36.5,68.4,-13.1,,,,,,,,,,,,,
Northwestern St.,2021,28,11,,47.3,55.8,34.7,32.8,71.2,-12.5,,,,,,,,,,,,,
Siena,2021,17,12,,52.2,44.8,34.4,32.4,65.7,-3.7,,,,,,,,,,,,,
Jackson St.,2021,18,12,,42.0,43.1,34.0,30.3,68.9,-3.7,,,,,,,,,,,,,
Monmouth,2021,20,12,,45.4,48.2,36.3,32.9,74.3,-6.1,,,,,,,,,,,,,
New Mexico St.,2021,17,12,,50.6,50.5,32.1,31.8,64.0,-5.7,,,,,,,,,,,,,
Santa Clara,2021,19,12,,49.0,47.2,29.9,31.9,70.9,-3.1,,,,,,,,,,,,,
Marist,2021,21,12,,50.8,45.3,31.0,30.9,66.4,-7.4,,,,,,,,,,,,,
Army,2021,20,12,,54.3,50.5,32.7,36.7,68.6,-5.2,,,,,,,,,,,,,
Detroit,2021,22,12,,52.2,53.4,39.1,36.8,67.4,-6.8,,,,,,,,,,,,,
Cincinnati,2021,23,12,,49.4,49.2,31.1,33.6,71.0,-2.9,,,,,,,,,,,,,
Miami OH,2021,22,12,,48.1,51.1,36.2,35.3,65.8,-6.4,,,,,,,,,,,,,
Seattle,2021,19,12,,45.6,50.0,31.8,34.3,69.3,-8.2,,,,,,,,,,,,,
UTEP,2021,21,12,,46.5,48.7,32.8,34.6,67.7,-6.6,,,,,,,,,,,,,
Fresno St.,2021,22,12,,48.7,49.9,32.6,35.8,65.4,-6.0,,,,,,,,,,,,,
Grambling St.,2021,23,12,,47.0,44.0,33.3,34.3,70.0,-9.2,,,,,,,,,,,,,
Pepperdine,2021,22,12,,51.5,55.4,32.5,27.8,71.2,-4.2,,,,,,,,,,,,,
Utah,2021,25,12,,53.0,49.6,35.5,36.0,67.6,-3.9,,,,,,,,,,,,,
TCU,2021,26,12,,49.5,51.0,33.8,33.5,67.0,-4.0,,,,,,,,,,,,,41.0
Southern Illinois,2021,25,12,,49.7,54.1,37.2,34.4,66.2,-8.1,,,,,,,,,,,,,
Indiana,2021,27,12,,48.5,48.1,32.4,33.4,66.3,-1.2,,,,,,,,,,,,,44.0
UNLV,2021,25,12,,49.8,48.1,34.6,37.9,66.0,-7.7,,,,,,,,,,,,,
Longwood,2021,27,12,,48.6,56.1,34.6,31.0,65.2,-12.5,,,,,,,,,,,,,
Bradley,2021,26,12,,51.6,46.4,31.4,38.1,66.0,-9.8,,,,,,,,,,,,,
Oakland,2021,30,12,,47.7,55.0,33.3,37.3,70.3,-11.5,,,,,,,,,,,,,
Chicago St.,2021,9,0,,43.9,60.6,25.1,39.5,70.5,-5.8,,,,,,,,,,,,,
North Carolina St.,2021,23,13,,51.7,50.6,36.6,35.7,68.0,-1.6,,,,,,,,,,,,,42.0
Montana St.,2021,21,13,,50.5,48.5,32.0,34.4,68.3,-7.1,,,,,,,,,,,,,
Hofstra,2021,23,13,,51.7,51.4,33.0,33.8,68.4,-5.8,,,,,,,,,,,,,
Florida Atlantic,2021,19,13,,50.2,47.7,35.4,35.4,68.3,-7.3,,,,,,,,,,,,,
Cal Baptist,2021,19,13,,50.4,50.0,39.6,36.8,70.6,-7.2,,,,,,,,,,,,,
Duke,2021,24,13,,54.3,50.4,35.1,35.5,68.5,-1.8,,,,,,,,,,,,,31.0
North Alabama,2021,20,13,,47.3,49.8,33.0,35.6,70.3,-8.5,,,,,,,,,,,,,
Idaho St.,2021,19,13,,48.3,45.1,30.2,36.5,64.6,-8.5,,,,,,,,,,,,,
East Tennessee St.,2021,23,13,,49.0,49.3,34.9,34.4,65.8,-7.3,,,,,,,,,,,,,
VMI,2021,22,13,,52.4,50.8,37.0,33.4,70.3,-7.5,,,,,,,,,,,,,
The Citadel,2021,21,13,,53.8,55.8,32.8,31.6,74.0,-8.4,,,,,,,,,,,,,
Providence,2021,26,13,,48.5,50.6,32.0,29.7,66.7,-1.8,,,,,,,,,,,,,35.0
Murray St.,2021,24,13,,54.6,50.1,36.6,32.6,66.3,-10.4,,,,,,,,,,,,,
Georgia Southern,2021,22,13,,49.1,48.9,30.9,36.2,66.9,-10.5,,,,,,,,,,,,,
UT Arlington,2021,23,13,,41.7,47.5,35.3,36.7,69.6,-9.6,,,,,,,,,,,,,
Marquette,2021,27,13,,51.9,45.8,32.3,33.9,67.9,-2.1,,,,,,,,,,,,,43.0
Auburn,2021,27,13,,53.1,49.9,32.6,32.7,71.0,-2.2,,,,,,,,,,,,,35.0
Louisville,2021,20,13,,48.4,50.3,30.8,30.5,66.1,1.3,,,,,,,,,,,,,41.0
Bellarmine,2021,18,13,,55.9,52.4,37.1,39.5,64.5,-4.8,,,,,,,,,,,,,
James Madison,2021,17,13,,50.9,50.3,33.3,32.6,72.0,-4.5,,,,,,,,,,,,,
Wagner,2021,20,13,,49.7,49.3,31.8,34.5,65.3,-5.0,,,,,,,,,,,,,
Richmond,2021,20,13,,53.9,54.8,34.3,32.2,69.3,-1.4,,,,,,,,,,,,,42.0
Davidson,2021,20,13,,56.9,48.7,36.0,33.4,63.3,-2.1,,,,,,,,,,,,,
Xavier,2021,21,13,,54.3,45.7,32.5,33.8,68.4,-0.6,,,,,,,,,,,,,45.0
George Mason,2021,21,13,,48.5,48.4,32.7,35.7,68.2,-3.9,,,,,,,,,,,,,
Loyola Marymount,2021,22,13,,52.2,50.3,33.8,34.5,66.4,-2.5,,,,,,,,,,,,,
Northern Kentucky,2021,25,14,,53.7,50.8,30.7,35.5,65.1,-7.8,,,,,,,,,,,,,
Saint Peter's,2021,25,14,,44.1,41.6,32.3,33.6,67.2,-8.1,,,,,,,,,,,,,
Bowling Green,2021,24,14,,48.4,51.7,31.8,34.1,70.5,-5.5,,,,,,,,,,,,,
Wyoming,2021,25,14,,53.9,54.4,35.7,33.0,69.4,-5.2,,,,,,,,,,,,,
South Dakota,2021,24,14,,50.5,47.3,39.1,35.4,69.2,-7.3,,,,,,,,,,,,,
Georgia,2021,25,14,,51.8,53.3,32.3,34.2,73.3,-2.2,,,,,,,,,,,,,36.0
Seton Hall,2021,27,14,,51.1,46.6,32.1,36.6,67.1,-1.0,,,,,,,,,,,,,44.0
Austin Peay,2021,25,14,,50.6,54.5,33.3,36.9,66.9,-10.4,,,,,,,,,,,,,
Stanford,2021,27,14,,52.8,46.9,32.2,33.6,69.4,-2.4,,,,,,,,,,,,,47.0
Washington St.,2021,27,14,,45.7,46.4,34.1,31.3,68.0,-4.5,,,,,,,,,,,,,38.0
Minnesota,2021,29,14,,46.7,48.3,28.4,35.2,70.5,-1.1,,,,,,,,,,,,,35.0
Saint Louis,2021,20,14,,51.4,46.8,35.2,33.3,68.0,-0.7,,,,,,,,,,,,,39.0
UMBC,2021,20,14,,49.8,44.5,34.1,32.9,68.2,-3.8,,,,,,,,,,,,,
UC Riverside,2021,22,14,,50.3,44.7,36.9,31.9,66.8,-4.7,,,,,,,,,,,,,
Morgan St.,2021,19,14,,48.2,50.2,32.9,29.9,71.6,-6.3,,,,,,,,,,,,,
Dayton,2021,23,14,,55.0,48.7,37.4,31.8,65.8,-1.9,,,,,,,,,,,,,44.0
Saint Mary's,2021,23,14,,49.8,45.9,29.3,34.8,63.6,-0.7,,,,,,,,,,,,,48.0
Indiana St.,2021,24,15,,47.9,52.6,33.8,33.1,67.0,-3.9,,,,,,,,,,,,,
Cal St. Bakersfield,2021,24,15,,47.6,49.4,33.8,34.9,63.8,-6.2,,,,,,,,,,,,,
UTSA,2021,22,15,,49.2,49.8,33.1,35.1,71.9,-6.4,,,,,,,,,,,,,
Lipscomb,2021,23,15,,51.2,53.4,34.1,32.8,66.5,-8.9,,,,,,,,,,,,,
Radford,2021,25,15,,52.9,46.0,30.9,37.2,63.9,-8.8,,,,,,,,,,,,,
Youngstown St.,2021,23,15,,50.1,54.1,30.9,36.4,67.4,-9.3,,,,,,,,,,,,,
North Dakota St.,2021,27,15,,49.9,49.5,34.1,33.7,64.9,-7.2,,,,,,,,,,,,,
Montana,2021,23,15,,46.5,50.2,36.6,32.4,65.9,-8.6,,,,,,,,,,,,,
Rice,2021,25,15,,51.2,50.7,36.1,35.8,69.7,-7.6,,,,,,,,,,,,,
Mississippi St.,2021,29,15,,49.4,45.9,33.6,32.3,65.6,-3.0,,,,,,,,,,,,,
Navy,2021,18,15,,50.6,53.7,32.7,33.5,66.7,-0.5,,,,,,,,,,,,,
Bryant,2021,20,15,,51.5,48.6,37.9,28.9,74.0,-3.9,,,,,,,,,,,,,
Marshall,2021,22,15,,55.5,47.7,36.0,35.9,73.0,-2.7,,,,,,,,,,,,,
Old Dominion,2021,22,15,,50.6,47.5,29.4,35.6,67.5,-3.1,,,,,,,,,,,,,
Akron,2021,21,15,,52.7,49.3,33.4,31.6,68.4,-3.1,,,,,,,,,,,,,
Kent St.,2021,22,15,,51.3,47.5,33.5,35.3,69.7,-2.8,,,,,,,,,,,,,
Wofford,2021,22,15,,56.6,52.2,35.6,34.5,65.8,-4.8,,,,,,,,,,,,,
Nevada,2021,25,16,,50.0,46.9,35.5,33.6,70.3,-2.8,,,,,,,,,,,,,
Mississippi,2021,27,16,,50.6,45.8,29.9,35.7,65.1,-1.3,,,,,,,,,,,,,
St. John's,2021,27,16,,49.8,53.3,34.4,34.2,73.8,-0.6,,,,,,,,,,,,,49.0
Stephen F. Austin,2021,18,16,,57.1,50.5,32.2,34.5,69.7,-2.7,,,,,,,,,,,,,
Prairie View A&M,2021,21,16,,53.0,47.1,30.4,31.8,68.9,-3.2,,,,,,,,,,,,,
Georgia St.,2021,20,16,,51.0,47.2,34.5,34.1,70.8,-3.3,,,,,,,,,,,,,
Coastal Carolina,2021,19,16,,48.7,45.3,34.6,31.0,70.7,-5.3,,,,,,,,,,,,,
South Dakota St.,2021,22,16,,53.9,49.9,40.9,35.5,71.3,-3.2,,,,,,,,,,,,,
Memphis,2021,24,16,,48.8,45.9,35.4,27.1,72.3,-1.0,,,,,,,,,,,,,43.0
Buffalo,2021,23,16,,51.1,48.0,34.0,28.3,73.5,-3.5,,,,,,,,,,,,,
Furman,2021,22,16,,60.8,51.5,34.8,34.3,68.2,-4.7,,,,,,,,,,,,,
Campbell,2021,25,17,,55.4,55.4,37.4,31.0,64.2,-6.7,,,,,,,,,,,,,
South Alabama,2021,24,17,,49.4,49.1,35.1,33.5,66.8,-8.2,,,,,,,,,,,,,
Weber St.,2021,20,17,,57.3,48.3,36.6,35.2,71.8,-3.4,,,,,,,,,,,,,
Missouri St.,2021,22,17,,55.2,46.4,35.0,33.0,69.0,-2.8,,,,,,,,,,,,,
Arizona,2021,26,17,,48.1,48.0,37.2,34.1,68.1,-0.6,,,,,,,,,,,,,42.0
Louisiana Lafayette,2021,24,17,,48.8,46.7,35.6,34.9,71.1,-5.9,,,,,,,,,,,,,
Mercer,2021,26,18,,53.9,52.1,36.6,31.4,67.9,-6.3,,,,,,,,,,,,,
Wright St.,2021,24,18,,53.8,44.8,37.0,30.6,71.4,-3.6,,,,,,,,,,,,,45.0
Colorado St.,2021,23,18,,55.7,49.6,36.0,29.9,69.3,0.2,,,,,,,,,,,,,40.0
Texas St.,2021,23,18,,49.1,47.5,39.4,35.2,62.9,-4.4,,,,,,,,,,,,,
Nicholls St.,2021,24,18,,53.0,47.6,31.8,34.8,71.8,-4.1,,,,,,,,,,,,,
Boise St.,2021,25,18,,52.4,48.5,34.4,32.6,69.3,-0.7,,,,,,,,,,,,,38.0
Chattanooga,2021,24,18,,48.6,52.2,35.4,34.3,66.8,-4.3,,,,,,,,,,,,,44.0
UC Irvine,2021,25,18,,46.7,43.2,32.9,32.9,67.8,-3.7,,,,,,,,,,,,,
Jacksonville St.,2021,25,18,,52.8,47.5,34.6,32.7,66.1,-5.2,,,,,,,,,,,,,
Sam Houston St.,2021,24,19,,49.1,50.3,34.8,30.3,71.0,-4.4,,,,,,,,,,,,,
Southern Utah,2021,19,20,,54.0,50.4,33.4,35.8,70.3,-1.7,,,,,,,,,,,,,
Western Kentucky,2021,27,20,,50.6,45.8,34.5,35.8,68.1,-0.4,,,,,,,,,,,,,40.0
Louisiana Tech,2021,27,21,,49.7,46.4,34.6,29.6,69.6,-1.7,,,,,,,,,,,,,
Toledo,2021,29,21,,52.5,51.0,37.7,29.5,69.1,-2.1,,,,,,,,,,,,,40.0
UAB,2021,27,22,,49.4,46.1,31.1,32.4,67.5,-2.7,,,,,,,,,,,,,43.0
Eastern Kentucky,2021,27,22,,49.6,51.8,35.8,33.0,75.1,-3.8,,,,,,,,,,,,,
Belmont,2021,29,26,,59.4,48.2,34.7,34.0,71.1,-1.1,,,,,,,,,,,,,37.0
Gonzaga,2022,32,28,1.0,60.4,41.8,37.0,30.5,72.6,6.7,121.805,88.836,0.973,59.4,43.2,15.9,17.0,29.0,77.0,29.7,22.2,96.5,1.0
Kansas,2022,40,34,1.0,53.6,46.4,36.1,29.8,69.1,10.4,119.389,93.8965,0.951,54.1,46.9,17.8,18.4,33.4,71.1,32.8,27.8,91.3,3.0
Baylor,2022,34,27,1.0,53.6,49.2,34.3,30.2,67.6,8.9,117.874,91.5538,0.952,52.9,47.8,18.2,22.9,36.3,71.6,28.5,26.9,87.7,4.0
Arizona,2022,37,33,1.0,57.0,41.8,35.3,32.8,72.3,8.8,119.64,92.431,0.943,55.9,44.4,18.0,17.7,34.5,71.7,35.1,22.8,90.9,2.0
Duke,2022,39,32,2.0,56.0,46.6,36.6,32.0,67.4,7.2,119.363,95.6508,0.943,55.6,47.0,14.9,16.1,31.9,71.5,28.6,18.9,89.3,9.0
Villanova,2022,38,30,2.0,49.5,48.1,35.9,30.8,62.2,7.3,117.95,93.8397,0.934,52.0,47.5,15.5,18.8,30.9,72.0,30.5,25.1,90.2,6.0
Kentucky,2022,34,26,2.0,53.5,47.3,34.7,30.8,67.8,6.9,120.191,93.5959,0.939,53.3,46.5,16.6,17.4,37.8,75.1,27.2,25.1,91.2,7.0
Auburn,2022,34,28,2.0,51.3,42.8,31.8,31.0,70.0,7.4,113.602,89.1491,0.933,50.3,44.1,16.7,20.7,33.2,70.7,31.6,34.8,89.5,8.0
Texas Tech,2022,37,27,3.0,54.9,44.5,32.1,31.5,66.3,6.6,109.701,85.0595,0.943,52.4,45.5,20.3,23.6,33.3,73.9,36.1,32.1,88.7,12.0
Tennessee,2022,35,27,3.0,48.5,46.0,35.9,31.3,67.4,8.0,111.439,86.1987,0.938,50.3,46.2,18.0,22.9,32.8,72.6,29.6,31.6,88.9,5.0
Purdue,2022,37,29,3.0,55.8,48.6,38.4,33.2,66.0,7.0,121.268,98.9804,0.933,57.0,49.6,17.3,14.1,35.2,76.4,36.3,21.4,89.1,10.0
Wisconsin,2022,33,25,3.0,48.7,49.0,30.7,32.5,66.4,6.5,110.398,94.8142,0.863,48.2,49.4,12.7,16.9,25.8,76.0,32.3,27.7,84.7,14.0
UCLA,2022,35,27,4.0,49.5,47.3,35.4,32.1,65.4,5.1,116.076,91.2287,0.933,50.6,47.7,13.4,19.7,31.9,75.2,29.8,29.2,89.8,11.0
Illinois,2022,33,23,4.0,51.4,45.2,35.9,31.9,67.1,4.2,113.725,94.138,0.908,53.1,46.3,17.7,15.6,33.4,74.2,31.7,28.4,86.8,19.0
Arkansas,2022,37,28,4.0,50.1,46.8,30.4,32.4,70.6,4.5,111.072,92.0511,0.88,49.2,47.5,17.4,20.6,30.9,74.2,37.9,32.3,86.8,17.0
Providence,2022,33,27,4.0,49.0,47.1,34.4,30.0,65.3,5.9,111.929,98.0491,0.835,50.3,46.7,17.3,15.8,30.5,72.0,38.5,26.3,82.7,13.0
Houston,2022,38,32,5.0,54.5,43.4,33.8,28.8,63.7,6.2,117.348,90.8508,0.96,53.6,43.5,17.1,21.7,37.8,72.7,28.7,35.1,88.7,15.0
Iowa,2022,36,26,5.0,52.5,49.9,36.3,32.9,69.8,4.5,121.548,98.0208,0.922,53.6,49.8,12.9,19.3,32.2,69.8,30.4,26.2,89.0,16.0
Saint Mary's,2022,33,26,5.0,52.5,47.0,35.5,34.3,63.7,3.9,109.764,89.9554,0.887,52.6,48.3,17.1,19.5,27.3,78.1,23.2,24.4,84.3,18.0
Connecticut,2022,33,23,5.0,48.0,42.6,35.2,35.3,65.0,3.1,113.924,94.5963,0.879,49.6,45.7,17.4,18.0,38.0,72.5,30.6,31.9,86.4,21.0
Texas,2022,34,22,6.0,50.5,46.6,33.0,31.8,63.5,3.4,111.812,91.4059,0.918,50.1,46.5,18.2,23.3,31.9,70.0,32.3,36.8,86.3,25.0
LSU,2022,34,22,6.0,50.4,47.6,31.6,28.2,68.7,2.3,107.64,88.5581,0.891,49.5,45.1,20.4,25.3,33.7,68.8,33.0,38.4,85.7,29.0
Alabama,2022,33,19,6.0,55.9,49.3,30.9,33.8,71.8,2.0,116.098,98.7358,0.872,51.5,49.4,19.8,17.7,35.5,69.3,33.6,35.2,85.2,35.0
Colorado St.,2022,30,25,6.0,55.7,51.0,35.6,32.7,65.6,4.3,114.159,98.3029,0.818,55.2,49.9,15.1,18.4,21.9,75.1,30.4,25.0,81.7,24.0
Ohio St.,2022,32,20,7.0,54.0,45.8,36.5,33.8,65.1,1.3,116.627,100.804,0.857,54.8,47.9,16.7,15.3,28.8,71.4,33.5,29.2,84.2,36.0
Michigan St.,2022,36,23,7.0,49.6,48.5,37.8,31.6,67.6,2.9,111.275,96.4032,0.848,52.0,47.5,19.2,15.3,30.7,73.0,30.4,28.3,83.5,33.0
Murray St.,2022,31,31,7.0,53.2,50.5,34.5,29.7,66.0,3.5,111.518,95.1287,0.838,52.9,48.0,17.1,21.0,35.5,74.6,31.1,24.6,81.3,20.0
USC,2022,34,26,7.0,50.1,42.0,35.7,33.2,66.2,4.1,110.473,96.0232,0.816,51.1,44.7,17.7,14.7,33.8,72.8,30.9,26.3,83.0,22.0
North Carolina,2022,39,29,8.0,50.1,47.5,35.8,33.7,70.1,4.3,113.057,97.0108,0.866,52.1,49.8,16.5,14.1,30.4,79.2,29.6,21.5,84.0,32.0
San Diego St.,2022,32,23,8.0,46.7,43.5,35.4,30.0,65.3,2.6,104.106,85.9549,0.863,48.8,44.0,19.3,21.7,29.6,73.0,31.3,30.6,83.5,27.0
Boise St.,2022,34,27,8.0,50.6,48.0,34.0,32.6,64.5,3.5,108.443,92.0306,0.851,51.1,48.2,18.5,20.1,30.6,78.1,35.2,25.8,82.5,23.0
Seton Hall,2022,31,21,8.0,45.8,45.1,33.2,31.1,67.6,1.9,108.487,93.5199,0.826,47.6,45.4,17.5,18.5,32.7,70.9,30.8,27.8,82.6,42.0
Memphis,2022,33,22,9.0,51.9,45.5,35.5,32.0,70.0,1.4,110.368,94.1479,0.875,52.6,46.5,22.9,20.9,37.5,69.0,38.4,32.9,84.9,30.0
TCU,2022,34,21,9.0,50.3,48.0,30.2,30.9,65.9,2.9,108.261,93.3525,0.841,48.9,47.7,21.6,18.4,37.8,73.9,31.2,26.7,81.9,44.0
Creighton,2022,35,23,9.0,53.3,43.6,30.8,31.7,67.0,1.7,105.588,92.1195,0.801,50.9,44.9,20.5,15.5,28.6,71.6,26.0,20.3,81.5,37.0
Marquette,2022,32,19,9.0,52.6,46.4,34.4,32.0,71.2,0.6,109.787,95.785,0.807,52.6,46.7,17.3,19.1,22.4,68.6,26.8,29.7,81.9,45.0
San Francisco,2022,33,24,10.0,54.4,48.7,34.3,28.9,69.0,1.6,110.756,92.3886,0.877,53.1,46.9,18.1,18.5,30.3,76.2,28.4,32.2,81.8,39.0
Miami FL,2022,37,26,10.0,54.8,53.0,33.9,34.5,67.7,2.6,114.756,102.136,0.813,54.2,53.4,14.2,20.3,23.4,69.7,28.9,24.6,81.1,39.0
Loyola Chicago,2022,32,25,10.0,54.9,47.3,37.6,30.9,64.6,1.8,110.891,93.196,0.849,56.3,47.0,18.4,19.9,25.1,76.1,31.9,28.4,83.7,30.0
Davidson,2022,33,27,10.0,54.2,48.9,38.5,33.6,64.6,2.1,116.781,101.978,0.818,55.6,49.4,14.8,16.9,23.6,77.8,32.9,28.0,81.8,39.0
Virginia Tech,2022,36,23,11.0,52.6,49.3,39.2,32.3,63.3,1.7,114.268,96.4045,0.898,55.2,48.7,17.0,18.8,28.1,73.9,23.7,25.2,84.7,26.0
Michigan,2022,34,19,11.0,52.7,50.4,33.9,32.4,66.4,0.2,114.207,98.5588,0.868,52.3,50.3,17.1,15.0,31.2,76.2,28.9,26.6,84.7,31.0
Notre Dame,2022,34,24,11.0,51.9,49.6,37.9,32.0,65.4,1.9,111.997,98.3632,0.836,54.0,49.1,15.5,15.0,22.1,76.0,27.7,22.9,81.6,37.0
Iowa St.,2022,35,22,11.0,50.1,50.8,31.5,28.9,66.3,2.8,104.382,90.4362,0.849,49.9,48.4,20.4,24.5,28.2,71.5,28.1,36.2,80.6,41.0
Rutgers,2022,32,18,11.0,49.4,47.1,33.9,33.9,65.0,-0.7,106.375,95.5107,0.738,49.5,48.3,17.3,18.2,29.3,72.9,26.9,28.8,81.1,35.0
Indiana,2022,35,21,12.0,50.9,43.9,33.3,33.0,67.2,0.2,107.558,92.6213,0.884,51.3,45.6,17.3,17.4,26.9,75.0,33.5,30.6,83.0,39.0
UAB,2022,33,27,12.0,50.8,47.8,38.0,32.9,68.9,-0.1,112.489,98.456,0.807,52.9,47.9,16.3,21.4,33.4,72.6,29.5,31.5,81.2,45.0
Wyoming,2022,33,25,12.0,54.4,48.4,33.0,30.1,65.8,1.9,110.173,97.0777,0.777,52.4,47.2,16.7,15.8,25.6,75.9,37.0,24.5,78.5,39.0
New Mexico St.,2022,31,27,12.0,53.2,45.6,33.4,29.8,66.1,0.7,107.805,97.7021,0.726,52.2,45.5,20.7,16.9,33.3,73.8,35.4,27.8,77.7,41.0
Richmond,2022,37,24,12.0,52.3,49.9,33.0,34.3,66.7,-1.6,109.146,99.3205,0.716,51.5,50.5,14.4,18.9,22.4,72.8,30.9,23.5,79.9,48.0
Vermont,2022,33,28,13.0,58.6,45.3,36.8,34.4,64.8,-0.8,110.775,97.7084,0.778,57.3,47.7,14.9,17.1,24.0,81.4,26.6,22.6,80.3,38.0
Chattanooga,2022,33,27,13.0,53.0,52.1,33.9,30.3,64.6,0.2,110.028,98.756,0.751,52.8,49.6,17.0,18.0,32.7,73.7,27.0,27.3,78.7,
South Dakota St.,2022,33,30,13.0,55.9,50.3,43.7,35.2,69.6,1.5,116.763,105.32,0.761,59.7,51.5,15.3,15.8,24.0,75.8,35.2,21.3,79.7,27.0
Akron,2022,32,24,13.0,52.2,47.4,35.3,34.8,61.9,-4.3,106.151,102.661,0.558,52.8,49.3,17.7,17.6,29.1,73.7,40.1,26.2,76.7,45.0
Colgate,2022,34,23,14.0,52.1,48.0,40.4,33.7,67.0,-6.1,108.276,104.059,0.576,55.9,49.0,16.9,16.2,26.5,75.2,26.8,24.3,76.4,
Longwood,2022,29,26,14.0,47.9,53.9,38.4,32.1,65.8,-2.3,106.108,103.624,0.582,51.7,50.6,18.2,20.1,33.6,75.5,35.9,26.8,73.4,42.0
Yale,2022,30,19,14.0,50.1,51.2,32.6,30.5,68.9,-4.9,101.474,99.2392,0.541,50.1,48.9,18.3,18.2,25.6,73.5,32.7,31.1,74.7,42.0
Montana St.,2022,33,27,14.0,52.9,48.9,37.0,33.6,67.1,-2.8,104.531,100.723,0.562,54.1,48.6,18.5,18.3,26.7,76.7,40.5,36.2,74.3,
Saint Peter's,2022,33,22,15.0,45.6,44.5,34.6,29.2,65.6,-5.6,98.7512,94.4758,0.604,47.8,44.1,20.8,20.9,31.5,72.0,37.5,41.0,74.2,
Delaware,2022,34,22,15.0,54.4,47.7,34.5,35.4,66.6,-5.5,106.849,104.566,0.597,53.5,49.3,18.4,18.5,26.8,68.8,34.6,29.3,73.6,
Jacksonville St.,2022,30,21,15.0,51.0,47.5,38.0,32.7,65.1,-5.2,105.325,103.083,0.564,54.2,48.0,20.0,17.1,28.3,73.8,32.2,21.1,73.2,
Cal St. Fullerton,2022,30,21,15.0,48.4,48.4,33.4,37.3,66.0,-5.0,104.656,102.553,0.466,49.2,50.8,18.1,20.2,29.0,72.0,35.7,26.1,71.8,
Georgia St.,2022,26,18,16.0,42.5,46.2,32.4,37.5,67.3,-5.1,101.532,99.6875,0.54,45.1,49.7,16.9,22.7,32.8,69.3,30.2,32.8,73.5,
Bryant,2022,31,22,16.0,52.8,47.0,30.3,32.5,72.3,-4.8,104.211,105.162,0.458,49.7,47.4,19.1,16.5,33.0,68.4,32.7,24.4,71.6,
Wright St.,2022,35,22,16.0,52.5,51.9,33.4,33.8,68.8,-8.4,106.365,107.231,0.427,52.0,51.2,17.9,18.4,31.3,70.0,31.1,26.0,73.5,
Texas Southern,2022,32,19,16.0,48.6,45.1,31.4,30.4,68.1,-6.8,98.1424,99.4749,0.45,48.7,44.9,21.4,17.4,33.8,71.8,32.7,34.3,70.4,
Norfolk St.,2022,28,24,16.0,50.8,47.1,34.0,29.5,67.0,-3.1,102.43,102.285,0.438,51.5,45.1,19.9,18.5,29.8,72.8,39.1,33.3,71.4,
Texas A&M Corpus Chris,2022,31,23,16.0,46.9,50.3,31.8,31.5,69.2,-7.6,96.9771,103.288,0.321,47.3,49.1,19.9,22.7,34.7,71.0,38.4,41.6,67.3,
Oklahoma,2022,35,19,,56.7,50.3,34.7,31.8,65.2,1.1,,,,,,,,,,,,,41.0
Texas A&M,2022,39,27,,50.1,47.9,32.4,31.1,66.5,1.2,,,,,,,,,,,,,34.0
Oklahoma St.,2022,30,15,,49.8,43.7,29.5,32.4,68.0,-0.8,,,,,,,,,,,,,37.0
Wake Forest,2022,35,25,,58.5,46.6,34.5,32.3,70.4,1.5,,,,,,,,,,,,,45.0
Washington St.,2022,37,22,,46.2,47.4,33.5,30.6,66.2,-4.0,,,,,,,,,,,,,
Dayton,2022,35,24,,53.8,45.8,36.1,32.4,63.1,-1.2,,,,,,,,,,,,,
Syracuse,2022,33,16,,49.9,51.6,37.6,33.0,67.7,-3.8,,,,,,,,,,,,,35.0
Xavier,2022,36,23,,52.2,48.3,32.2,32.2,68.6,-1.1,,,,,,,,,,,,,40.0
St. John's,2022,32,17,,51.0,47.5,33.5,34.1,73.6,-3.3,,,,,,,,,,,,,41.0
VCU,2022,32,22,,51.1,45.9,34.7,27.8,68.5,0.5,,,,,,,,,,,,,
North Texas,2022,30,25,,49.7,47.6,35.8,28.8,59.2,0.7,,,,,,,,,,,,,36.0
Utah St.,2022,33,18,,56.2,48.8,34.1,34.0,66.7,-4.7,,,,,,,,,,,,,44.0
Florida,2022,34,20,,53.1,49.9,30.3,32.2,65.5,-0.9,,,,,,,,,,,,,39.0
SMU,2022,33,24,,50.4,44.5,35.3,29.8,68.3,1.8,,,,,,,,,,,,,39.0
West Virginia,2022,33,16,,45.7,51.7,32.8,32.4,67.9,-1.1,,,,,,,,,,,,,33.0
Virginia,2022,35,21,,50.3,47.9,32.3,33.6,59.3,-0.5,,,,,,,,,,,,,35.0
Vanderbilt,2022,36,19,,49.5,50.7,34.0,30.1,67.4,-3.1,,,,,,,,,,,,,
BYU,2022,33,24,,51.9,48.9,34.6,30.5,67.8,0.3,,,,,,,,,,,,,26.0
Santa Clara,2022,33,21,,53.5,46.7,37.8,34.8,70.9,-1.7,,,,,,,,,,,,,
Northern Iowa,2022,31,20,,53.3,54.4,35.1,35.6,67.3,-2.9,,,,,,,,,,,,,38.0
DePaul,2022,31,15,,49.4,47.8,31.7,33.7,68.8,-4.7,,,,,,,,,,,,,
Stephen F. Austin,2022,28,22,,52.8,50.1,31.9,31.9,69.0,-3.1,,,,,,,,,,,,,
Sam Houston St.,2022,30,19,,46.8,49.1,33.6,31.9,64.9,-7.1,,,,,,,,,,,,,
UC Riverside,2022,26,16,,52.2,47.8,32.3,30.2,65.4,-6.8,,,,,,,,,,,,,
UNC Greensboro,2022,31,17,,48.6,48.6,34.4,34.9,62.3,-7.4,,,,,,,,,,,,,
Bellarmine,2022,29,20,,54.8,56.1,34.2,35.0,62.3,-5.6,,,,,,,,,,,,,
Long Beach St.,2022,31,20,,47.1,51.3,34.9,35.5,71.1,-4.9,,,,,,,,,,,,,
Old Dominion,2022,31,13,,48.1,48.4,29.0,34.2,64.3,-12.3,,,,,,,,,,,,,
Campbell,2022,26,16,,52.4,49.1,33.0,35.3,62.3,-8.8,,,,,,,,,,,,,
Alcorn St.,2022,34,17,,45.1,50.6,31.8,34.3,67.4,-8.2,,,,,,,,,,,,,
Mississippi St.,2022,34,18,,51.7,50.9,29.5,31.9,65.5,-2.4,,,,,,,,,,,,,38.0
Kansas St.,2022,31,14,,47.5,52.4,34.6,30.2,66.4,-2.1,,,,,,,,,,,,,
Fresno St.,2022,35,23,,51.3,47.2,33.7,32.3,61.5,-4.0,,,,,,,,,,,,,
Saint Louis,2022,34,23,,49.1,48.0,36.2,32.3,68.0,-1.5,,,,,,,,,,,,,44.0
Tulane,2022,29,14,,49.0,48.3,36.5,34.1,67.9,-5.1,,,,,,,,,,,,,
Clemson,2022,33,17,,51.2,49.4,36.3,33.4,66.4,-3.7,,,,,,,,,,,,,
Oregon,2022,34,20,,51.6,50.2,33.5,32.4,67.7,-2.4,,,,,,,,,,,,,37.0
Furman,2022,33,22,,55.0,52.5,37.5,33.3,65.0,-4.5,,,,,,,,,,,,,44.0
Missouri St.,2022,33,23,,54.6,47.8,36.4,33.6,67.1,-2.5,,,,,,,,,,,,,44.0
Towson,2022,34,25,,50.4,48.4,35.7,31.5,64.7,-1.7,,,,,,,,,,,,,
Drake,2022,34,25,,52.3,49.1,33.1,33.1,66.0,-2.0,,,,,,,,,,,,,40.0
Arizona St.,2022,31,14,,47.7,46.1,30.7,31.1,67.3,-4.1,,,,,,,,,,,,,
Maryland,2022,32,15,,49.7,48.2,32.6,35.5,66.7,-3.8,,,,,,,,,,,,,34.0
Colorado,2022,33,21,,48.1,47.2,36.6,33.1,67.3,-0.3,,,,,,,,,,,,,32.0
UNLV,2022,31,18,,48.6,48.8,33.2,31.9,66.4,-3.8,,,,,,,,,,,,,
Northwestern,2022,30,15,,47.2,47.7,34.6,36.8,67.8,-3.9,,,,,,,,,,,,,
St. Bonaventure,2022,33,23,,50.9,49.6,33.1,34.2,65.5,-0.5,,,,,,,,,,,,,35.0
Wichita St.,2022,28,15,,46.7,47.2,31.2,31.6,67.1,-3.6,,,,,,,,,,,,,
Iona,2022,33,25,,51.2,47.2,33.2,30.2,69.4,-0.7,,,,,,,,,,,,,34.0
Belmont,2022,32,25,,60.7,48.7,32.8,33.7,69.0,-0.2,,,,,,,,,,,,,37.0
Grand Canyon,2022,29,23,,48.3,45.1,34.8,26.9,65.6,-2.4,,,,,,,,,,,,,40.0
Penn St.,2022,31,14,,49.9,45.6,34.2,35.2,61.9,-3.9,,,,,,,,,,,,,
Cincinnati,2022,32,18,,46.7,44.2,31.4,31.2,67.7,-4.6,,,,,,,,,,,,,
Middle Tennessee,2022,35,26,,52.7,47.6,33.1,31.0,67.1,-3.2,,,,,,,,,,,,,
UCF,2022,30,18,,47.9,50.0,35.0,31.2,67.5,-1.7,,,,,,,,,,,,,45.0
Toledo,2022,33,26,,53.1,47.6,35.2,31.2,68.9,-1.6,,,,,,,,,,,,,36.0
Mississippi,2022,32,13,,50.0,53.1,32.6,32.3,65.4,-7.1,,,,,,,,,,,,,
Louisiana Tech,2022,31,24,,52.5,47.4,34.0,33.0,68.4,-2.6,,,,,,,,,,,,,
Bradley,2022,30,17,,51.1,46.1,34.1,32.2,67.3,-6.4,,,,,,,,,,,,,
Florida St.,2022,31,17,,48.7,50.0,33.1,36.9,67.8,-1.6,,,,,,,,,,,,,41.0
South Carolina,2022,30,18,,47.4,46.9,31.3,32.0,70.6,-1.1,,,,,,,,,,,,,
Washington,2022,32,17,,46.2,49.8,31.2,33.5,69.6,-4.4,,,,,,,,,,,,,
Temple,2022,29,17,,44.7,46.3,31.1,29.4,66.3,-2.5,,,,,,,,,,,,,
Princeton,2022,28,23,,55.9,51.6,38.4,33.6,66.9,-2.1,,,,,,,,,,,,,
Minnesota,2022,30,13,,48.0,51.6,36.8,33.7,65.1,-4.8,,,,,,,,,,,,,32.0
Boston College,2022,33,13,,48.5,49.8,30.9,36.4,65.0,-8.3,,,,,,,,,,,,,
Hofstra,2022,30,21,,55.6,52.1,33.8,38.3,68.9,-3.4,,,,,,,,,,,,,
Nebraska,2022,32,10,,51.8,51.2,32.0,34.7,71.4,-9.1,,,,,,,,,,,,,
Abilene Christian,2022,32,25,,48.4,52.0,32.2,34.6,70.2,-4.1,,,,,,,,,,,,,
Stanford,2022,32,16,,49.2,52.9,33.9,32.7,66.0,-3.2,,,,,,,,,,,,,
Utah Valley,2022,30,20,,48.7,46.6,36.8,29.0,65.8,-5.3,,,,,,,,,,,,,39.0
Butler,2022,31,14,,48.9,51.9,29.7,31.1,63.8,-5.3,,,,,,,,,,,,,48.0
Louisville,2022,32,13,,50.5,49.1,30.9,34.9,67.3,-6.8,,,,,,,,,,,,,40.0
Morehead St.,2022,31,23,,51.6,45.3,35.8,32.6,64.7,-3.9,,,,,,,,,,,,,
North Carolina St.,2022,32,11,,45.9,53.0,34.0,36.1,67.1,-9.0,,,,,,,,,,,,,
George Mason,2022,30,14,,52.4,48.1,35.7,34.4,65.0,-8.1,,,,,,,,,,,,,41.0
Liberty,2022,30,22,,54.0,46.3,38.1,34.2,65.0,-6.1,,,,,,,,,,,,,
Utah,2022,31,11,,47.3,49.4,33.5,32.9,66.4,-9.4,,,,,,,,,,,,,
Nevada,2022,30,13,,51.3,51.2,33.0,35.9,70.3,-7.0,,,,,,,,,,,,,48.0
Western Kentucky,2022,30,19,,52.1,48.6,35.9,35.6,68.7,-6.3,,,,,,,,,,,,,
Southern Illinois,2022,30,16,,50.6,50.2,35.1,32.4,62.1,-7.5,,,,,,,,,,,,,
Wofford,2022,30,19,,55.5,53.3,34.8,36.2,64.2,-6.3,,,,,,,,,,,,,
College of Charleston,2022,32,17,,50.0,51.3,33.9,34.1,73.7,-7.5,,,,,,,,,,,,,
Texas St.,2022,26,21,,48.9,49.5,37.2,35.1,63.7,-2.3,,,,,,,,,,,,,
Kent St.,2022,32,23,,50.5,50.1,32.5,31.7,65.7,-4.5,,,,,,,,,,,,,
Florida Atlantic,2022,31,19,,53.6,48.4,35.3,36.9,67.1,-8.1,,,,,,,,,,,,,
California,2022,32,12,,47.2,48.1,30.8,30.9,64.1,-8.8,,,,,,,,,,,,,
Georgia Tech,2022,31,12,,48.6,51.4,34.4,32.1,68.1,-8.3,,,,,,,,,,,,,
Rhode Island,2022,30,15,,50.5,44.5,33.8,32.6,67.2,-8.5,,,,,,,,,,,,,
UC Santa Barbara,2022,26,17,,55.0,48.2,33.4,32.0,65.5,-6.8,,,,,,,,,,,,,
Seattle,2022,30,23,,47.1,46.0,33.1,31.4,70.4,-3.6,,,,,,,,,,,,,
Drexel,2022,28,15,,52.0,50.6,34.7,33.4,66.2,-7.7,,,,,,,,,,,,,
Buffalo,2022,28,19,,51.6,48.3,34.4,31.9,71.1,-5.4,,,,,,,,,,,,,
UC Irvine,2022,23,15,,47.4,46.0,32.1,26.6,65.1,-4.8,,,,,,,,,,,,,
Saint Joseph's,2022,30,11,,49.0,47.6,33.6,31.8,68.2,-11.0,,,,,,,,,,,,,
Ohio,2022,34,25,,50.8,51.9,33.7,31.2,67.4,-3.5,,,,,,,,,,,,,40.0
Gardner Webb,2022,28,18,,50.2,47.4,33.0,28.5,67.5,-7.7,,,,,,,,,,,,,
Jacksonville,2022,27,21,,47.2,49.9,34.5,29.3,61.4,-5.6,,,,,,,,,,,,,
Missouri,2022,32,12,,49.4,49.7,28.1,35.1,65.7,-7.0,,,,,,,,,,,,,
Appalachian St.,2022,31,19,,46.9,50.0,33.5,33.0,64.4,-7.0,,,,,,,,,,,,,
New Mexico,2022,30,13,,48.1,53.5,34.4,32.9,71.2,-9.6,,,,,,,,,,,,,
UTEP,2022,32,20,,47.4,50.0,34.7,33.2,66.5,-5.9,,,,,,,,,,,,,
UNC Wilmington,2022,34,27,,47.4,49.1,32.9,35.5,65.4,-3.6,,,,,,,,,,,,,
Wagner,2022,26,21,,53.0,50.4,28.5,29.7,66.5,-2.5,,,,,,,,,,,,,42.0
Tulsa,2022,31,11,,48.5,50.5,34.2,36.2,66.4,-10.6,,,,,,,,,,,,,
Mercer,2022,31,16,,52.9,53.2,35.3,34.9,64.9,-9.7,,,,,,,,,,,,,
Coastal Carolina,2022,29,19,,48.3,47.8,35.1,30.0,66.6,-8.8,,,,,,,,,,,,,
Portland,2022,32,19,,48.4,48.5,35.4,35.0,68.7,-6.6,,,,,,,,,,,,,
South Alabama,2022,29,21,,52.3,46.8,34.2,32.5,66.5,-6.3,,,,,,,,,,,,,
North Dakota St.,2022,31,23,,51.1,47.0,35.3,32.5,66.2,-4.5,,,,,,,,,,,,,
East Tennessee St.,2022,30,15,,51.1,54.7,35.1,34.2,65.5,-9.4,,,,,,,,,,,,,
Samford,2022,29,21,,53.4,52.6,33.1,34.4,69.2,-4.6,,,,,,,,,,,,,
East Carolina,2022,30,15,,45.3,48.8,33.3,35.3,67.8,-6.4,,,,,,,,,,,,,
Cleveland St.,2022,29,20,,55.3,50.0,32.6,32.3,67.6,-6.3,,,,,,,,,,,,,
Monmouth,2022,34,21,,46.3,46.6,33.1,32.3,66.3,-6.1,,,,,,,,,,,,,
Georgetown,2022,31,6,,43.3,52.4,34.2,36.9,70.1,-13.0,,,,,,,,,,,,,
VMI,2022,29,16,,54.4,50.2,37.4,34.7,68.7,-8.8,,,,,,,,,,,,,
Louisiana Lafayette,2022,29,16,,47.0,46.2,34.3,32.2,69.6,-9.2,,,,,,,,,,,,,
Hawaii,2022,26,17,,49.5,47.2,34.6,30.9,65.1,-7.1,,,,,,,,,,,,,
Northern Kentucky,2022,30,20,,48.3,50.0,34.1,32.4,64.0,-8.0,,,,,,,,,,,,,
Winthrop,2022,29,23,,57.0,49.1,37.0,35.9,68.4,-3.2,,,,,,,,,,,,,
Oakland,2022,30,20,,52.5,52.9,29.7,31.0,67.7,-6.1,,,,,,,,,,,,,40.0
Southern Utah,2022,33,23,,53.6,51.6,34.1,34.6,68.3,-6.5,,,,,,,,,,,,,
Fordham,2022,32,16,,46.7,48.5,29.7,31.2,67.8,-8.4,,,,,,,,,,,,,
Cornell,2022,24,15,,55.6,53.0,34.1,32.3,72.0,-6.3,,,,,,,,,,,,,
Navy,2022,31,21,,47.0,45.7,32.3,33.2,64.8,-6.0,,,,,,,,,,,,,
Oral Roberts,2022,28,19,,52.3,50.8,37.2,34.4,70.2,-6.8,,,,,,,,,,,,,
Florida Gulf Coast,2022,32,22,,53.8,50.5,35.1,33.7,70.1,-6.7,,,,,,,,,,,,,
Charlotte,2022,31,17,,53.6,51.7,34.5,36.2,65.4,-7.4,,,,,,,,,,,,,
Massachusetts,2022,32,15,,48.0,54.7,37.1,37.4,69.1,-9.0,,,,,,,,,,,,,
Georgia,2022,32,6,,51.3,56.1,32.1,34.9,68.8,-13.7,,,,,,,,,,,,,
Weber St.,2022,31,21,,54.5,49.2,34.6,38.1,69.6,-7.7,,,,,,,,,,,,,39.0
Pittsburgh,2022,32,11,,46.5,49.5,31.4,36.8,64.0,-8.9,,,,,,,,,,,,,
Tarleton St.,2022,28,14,,46.3,54.7,30.9,32.9,63.2,-9.5,,,,,,,,,,,,,
Illinois St.,2022,31,13,,49.7,50.5,36.9,34.5,68.0,-12.4,,,,,,,,,,,,,
UMKC,2022,27,19,,51.6,52.8,35.8,33.6,67.3,-7.3,,,,,,,,,,,,,
Arkansas St.,2022,26,18,,50.0,48.8,31.9,33.3,68.2,-5.9,,,,,,,,,,,,,
Indiana St.,2022,28,11,,52.8,50.1,32.0,36.1,69.5,-12.3,,,,,,,,,,,,,
Troy,2022,29,20,,47.1,47.9,32.3,33.1,67.1,-5.8,,,,,,,,,,,,,
Nicholls St.,2022,29,21,,54.5,47.2,32.1,33.3,69.8,-5.8,,,,,,,,,,,,,
Loyola Marymount,2022,28,11,,52.3,55.0,34.2,36.0,65.8,-9.4,,,,,,,,,,,,,
Valparaiso,2022,30,14,,52.1,51.6,32.9,35.6,65.2,-10.8,,,,,,,,,,,,,
UC Davis,2022,22,13,,48.7,45.4,32.3,33.9,67.3,-8.1,,,,,,,,,,,,,
Fort Wayne,2022,31,21,,51.9,53.6,36.4,35.4,68.3,-7.4,,,,,,,,,,,,,
Niagara,2022,29,14,,48.2,46.9,34.0,33.6,64.3,-10.5,,,,,,,,,,,,,
Fairfield,2022,32,15,,48.6,48.1,33.5,32.2,64.3,-12.7,,,,,,,,,,,,,
Harvard,2022,23,13,,50.0,49.8,32.6,37.1,67.2,-9.5,,,,,,,,,,,,,
UNC Asheville,2022,29,17,,50.1,52.9,34.1,29.0,66.5,-9.4,,,,,,,,,,,,,
South Dakota,2022,29,19,,50.0,51.7,37.3,36.2,65.8,-7.6,,,,,,,,,,,,,
Oregon St.,2022,31,3,,49.8,55.8,31.9,35.9,66.7,-16.1,,,,,,,,,,,,,
Northern Colorado,2022,35,22,,55.6,50.7,37.9,38.2,69.3,-9.0,,,,,,,,,,,,,
James Madison,2022,27,15,,50.9,55.7,34.2,33.7,69.0,-8.3,,,,,,,,,,,,,
Cal Baptist,2022,31,18,,49.8,47.8,33.4,32.6,67.3,-9.1,,,,,,,,,,,,,
Penn,2022,28,12,,52.0,52.1,33.5,34.7,67.9,-8.8,,,,,,,,,,,,,
San Diego,2022,29,15,,46.2,49.0,32.1,33.2,65.7,-7.8,,,,,,,,,,,,,
George Washington,2022,30,12,,48.0,51.4,33.7,30.7,69.0,-10.9,,,,,,,,,,,,,
Rider,2022,32,14,,44.9,47.3,31.6,34.4,67.0,-13.4,,,,,,,,,,,,,
Detroit,2022,29,14,,50.1,55.4,36.9,35.3,64.9,-9.6,,,,,,,,,,,,,
Dartmouth,2022,24,9,,46.6,50.5,33.4,34.2,64.7,-11.2,,,,,,,,,,,,,
Marist,2022,30,14,,49.7,47.1,34.4,33.4,66.3,-11.6,,,,,,,,,,,,,
Brown,2022,27,13,,50.6,51.3,31.7,33.9,67.5,-9.9,,,,,,,,,,,,,
La Salle,2022,30,11,,47.6,47.8,32.0,35.9,67.5,-11.7,,,,,,,,,,,,,
Boston University,2022,34,22,,51.6,51.0,34.9,33.8,64.9,-8.3,,,,,,,,,,,,,
Southeast Missouri St.,2022,30,14,,50.6,52.8,35.4,34.6,71.6,-12.4,,,,,,,,,,,,,
High Point,2022,29,14,,49.4,52.1,32.0,30.1,66.4,-12.5,,,,,,,,,,,,,
Kennesaw St.,2022,27,13,,50.3,52.1,36.2,36.2,66.3,-12.0,,,,,,,,,,,,,
Northeastern,2022,31,9,,51.6,51.9,32.0,34.3,64.6,-15.4,,,,,,,,,,,,,
Eastern Washington,2022,32,18,,51.9,50.4,36.1,33.6,69.7,-9.8,,,,,,,,,,,,,
UT Arlington,2022,27,11,,45.3,46.8,31.0,35.5,65.4,-11.0,,,,,,,,,,,,,
Southern,2022,29,17,,47.5,52.9,35.0,28.4,70.3,-8.7,,,,,,,,,,,,,
Marshall,2022,31,12,,52.1,51.6,30.1,35.3,72.4,-14.1,,,,,,,,,,,,,
Stony Brook,2022,30,18,,49.9,54.1,34.0,33.6,68.2,-8.0,,,,,,,,,,,,,
South Florida,2022,31,8,,42.8,46.6,25.2,33.8,65.0,-12.9,,,,,,,,,,,,,
Quinnipiac,2022,30,14,,49.2,47.6,34.0,37.1,68.9,-12.3,,,,,,,,,,,,,
UMBC,2022,31,18,,48.9,52.7,38.3,35.2,68.3,-9.4,,,,,,,,,,,,,
Siena,2022,29,15,,46.3,48.7,35.6,33.3,66.3,-9.3,,,,,,,,,,,,,
New Hampshire,2022,26,15,,48.1,49.8,36.6,34.2,61.9,-9.3,,,,,,,,,,,,,
Rice,2022,31,16,,51.9,51.6,36.2,32.9,67.6,-9.6,,,,,,,,,,,,,
LIU Brooklyn,2022,29,16,,49.6,48.8,31.0,32.0,72.5,-8.6,,,,,,,,,,,,,
Youngstown St.,2022,32,19,,50.8,50.7,34.1,34.3,66.6,-10.4,,,,,,,,,,,,,
The Citadel,2022,28,13,,51.7,50.9,34.8,33.1,70.4,-11.7,,,,,,,,,,,,,
Montana,2022,29,18,,49.9,49.9,33.9,37.5,65.3,-9.9,,,,,,,,,,,,,
Howard,2022,26,16,,47.8,48.6,36.2,34.0,70.4,-9.5,,,,,,,,,,,,,
Ball St.,2022,30,14,,49.8,50.8,35.7,36.3,70.0,-12.2,,,,,,,,,,,,,
Georgia Southern,2022,26,13,,50.1,47.3,29.2,33.0,66.0,-11.1,,,,,,,,,,,,,
Tennessee Tech,2022,30,11,,49.2,53.4,32.9,32.4,69.1,-14.2,,,,,,,,,,,,,
Elon,2022,30,10,,48.6,49.9,33.0,34.5,66.0,-13.5,,,,,,,,,,,,,
Lipscomb,2022,30,14,,53.2,48.1,34.0,37.5,69.3,-12.4,,,,,,,,,,,,,
Mount St. Mary's,2022,29,14,,47.6,47.4,33.9,33.9,63.5,-11.2,,,,,,,,,,,,,
Miami OH,2022,29,14,,49.5,52.5,34.3,36.7,67.5,-13.2,,,,,,,,,,,,,
Western Illinois,2022,30,16,,49.8,51.3,33.0,37.4,70.5,-10.2,,,,,,,,,,,,,
Portland St.,2022,29,14,,48.4,51.2,29.7,36.7,70.6,-12.8,,,,,,,,,,,,,
Eastern Kentucky,2022,27,13,,46.0,56.6,33.9,34.4,71.0,-13.7,,,,,,,,,,,,,
Tennessee St.,2022,30,14,,47.6,49.8,34.6,33.7,67.4,-13.5,,,,,,,,,,,,,
Pepperdine,2022,31,7,,45.6,54.6,34.1,32.9,70.2,-15.3,,,,,,,,,,,,,
Air Force,2022,29,11,,51.6,53.8,33.3,31.2,63.2,-10.1,,,,,,,,,,,,,
Louisiana Monroe,2022,28,13,,50.5,52.0,33.2,36.2,67.8,-11.9,,,,,,,,,,,,,
USC Upstate,2022,30,15,,49.3,52.8,36.4,33.3,68.5,-10.6,,,,,,,,,,,,,
North Florida,2022,28,11,,47.7,48.0,32.4,33.9,68.1,-11.7,,,,,,,,,,,,,
UC San Diego,2022,27,13,,50.3,54.3,36.0,32.9,67.9,-11.6,,,,,,,,,,,,,
Manhattan,2022,29,15,,50.0,52.9,29.9,33.9,68.5,-10.4,,,,,,,,,,,,,
Presbyterian,2022,29,12,,49.0,51.0,26.1,38.4,64.1,-14.2,,,,,,,,,,,,,
Southeastern Louisiana,2022,30,19,,51.9,55.4,34.4,34.0,70.3,-8.9,,,,,,,,,,,,,
Bowling Green,2022,29,13,,48.0,53.1,33.1,36.0,72.7,-13.4,,,,,,,,,,,,,
UMass Lowell,2022,28,15,,49.3,45.6,30.2,37.0,67.6,-11.8,,,,,,,,,,,,,
Radford,2022,27,11,,47.7,51.3,29.8,35.4,64.3,-12.1,,,,,,,,,,,,,
San Jose St.,2022,30,8,,48.2,53.4,34.3,35.8,65.5,-13.6,,,,,,,,,,,,,
Utah Tech,2022,27,13,,47.8,51.7,29.5,33.0,71.6,-11.5,,,,,,,,,,,,,
Illinois Chicago,2022,29,14,,53.3,50.0,32.4,37.4,68.9,-11.7,,,,,,,,,,,,,
FIU,2022,30,15,,49.0,50.2,34.0,33.4,66.7,-12.0,,,,,,,,,,,,,
Pacific,2022,28,8,,45.8,52.1,31.4,39.2,68.0,-15.5,,,,,,,,,,,,,
Prairie View A&M,2022,27,8,,46.8,49.6,34.5,35.7,70.7,-11.9,,,,,,,,,,,,,
Canisius,2022,31,11,,45.5,53.7,30.2,31.2,68.3,-15.0,,,,,,,,,,,,,
Hartford,2022,32,12,,51.5,50.4,36.9,35.7,67.1,-16.0,,,,,,,,,,,,,
North Carolina A&T,2022,29,12,,46.3,50.1,31.5,34.8,67.7,-14.5,,,,,,,,,,,,,
Austin Peay,2022,27,12,,46.9,54.1,30.8,33.2,64.6,-10.8,,,,,,,,,,,,,
St. Thomas,2022,27,10,,52.5,58.0,34.4,40.1,65.5,-15.8,,,,,,,,,,,,,
Jackson St.,2022,30,11,,45.5,47.5,30.0,32.2,63.9,-12.7,,,,,,,,,,,,,
Duquesne,2022,30,6,,45.2,51.3,30.5,39.8,65.9,-16.4,,,,,,,,,,,,,
New Orleans,2022,29,18,,50.4,51.1,30.8,32.3,71.9,-9.1,,,,,,,,,,,,,
SIU Edwardsville,2022,30,11,,48.1,48.7,29.5,33.0,68.4,-15.2,,,,,,,,,,,,,
Loyola MD,2022,29,14,,51.7,51.3,32.1,34.3,65.3,-12.1,,,,,,,,,,,,,
Army,2022,29,15,,49.3,51.6,31.9,36.4,69.0,-12.2,,,,,,,,,,,,,
Central Arkansas,2022,29,11,,50.3,55.8,29.5,35.3,72.1,-13.0,,,,,,,,,,,,,
Cal St. Bakersfield,2022,25,8,,44.9,50.5,28.3,35.2,64.4,-13.8,,,,,,,,,,,,,
Tennessee Martin,2022,28,8,,47.0,51.2,29.7,33.4,69.1,-15.7,,,,,,,,,,,,,
Merrimack,2022,29,14,,47.8,48.8,33.3,33.2,62.2,-11.1,,,,,,,,,,,,,
Albany,2022,31,13,,45.2,49.1,32.3,35.5,65.3,-12.8,,,,,,,,,,,,,
Western Carolina,2022,31,11,,49.0,52.6,31.3,36.0,68.4,-14.1,,,,,,,,,,,,,
Denver,2022,30,11,,51.1,50.9,37.1,36.4,66.5,-16.2,,,,,,,,,,,,,
Cal Poly,2022,27,7,,47.2,44.5,29.5,36.2,64.6,-16.4,,,,,,,,,,,,,
Northern Illinois,2022,30,9,,47.0,51.8,31.7,32.3,67.0,-14.7,,,,,,,,,,,,,
Morgan St.,2022,24,13,,46.6,51.0,30.0,34.4,71.6,-10.8,,,,,,,,,,,,,
Lehigh,2022,31,13,,48.9,47.4,38.2,36.4,68.2,-14.5,,,,,,,,,,,,,
Binghamton,2022,27,12,,47.0,49.6,34.7,33.6,67.1,-12.7,,,,,,,,,,,,,
North Alabama,2022,26,9,,42.8,50.1,29.2,33.7,67.6,-15.2,,,,,,,,,,,,,
Eastern Michigan,2022,30,10,,49.3,50.6,30.7,35.6,69.5,-15.4,,,,,,,,,,,,,
Stetson,2022,26,11,,46.5,53.5,34.9,34.9,65.5,-14.6,,,,,,,,,,,,,
McNeese St.,2022,29,11,,49.9,52.0,30.6,34.7,69.7,-16.4,,,,,,,,,,,,,
Western Michigan,2022,28,8,,48.9,55.3,33.2,33.8,64.2,-16.9,,,,,,,,,,,,,
Florida A&M,2022,28,13,,46.6,46.4,29.7,34.3,65.4,-12.2,,,,,,,,,,,,,
Robert Morris,2022,31,8,,51.6,51.9,32.9,36.9,66.9,-18.7,,,,,,,,,,,,,
UTSA,2022,28,10,,43.9,53.0,28.7,37.7,68.7,-15.7,,,,,,,,,,,,,
Sacramento St.,2022,27,11,,46.9,53.4,35.1,34.2,64.4,-14.1,,,,,,,,,,,,,
Lafayette,2022,29,10,,51.9,51.8,32.8,38.0,64.8,-15.4,,,,,,,,,,,,,
UT Rio Grande Valley,2022,29,8,,51.9,53.7,30.3,32.7,71.7,-16.3,,,,,,,,,,,,,
North Carolina Central,2022,27,16,,48.3,51.4,31.1,32.9,67.6,-10.4,,,,,,,,,,,,,
South Carolina St.,2022,28,15,,42.1,47.7,30.6,35.7,70.4,-12.5,,,,,,,,,,,,,
Little Rock,2022,25,9,,46.6,55.5,33.3,38.4,66.8,-13.6,,,,,,,,,,,,,
St. Francis NY,2022,29,10,,45.4,52.7,31.3,33.3,66.7,-15.6,,,,,,,,,,,,,
Central Michigan,2022,30,7,,45.5,53.6,34.1,34.8,67.6,-16.1,,,,,,,,,,,,,
Coppin St.,2022,32,9,,47.6,46.7,29.7,35.2,72.9,-16.7,,,,,,,,,,,,,
Hampton,2022,26,9,,44.1,48.8,29.3,29.8,68.9,-15.3,,,,,,,,,,,,,
Maryland Eastern Shore,2022,24,11,,44.3,51.3,31.2,33.7,67.6,-11.4,,,,,,,,,,,,,
Bucknell,2022,32,9,,50.6,52.3,37.6,37.4,67.8,-18.4,,,,,,,,,,,,,
Evansville,2022,29,6,,45.2,55.3,32.6,38.4,63.9,-16.4,,,,,,,,,,,,,
Grambling St.,2022,30,12,,43.8,46.3,31.1,35.7,69.2,-13.6,,,,,,,,,,,,,
Sacred Heart,2022,29,10,,50.5,53.6,34.2,35.0,67.4,-16.7,,,,,,,,,,,,,
St. Francis PA,2022,29,9,,46.7,51.4,31.5,35.9,67.1,-16.6,,,,,,,,,,,,,
Alabama St.,2022,30,10,,46.8,50.8,33.0,33.2,69.8,-14.3,,,,,,,,,,,,,
Southern Miss,2022,31,7,,47.0,52.6,31.0,37.4,67.1,-18.9,,,,,,,,,,,,,
Alabama A&M,2022,30,12,,41.5,45.2,27.1,32.0,66.6,-14.0,,,,,,,,,,,,,
Idaho,2022,29,9,,47.4,55.5,36.7,35.1,70.2,-17.7,,,,,,,,,,,,,
Idaho St.,2022,28,7,,49.6,54.5,29.6,34.1,63.9,-18.9,,,,,,,,,,,,,
Green Bay,2022,29,5,,48.9,53.6,28.0,34.7,64.5,-20.4,,,,,,,,,,,,,
Northern Arizona,2022,30,9,,45.4,52.2,34.3,36.3,65.3,-18.0,,,,,,,,,,,,,
Milwaukee,2022,31,10,,47.5,45.3,31.9,33.8,66.9,-17.8,,,,,,,,,,,,,
Cal St. Northridge,2022,28,7,,44.0,53.1,30.2,33.2,64.9,-17.4,,,,,,,,,,,,,
Northwestern St.,2022,29,9,,48.4,54.4,34.4,34.0,71.2,-16.4,,,,,,,,,,,,,
Bethune Cookman,2022,29,9,,43.7,52.7,33.7,32.9,66.0,-16.7,,,,,,,,,,,,,
William & Mary,2022,31,5,,45.5,55.7,31.1,33.7,68.9,-20.4,,,,,,,,,,,,,
American,2022,32,10,,49.6,53.9,33.1,34.7,65.0,-18.1,,,,,,,,,,,,,
Chicago St.,2022,32,7,,45.2,50.0,31.1,40.1,66.2,-18.1,,,,,,,,,,,,,
Houston Christian,2022,25,11,,50.5,53.7,30.5,38.8,68.3,-14.3,,,,,,,,,,,,,
Charleston Southern,2022,28,6,,47.1,56.1,30.1,36.1,69.2,-20.0,,,,,,,,,,,,,
NJIT,2022,28,11,,45.1,51.0,32.6,34.0,66.2,-13.3,,,,,,,,,,,,,
North Dakota,2022,29,6,,44.7,55.8,33.5,38.1,67.4,-20.7,,,,,,,,,,,,,
Fairleigh Dickinson,2022,26,4,,45.2,54.5,32.4,35.1,69.6,-17.2,,,,,,,,,,,,,
Nebraska Omaha,2022,29,5,,46.9,54.0,35.8,39.9,69.8,-18.5,,,,,,,,,,,,,
Lamar,2022,27,2,,44.1,52.7,30.2,35.5,66.0,-21.1,,,,,,,,,,,,,
Holy Cross,2022,29,9,,43.2,52.7,33.1,36.1,67.0,-18.7,,,,,,,,,,,,,
Arkansas Pine Bluff,2022,29,7,,48.0,56.1,29.8,36.0,67.4,-17.4,,,,,,,,,,,,,
Mississippi Valley St.,2022,28,2,,43.8,55.1,30.5,40.0,70.8,-21.3,,,,,,,,,,,,,
Incarnate Word,2022,29,7,,46.5,57.4,33.8,37.1,65.0,-19.4,,,,,,,,,,,,,
Maine,2022,26,6,,47.0,53.3,31.0,38.6,66.1,-18.3,,,,,,,,,,,,,
Columbia,2022,25,4,,46.4,53.4,34.9,37.8,69.6,-18.1,,,,,,,,,,,,,
Central Connecticut,2022,32,8,,42.6,53.3,34.2,34.8,65.1,-19.0,,,,,,,,,,,,,
Delaware St.,2022,25,2,,43.4,48.6,32.2,36.1,68.1,-22.8,,,,,,,,,,,,,
Eastern Illinois,2022,29,5,,42.3,55.8,31.8,33.5,64.9,-20.3,,,,,,,,,,,,,
IUPUI,2022,27,3,,41.6,52.4,29.2,35.5,62.6,-22.4,,,,,,,,,,,,,
Kansas,2023,36,28,1.0,53.0,47.2,34.7,31.0,69.0,10.1,114.61,91.4741,0.918,52.4,47.1,17.5,20.2,28.4,71.7,29.8,31.2,89.6,4.0
Purdue,2023,35,29,1.0,54.1,47.2,32.2,31.3,63.9,9.4,119.362,94.8154,0.945,52.2,47.2,17.0,15.4,38.3,76.7,37.2,19.3,89.5,3.0
Alabama,2023,37,31,1.0,53.8,40.8,33.5,28.3,72.6,10.2,116.097,88.5549,0.956,52.7,41.5,19.0,15.9,33.8,72.5,36.7,32.8,92.6,1.0
Houston,2023,37,33,1.0,53.1,43.4,34.0,27.9,63.4,8.0,118.387,89.5678,0.964,52.7,42.5,15.3,22.0,37.1,72.6,28.5,35.8,93.2,2.0
Texas,2023,38,29,2.0,54.0,47.9,34.7,32.4,68.5,7.5,116.581,92.0106,0.929,52.7,47.8,16.5,22.8,28.3,70.6,31.5,34.5,90.1,5.0
Marquette,2023,36,29,2.0,58.2,50.3,35.3,34.7,68.4,7.8,119.308,97.4789,0.922,56.0,51.1,15.2,22.8,26.5,67.9,27.1,29.0,87.6,6.0
Arizona,2023,35,28,2.0,56.4,46.2,37.8,32.3,72.2,7.6,119.979,97.1195,0.932,56.8,47.2,18.4,16.9,31.1,73.8,36.5,26.0,89.0,8.0
UCLA,2023,37,31,2.0,50.6,46.9,34.9,31.1,66.1,8.4,114.875,87.2423,0.951,50.9,46.8,15.3,23.6,33.7,72.4,27.1,27.6,88.3,7.0
Kansas St.,2023,36,26,3.0,52.8,49.2,34.3,30.8,69.8,4.2,112.516,94.2021,0.875,51.5,47.5,20.0,20.7,31.1,70.8,37.0,36.7,84.5,15.0
Gonzaga,2023,36,31,3.0,58.2,50.6,37.5,35.2,70.1,6.6,124.004,99.6937,0.925,58.5,51.7,14.6,18.8,31.1,74.0,34.2,26.7,89.9,9.0
Baylor,2023,34,23,3.0,51.6,53.3,36.8,32.5,66.9,5.2,121.852,101.871,0.904,53.1,51.4,18.1,19.9,34.7,68.9,37.2,31.4,87.1,11.0
Xavier,2023,37,27,3.0,53.8,48.6,39.0,35.8,70.5,5.4,119.297,99.604,0.895,55.6,50.4,17.5,16.5,31.8,74.6,30.8,27.1,84.4,13.0
Connecticut,2023,39,31,4.0,53.6,44.4,36.3,29.7,66.7,5.0,119.437,94.0686,0.947,53.5,45.5,18.9,19.4,39.2,73.8,31.4,38.7,89.2,10.0
Indiana,2023,35,23,4.0,53.0,45.4,36.8,33.4,67.9,3.4,114.651,97.2921,0.864,53.8,47.3,16.9,16.3,28.0,72.1,30.1,30.6,85.8,21.0
Virginia,2023,33,25,4.0,50.4,46.4,35.0,34.1,61.3,4.1,111.166,94.7544,0.871,51.3,48.3,13.7,19.7,25.5,75.0,34.5,26.1,83.8,14.0
Tennessee,2023,36,25,4.0,50.3,45.1,32.8,26.5,65.1,2.8,112.675,87.97,0.949,50.3,42.4,18.1,22.2,36.8,73.1,30.9,34.9,86.9,20.0
San Diego St.,2023,38,32,5.0,48.4,49.3,34.0,28.3,65.7,5.7,111.929,91.6744,0.919,50.1,47.5,17.6,19.6,31.7,74.2,34.3,29.4,86.0,18.0
Miami FL,2023,37,29,5.0,53.8,51.8,36.8,33.5,68.6,3.7,118.233,103.319,0.842,55.0,51.3,16.4,18.1,32.0,71.0,30.0,24.1,83.6,16.0
Saint Mary's,2023,34,27,5.0,50.8,45.7,36.1,33.3,61.9,3.4,113.47,91.5736,0.931,52.5,46.7,16.4,19.0,33.1,78.2,31.2,30.3,85.9,19.0
Duke,2023,36,27,5.0,51.5,46.2,33.5,30.5,64.9,4.5,113.242,94.7531,0.892,51.1,46.3,18.2,16.6,36.2,74.1,30.8,24.1,87.1,12.0
Creighton,2023,37,24,6.0,55.1,45.7,35.4,33.6,67.7,2.2,114.621,93.9665,0.913,54.3,47.3,16.6,14.3,25.5,76.7,28.1,19.8,87.6,26.0
Kentucky,2023,34,22,6.0,50.0,48.6,34.7,32.4,65.8,1.6,117.41,99.6115,0.862,51.2,48.8,17.3,16.8,38.7,74.5,32.5,29.9,86.0,28.0
TCU,2023,35,22,6.0,51.5,49.2,31.0,30.8,69.7,2.2,112.366,94.3027,0.873,50.2,47.8,17.1,21.9,32.4,69.3,33.9,29.7,85.4,22.0
Iowa St.,2023,33,19,6.0,50.0,49.2,33.1,33.7,64.0,2.4,109.884,91.5493,0.893,50.7,50.1,19.8,25.1,33.9,73.4,27.8,40.0,84.5,29.0
Northwestern,2023,34,22,7.0,46.7,46.8,32.1,33.8,64.5,1.6,108.511,93.6787,0.85,47.2,48.4,14.8,21.7,28.3,72.7,29.7,31.6,82.2,34.0
Missouri,2023,35,25,7.0,55.8,52.2,36.0,35.0,68.9,3.5,119.289,105.37,0.806,55.1,52.3,16.0,24.3,26.8,62.7,29.5,35.2,81.4,23.0
Texas A&M,2023,35,25,7.0,48.8,47.2,32.6,33.0,66.0,3.7,114.483,96.1997,0.885,49.0,47.9,18.3,21.0,36.6,69.6,45.9,35.1,85.1,17.0
Michigan St.,2023,34,21,7.0,48.2,48.7,39.3,32.4,64.6,2.4,113.4,96.6898,0.864,51.6,48.1,16.4,14.7,27.4,74.8,25.8,28.6,83.8,38.0
Maryland,2023,35,22,8.0,51.8,47.4,32.8,32.3,64.3,1.0,114.136,95.7662,0.863,51.1,47.9,16.2,18.4,30.2,72.8,33.8,27.8,84.5,38.0
Iowa,2023,33,19,8.0,52.1,52.5,34.0,36.6,69.6,0.3,120.475,104.873,0.844,51.9,53.3,14.1,18.5,32.2,72.4,32.6,23.4,84.4,39.0
Memphis,2023,35,26,8.0,53.1,47.1,35.3,30.8,71.0,4.7,114.701,96.0133,0.899,53.2,46.8,18.4,20.9,31.0,67.7,35.9,34.9,84.9,24.0
Arkansas,2023,36,22,8.0,52.5,47.4,31.3,31.1,69.5,0.4,112.596,93.9677,0.894,52.0,46.5,18.3,20.4,30.5,71.8,38.8,38.9,85.1,44.0
Florida Atlantic,2023,37,35,9.0,53.8,44.7,36.6,32.4,67.5,4.7,114.275,96.0455,0.874,55.0,45.9,16.7,18.3,30.4,75.5,29.5,26.7,82.6,25.0
Auburn,2023,34,21,9.0,50.7,47.0,31.5,28.8,67.6,1.1,112.689,95.2408,0.881,49.6,45.6,18.1,19.3,33.3,68.0,35.5,39.1,84.9,42.0
West Virginia,2023,34,19,9.0,50.9,50.8,35.0,34.0,68.4,1.5,117.144,97.9996,0.895,51.7,50.7,18.5,20.9,33.7,70.7,39.7,38.4,84.2,34.0
Illinois,2023,33,20,9.0,55.1,45.1,30.8,33.4,69.8,0.9,112.167,95.6864,0.839,51.6,46.9,18.2,18.6,32.3,73.2,33.8,29.6,84.5,38.0
Penn St.,2023,37,23,10.0,53.1,49.2,38.7,32.7,64.3,1.3,116.826,101.79,0.84,55.5,49.2,13.7,13.1,18.8,74.9,21.4,25.9,82.8,32.0
USC,2023,33,22,10.0,51.0,42.7,34.5,33.4,68.0,2.1,113.122,97.4891,0.832,51.3,45.2,18.1,18.1,29.0,67.0,33.8,29.8,83.0,39.0
Boise St.,2023,33,24,10.0,50.6,48.0,35.6,31.2,66.3,2.1,110.969,93.8352,0.852,51.9,47.3,16.7,17.7,26.4,76.2,30.7,27.4,82.6,38.0
Utah St.,2023,34,26,10.0,54.5,46.2,37.9,34.5,68.6,2.9,117.762,98.8807,0.869,55.6,47.8,17.4,15.8,27.4,75.2,35.5,30.2,83.5,31.0
Pittsburgh,2023,36,24,11.0,51.4,48.2,36.0,32.6,67.2,-0.3,115.103,103.837,0.766,53.2,49.2,16.4,16.7,30.4,71.8,32.4,30.6,79.7,38.0
Providence,2023,33,21,11.0,50.8,49.2,34.6,33.8,66.8,1.3,116.847,102.117,0.825,51.5,50.0,16.9,16.9,35.2,73.3,36.8,25.5,82.8,38.0
North Carolina St.,2023,34,23,11.0,51.1,50.9,34.7,31.6,69.2,1.1,113.894,100.589,0.84,51.8,49.8,13.6,19.1,30.7,73.4,25.3,34.0,81.4,38.0
Arizona St.,2023,36,23,11.0,48.5,43.6,32.2,34.1,68.1,1.2,107.586,95.2101,0.8,47.5,46.4,16.9,20.6,29.6,68.2,30.8,33.4,80.3,28.0
Mississippi St.,2023,34,21,11.0,50.4,45.8,26.6,31.1,63.6,0.4,105.451,91.3344,0.799,46.9,46.2,19.3,22.0,35.2,71.0,34.6,27.6,81.8,33.0
Nevada,2023,32,22,11.0,50.2,50.0,34.4,33.0,65.9,0.7,112.039,97.2466,0.795,50.5,49.0,15.2,18.7,22.9,74.9,39.5,31.4,79.6,32.0
Drake,2023,34,27,12.0,51.9,46.9,36.4,31.3,66.3,-0.7,109.84,97.3312,0.791,53.1,47.3,15.5,17.7,24.3,77.6,28.8,26.7,81.2,34.0
VCU,2023,35,27,12.0,51.9,46.4,34.8,31.9,67.9,1.0,107.195,94.0449,0.785,52.2,47.0,19.5,24.1,29.0,70.2,41.8,30.5,81.7,30.0
Oral Roberts,2023,31,30,12.0,55.9,46.8,36.5,34.3,70.2,1.6,115.289,102.04,0.761,56.1,48.5,13.2,17.6,24.5,72.6,24.6,22.0,79.2,27.0
College of Charleston,2023,34,31,12.0,52.5,49.1,33.0,30.1,71.0,1.7,111.378,99.6171,0.782,51.5,47.9,16.7,19.3,35.1,74.5,32.7,24.7,79.8,33.0
Furman,2023,33,28,13.0,58.3,51.5,34.1,32.7,68.2,-2.0,114.2,105.775,0.697,55.6,50.6,15.8,18.4,29.6,72.9,34.7,31.8,78.2,
Louisiana Lafayette,2023,31,26,13.0,51.9,49.3,36.5,35.6,68.4,-0.5,112.243,104.042,0.715,53.0,50.6,17.5,18.1,33.8,73.6,37.7,33.8,76.3,
Iona,2023,35,27,13.0,50.4,47.1,36.2,29.7,68.5,-1.7,110.856,99.1448,0.789,51.8,45.9,15.3,20.9,32.0,69.5,29.0,31.2,79.6,
Kent St.,2023,33,28,13.0,51.4,47.9,33.2,31.0,67.8,0.8,108.347,96.4498,0.779,51.3,47.2,16.3,22.6,30.9,69.8,32.0,38.8,79.4,34.0
Grand Canyon,2023,33,24,14.0,50.4,47.1,37.6,32.3,64.9,-3.8,112.317,106.325,0.639,52.9,47.2,18.4,15.0,30.5,69.7,37.8,33.2,75.9,
Montana St.,2023,33,25,14.0,52.6,48.8,31.8,34.6,66.3,-2.7,105.36,99.6121,0.693,50.9,49.4,17.6,20.1,25.7,74.5,44.4,35.5,75.3,
Kennesaw St.,2023,32,26,14.0,51.2,50.6,36.8,34.5,68.4,-1.4,106.304,102.661,0.623,52.9,51.2,17.9,19.6,27.5,74.2,36.5,36.2,73.3,
UC Santa Barbara,2023,33,27,14.0,54.8,49.3,34.8,34.6,64.4,-1.5,111.335,104.693,0.624,54.2,49.8,16.8,18.7,26.6,73.9,34.9,29.2,75.5,46.0
Vermont,2023,33,23,15.0,55.4,50.1,36.0,35.1,64.5,-3.8,109.778,104.357,0.676,54.9,50.7,14.2,16.8,19.3,77.5,28.4,26.9,76.3,
Colgate,2023,34,26,15.0,56.9,51.5,40.5,35.6,67.5,-3.7,112.963,107.67,0.651,58.6,51.9,14.9,17.6,24.9,75.9,27.6,20.3,76.2,
UNC Asheville,2023,33,27,15.0,51.1,49.5,38.6,30.6,68.2,-1.9,104.141,102.635,0.466,53.9,48.0,20.0,17.9,25.8,71.3,41.3,26.8,73.0,
Princeton,2023,30,23,15.0,53.3,48.1,33.7,32.7,67.0,-3.2,109.093,103.527,0.659,52.5,48.0,16.9,14.5,28.4,77.2,32.2,29.3,75.4,
Fairleigh Dickinson,2023,35,21,16.0,51.1,55.8,34.3,35.3,68.6,-12.2,106.175,118.425,0.216,51.5,55.8,16.3,21.4,31.4,71.1,27.9,34.8,64.4,
Northern Kentucky,2023,33,22,16.0,47.4,49.3,34.3,36.4,61.9,-6.7,103.337,102.82,0.5,49.8,51.3,17.5,23.2,31.3,67.2,27.4,30.8,72.9,
Howard,2023,32,22,16.0,49.8,51.1,36.9,33.8,69.0,-7.3,103.701,106.914,0.37,52.0,50.6,22.8,20.7,33.8,68.4,32.8,34.6,69.3,
Texas A&M Corpus Chris,2023,31,24,16.0,48.3,54.1,36.4,33.8,68.9,-6.0,107.367,107.592,0.451,51.2,52.4,18.0,20.9,32.5,72.1,34.4,38.6,69.9,
Texas Southern,2023,33,14,16.0,47.7,48.9,28.0,33.9,69.2,-13.5,96.5543,106.264,0.25,46.2,49.3,20.3,18.5,29.3,72.3,34.9,38.1,66.6,
Southeast Missouri St.,2023,34,19,16.0,50.3,50.7,33.2,35.0,72.0,-11.7,100.937,108.149,0.285,50.0,51.6,17.3,19.0,25.3,72.1,38.3,43.6,67.7,
LIU Brooklyn,2023,27,3,,44.8,54.6,32.0,37.4,72.5,-21.3,,,,,,,,,,,,,
California,2023,32,3,,43.2,52.5,29.8,33.4,63.3,-16.7,,,,,,,,,,,,,
Green Bay,2023,32,3,,46.6,56.1,30.1,35.0,65.1,-23.1,,,,,,,,,,,,,
Louisville,2023,32,4,,47.3,54.9,32.9,35.2,66.5,-16.8,,,,,,,,,,,,,
Hartford,2023,25,5,,47.4,53.8,32.0,38.7,65.4,-20.0,,,,,,,,,,,,,
Tulsa,2023,30,5,,48.6,57.9,31.3,31.3,68.0,-15.8,,,,,,,,,,,,,
South Carolina St.,2023,30,5,,47.3,56.8,30.8,39.5,71.7,-20.1,,,,,,,,,,,,,
Presbyterian,2023,30,5,,47.3,52.0,31.5,38.5,64.4,-22.4,,,,,,,,,,,,,
Evansville,2023,32,5,,43.4,54.8,32.2,38.1,69.5,-20.5,,,,,,,,,,,,,
Mississippi Valley St.,2023,32,5,,42.8,53.0,34.9,35.8,67.1,-20.4,,,,,,,,,,,,,
IUPUI,2023,30,5,,51.7,54.6,29.8,37.2,67.0,-22.5,,,,,,,,,,,,,
Delaware St.,2023,27,6,,45.1,50.6,31.4,39.5,67.5,-17.5,,,,,,,,,,,,,
Columbia,2023,27,7,,45.4,53.2,30.4,33.1,69.7,-16.5,,,,,,,,,,,,,
Florida A&M,2023,27,7,,43.2,51.8,32.1,33.2,64.9,-16.3,,,,,,,,,,,,,
NJIT,2023,29,7,,46.1,53.2,35.2,34.0,66.2,-18.4,,,,,,,,,,,,,
Georgetown,2023,32,7,,47.5,50.5,30.9,38.9,68.7,-12.4,,,,,,,,,,,,,
Cal St. Northridge,2023,30,7,,42.8,49.6,31.2,34.6,65.1,-19.2,,,,,,,,,,,,,
VMI,2023,29,7,,45.0,57.7,34.2,37.4,66.7,-20.1,,,,,,,,,,,,,
Monmouth,2023,33,7,,44.0,53.4,28.8,37.0,68.3,-19.0,,,,,,,,,,,,,
Eastern Michigan,2023,30,8,,50.3,58.7,31.4,34.1,69.2,-17.0,,,,,,,,,,,,,
Western Michigan,2023,28,8,,49.3,54.4,32.1,37.0,65.5,-17.0,,,,,,,,,,,,,
Albany,2023,29,8,,46.6,56.5,32.2,35.3,67.3,-17.5,,,,,,,,,,,,,
Alabama St.,2023,30,8,,40.4,48.9,30.8,34.2,66.3,-17.2,,,,,,,,,,,,,
Elon,2023,30,8,,50.5,51.4,29.2,35.2,66.0,-19.0,,,,,,,,,,,,,
Hampton,2023,31,8,,43.4,52.2,32.1,37.9,68.7,-18.6,,,,,,,,,,,,,
Cal Poly,2023,31,8,,46.7,49.3,29.3,34.9,63.9,-18.5,,,,,,,,,,,,,
New Mexico St.,2023,21,9,,48.8,52.5,35.1,36.8,69.0,-8.9,,,,,,,,,,,,,
Wyoming,2023,30,9,,51.3,52.6,34.7,36.4,65.5,-11.7,,,,,,,,,,,,,34.0
Pepperdine,2023,29,9,,51.6,51.6,35.1,36.2,72.1,-13.0,,,,,,,,,,,,,
Minnesota,2023,31,9,,49.2,49.1,32.5,35.9,65.6,-9.8,,,,,,,,,,,,,
Rhode Island,2023,31,9,,43.6,49.6,30.4,32.1,67.1,-15.9,,,,,,,,,,,,,
Central Arkansas,2023,30,9,,46.8,54.8,31.6,36.3,72.2,-15.9,,,,,,,,,,,,,
Austin Peay,2023,28,9,,46.0,56.4,31.2,34.4,64.7,-16.0,,,,,,,,,,,,,
Eastern Illinois,2023,29,9,,47.7,52.4,32.6,34.6,67.9,-18.0,,,,,,,,,,,,,
Lamar,2023,28,9,,47.5,54.5,31.9,34.1,65.7,-18.5,,,,,,,,,,,,,
Florida St.,2023,32,9,,49.2,50.8,33.0,37.6,68.7,-11.9,,,,,,,,,,,,,32.0
Nebraska Omaha,2023,31,9,,47.7,52.0,33.7,36.5,67.8,-16.0,,,,,,,,,,,,,
Coppin St.,2023,32,9,,51.4,55.0,33.7,33.8,71.8,-16.4,,,,,,,,,,,,,
Dartmouth,2023,26,10,,50.8,51.6,32.6,34.0,68.6,-12.9,,,,,,,,,,,,,
UC San Diego,2023,28,10,,49.6,49.7,33.0,37.1,65.9,-14.3,,,,,,,,,,,,,
Canisius,2023,29,10,,47.4,52.0,33.6,36.4,67.5,-15.0,,,,,,,,,,,,,
Northeastern,2023,30,10,,46.8,49.2,33.2,34.9,66.8,-14.4,,,,,,,,,,,,,
Loyola Chicago,2023,31,10,,54.8,51.7,33.4,34.4,66.0,-13.9,,,,,,,,,,,,,
Georgia St.,2023,28,10,,46.5,48.6,29.0,36.5,66.8,-15.7,,,,,,,,,,,,,
Charleston Southern,2023,29,10,,49.7,54.3,34.1,36.2,65.5,-16.1,,,,,,,,,,,,,
Arkansas Pine Bluff,2023,27,10,,44.0,51.1,31.1,34.5,69.6,-15.4,,,,,,,,,,,,,
Little Rock,2023,29,10,,49.4,54.1,32.5,39.5,70.8,-16.7,,,,,,,,,,,,,
Central Michigan,2023,29,10,,47.4,50.9,30.0,35.6,67.2,-15.3,,,,,,,,,,,,,
SMU,2023,32,10,,47.8,51.4,31.1,34.9,69.3,-10.5,,,,,,,,,,,,,
UTSA,2023,30,10,,45.3,51.9,33.8,35.6,69.0,-14.0,,,,,,,,,,,,,
Idaho,2023,30,10,,54.2,52.6,32.0,38.7,65.8,-17.6,,,,,,,,,,,,,
The Citadel,2023,31,10,,49.6,53.5,32.5,33.9,67.1,-16.2,,,,,,,,,,,,,
Holy Cross,2023,30,10,,46.5,53.9,35.3,31.9,68.9,-18.2,,,,,,,,,,,,,
Central Connecticut,2023,32,10,,47.5,50.2,32.7,35.4,64.3,-18.5,,,,,,,,,,,,,
Houston Christian,2023,29,10,,49.5,57.9,36.1,37.8,70.6,-17.9,,,,,,,,,,,,,
DePaul,2023,33,10,,46.3,51.1,36.8,35.0,68.7,-8.8,,,,,,,,,,,,,
Fresno St.,2023,30,11,,51.1,48.3,31.1,37.3,64.0,-10.2,,,,,,,,,,,,,
San Diego,2023,29,11,,50.4,55.9,34.8,41.0,68.6,-12.1,,,,,,,,,,,,,
Bowling Green,2023,29,11,,50.4,53.8,33.8,36.4,69.5,-15.3,,,,,,,,,,,,,
Coastal Carolina,2023,28,11,,48.4,51.3,30.6,36.7,67.9,-14.8,,,,,,,,,,,,,
Chicago St.,2023,27,11,,48.4,53.1,32.9,35.7,64.8,-12.9,,,,,,,,,,,,,
Notre Dame,2023,32,11,,50.6,52.4,35.8,34.3,64.7,-11.6,,,,,,,,,,,,,40.0
South Carolina,2023,32,11,,45.8,53.7,32.3,33.8,64.2,-9.7,,,,,,,,,,,,,
Oregon St.,2023,31,11,,45.7,49.1,31.9,33.7,63.5,-9.3,,,,,,,,,,,,,
UT Arlington,2023,29,11,,44.9,49.6,31.9,37.1,65.7,-13.4,,,,,,,,,,,,,
Idaho St.,2023,30,11,,51.3,52.6,33.3,32.5,65.1,-15.5,,,,,,,,,,,,,
Louisiana Monroe,2023,29,11,,41.6,50.3,34.2,36.0,66.0,-13.8,,,,,,,,,,,,,
Valparaiso,2023,31,11,,51.9,51.6,29.2,34.3,67.9,-15.0,,,,,,,,,,,,,
Illinois St.,2023,32,11,,50.0,52.6,33.6,33.7,64.9,-16.0,,,,,,,,,,,,,
UMKC,2023,30,11,,44.7,48.9,27.3,34.6,63.8,-15.4,,,,,,,,,,,,,
Lindenwood,2023,29,11,,45.7,52.0,36.2,35.2,67.0,-16.6,,,,,,,,,,,,,
Cal St. Bakersfield,2023,31,11,,43.7,50.2,31.5,34.9,62.9,-15.9,,,,,,,,,,,,,
Stony Brook,2023,31,11,,48.1,50.0,31.1,33.8,63.8,-16.1,,,,,,,,,,,,,
Lafayette,2023,34,11,,48.4,50.6,32.7,34.1,62.9,-16.6,,,,,,,,,,,,,
McNeese St.,2023,33,11,,49.2,52.1,32.4,39.7,66.1,-16.7,,,,,,,,,,,,,
Manhattan,2023,29,12,,49.1,49.1,32.9,36.8,66.9,-13.6,,,,,,,,,,,,,
Portland St.,2023,29,12,,49.7,55.0,33.0,36.8,72.3,-12.9,,,,,,,,,,,,,
South Dakota,2023,29,12,,45.5,51.8,37.9,36.1,65.8,-13.9,,,,,,,,,,,,,
Incarnate Word,2023,28,12,,47.3,53.9,34.1,36.8,66.8,-15.5,,,,,,,,,,,,,
Northern Colorado,2023,31,12,,51.0,54.5,36.4,33.4,69.5,-12.9,,,,,,,,,,,,,
East Tennessee St.,2023,30,12,,51.8,51.8,32.1,32.9,65.8,-15.3,,,,,,,,,,,,,
Miami OH,2023,29,12,,53.8,54.1,32.9,35.4,66.7,-14.4,,,,,,,,,,,,,
Illinois Chicago,2023,31,12,,47.9,51.1,33.2,34.3,68.9,-14.2,,,,,,,,,,,,,
Bucknell,2023,31,12,,51.1,49.4,34.5,36.4,66.6,-16.1,,,,,,,,,,,,,
New Orleans,2023,30,12,,51.1,54.1,37.9,36.2,71.0,-15.7,,,,,,,,,,,,,
Bethune Cookman,2023,30,12,,43.1,52.1,35.8,35.8,68.7,-15.8,,,,,,,,,,,,,
Mississippi,2023,33,12,,48.6,48.9,30.3,33.8,66.0,-8.5,,,,,,,,,,,,,
Northern Arizona,2023,33,12,,48.6,55.7,35.7,36.5,66.7,-15.1,,,,,,,,,,,,,
Jacksonville,2023,26,13,,51.0,51.4,33.3,32.1,60.9,-10.2,,,,,,,,,,,,,
Abilene Christian,2023,26,13,,48.1,56.2,34.3,38.1,69.0,-10.2,,,,,,,,,,,,,
Maine,2023,28,13,,51.5,54.4,33.5,34.6,65.6,-11.8,,,,,,,,,,,,,
Jacksonville St.,2023,28,13,,47.9,52.7,36.0,34.9,65.3,-11.6,,,,,,,,,,,,,
Fairfield,2023,30,13,,47.8,51.7,28.6,29.3,64.9,-13.1,,,,,,,,,,,,,
Binghamton,2023,29,13,,50.0,50.8,32.4,33.2,65.9,-13.3,,,,,,,,,,,,,
St. Francis PA,2023,29,13,,50.4,52.7,36.4,33.7,68.3,-14.3,,,,,,,,,,,,,
Northern Illinois,2023,30,13,,52.1,51.7,34.9,32.7,68.9,-12.4,,,,,,,,,,,,,
Prairie View A&M,2023,30,13,,44.0,47.3,30.9,33.3,67.5,-13.9,,,,,,,,,,,,,
Oakland,2023,31,13,,51.3,53.9,30.6,37.5,68.4,-12.9,,,,,,,,,,,,,
North Carolina A&T,2023,29,13,,46.2,51.0,32.9,33.2,69.9,-13.3,,,,,,,,,,,,,
Mount St. Mary's,2023,32,13,,45.8,48.0,36.0,33.7,65.7,-14.4,,,,,,,,,,,,,
North Dakota,2023,31,13,,50.6,53.0,34.4,36.4,66.9,-14.6,,,,,,,,,,,,,
Marist,2023,33,13,,46.9,45.1,32.8,35.0,65.4,-15.9,,,,,,,,,,,,,
Arkansas St.,2023,30,13,,45.5,48.0,34.6,36.4,63.1,-14.6,,,,,,,,,,,,,
William & Mary,2023,31,13,,46.3,54.3,36.3,35.5,65.0,-14.4,,,,,,,,,,,,,
Texas A&M Commerce,2023,32,13,,56.2,53.1,31.9,34.8,65.4,-15.4,,,,,,,,,,,,,
Loyola MD,2023,31,13,,50.0,55.3,35.6,37.1,65.8,-15.4,,,,,,,,,,,,,
Brown,2023,27,14,,49.8,50.4,34.7,35.0,69.3,-7.2,,,,,,,,,,,,,
Harvard,2023,26,14,,52.1,50.0,30.0,31.2,65.9,-8.5,,,,,,,,,,,,,
Morgan St.,2023,26,14,,44.4,52.4,35.5,31.8,70.3,-10.9,,,,,,,,,,,,,
St. Francis NY,2023,28,14,,41.6,47.1,36.5,39.7,65.7,-13.0,,,,,,,,,,,,,
North Florida,2023,29,14,,52.1,52.1,36.4,35.5,67.9,-10.2,,,,,,,,,,,,,
High Point,2023,29,14,,51.4,52.0,32.3,32.5,71.4,-12.9,,,,,,,,,,,,,
Stonehill,2023,30,14,,49.9,49.0,34.8,34.6,66.6,-12.6,,,,,,,,,,,,,
Butler,2023,32,14,,49.7,51.0,32.7,32.1,65.6,-4.4,,,,,,,,,,,,,
Air Force,2023,32,14,,54.8,51.9,35.6,29.3,63.0,-9.4,,,,,,,,,,,,,
South Florida,2023,32,14,,51.0,48.2,33.6,34.9,68.2,-9.2,,,,,,,,,,,,,
UTEP,2023,30,14,,50.7,51.8,29.1,33.2,66.7,-10.0,,,,,,,,,,,,,
St. Bonaventure,2023,32,14,,47.5,52.1,34.8,28.7,65.5,-11.8,,,,,,,,,,,,,
FIU,2023,30,14,,53.8,50.4,32.8,36.5,69.9,-10.4,,,,,,,,,,,,,
Northern Iowa,2023,31,14,,51.7,53.6,33.7,36.0,67.3,-11.8,,,,,,,,,,,,,
Sacramento St.,2023,30,14,,50.0,51.6,34.9,35.7,62.2,-11.7,,,,,,,,,,,,,
Saint Peter's,2023,31,14,,44.1,48.4,29.0,34.3,63.0,-13.2,,,,,,,,,,,,,
Mercer,2023,31,14,,48.8,48.4,32.7,33.0,64.4,-14.0,,,,,,,,,,,,,
Stanford,2023,33,14,,51.1,50.4,36.3,35.4,65.7,-6.2,,,,,,,,,,,,,
Utah Tech,2023,30,14,,50.9,53.3,37.6,36.5,68.6,-11.0,,,,,,,,,,,,,
LSU,2023,33,14,,46.2,52.1,32.7,34.3,65.8,-7.3,,,,,,,,,,,,,40.0
Portland,2023,31,14,,51.8,53.2,37.4,37.4,69.2,-9.3,,,,,,,,,,,,,
Detroit,2023,32,14,,46.4,52.6,38.7,36.8,67.0,-13.0,,,,,,,,,,,,,
Jackson St.,2023,33,14,,47.1,52.1,32.1,35.4,68.0,-12.2,,,,,,,,,,,,,
Wagner,2023,26,15,,44.7,50.2,30.2,31.5,62.1,-10.3,,,,,,,,,,,,,
New Hampshire,2023,28,15,,42.8,50.0,33.4,31.5,64.0,-10.6,,,,,,,,,,,,,
Gardner Webb,2023,29,15,,51.5,47.4,32.8,34.7,66.1,-11.4,,,,,,,,,,,,,
Massachusetts,2023,31,15,,45.2,50.5,32.8,33.1,70.5,-9.3,,,,,,,,,,,,,
Oklahoma,2023,32,15,,52.2,48.5,35.1,31.2,65.0,-1.7,,,,,,,,,,,,,44.0
Buffalo,2023,30,15,,50.9,52.3,31.2,35.3,72.2,-9.4,,,,,,,,,,,,,
Winthrop,2023,30,15,,53.8,55.5,37.9,35.8,66.8,-11.3,,,,,,,,,,,,,
UT Rio Grande Valley,2023,28,15,,51.7,51.9,33.5,34.8,72.5,-10.4,,,,,,,,,,,,,
Denver,2023,30,15,,53.4,52.2,32.9,33.9,68.5,-13.0,,,,,,,,,,,,,
Boston University,2023,31,15,,45.9,50.3,32.4,33.8,65.4,-12.4,,,,,,,,,,,,,
Southern,2023,30,15,,48.0,51.6,32.8,34.0,70.9,-11.4,,,,,,,,,,,,,
Colorado St.,2023,32,15,,55.8,51.0,35.5,35.8,66.2,-6.7,,,,,,,,,,,,,45.0
Georgia Tech,2023,31,15,,47.4,52.0,33.4,31.0,66.5,-8.1,,,,,,,,,,,,,
Richmond,2023,33,15,,52.4,49.7,33.0,32.9,65.2,-10.7,,,,,,,,,,,,,
Pacific,2023,31,15,,49.6,55.1,38.3,34.9,69.6,-10.2,,,,,,,,,,,,,
Louisiana Tech,2023,30,15,,50.3,51.1,34.5,38.5,66.5,-9.3,,,,,,,,,,,,,
Bellarmine,2023,30,15,,53.9,55.0,32.6,36.3,61.9,-10.2,,,,,,,,,,,,,
Alabama A&M,2023,30,15,,46.9,48.5,34.7,33.8,68.3,-14.1,,,,,,,,,,,,,
La Salle,2023,34,15,,46.9,50.6,34.2,34.5,67.7,-11.6,,,,,,,,,,,,,
Rider,2023,29,16,,49.4,47.5,33.3,36.2,65.0,-9.4,,,,,,,,,,,,,
Lehigh,2023,28,16,,48.4,50.9,35.0,32.8,69.4,-10.0,,,,,,,,,,,,,
Western Illinois,2023,27,16,,51.8,54.6,31.5,33.9,66.6,-10.2,,,,,,,,,,,,,
Niagara,2023,30,16,,50.1,48.0,33.8,36.0,62.9,-10.1,,,,,,,,,,,,,
Nicholls St.,2023,27,16,,50.5,51.4,33.3,36.2,70.4,-9.7,,,,,,,,,,,,,
Texas Tech,2023,32,16,,52.6,49.1,34.5,32.4,67.3,-2.5,,,,,,,,,,,,,42.0
Nebraska,2023,32,16,,53.4,49.0,32.6,34.1,66.8,-2.1,,,,,,,,,,,,,
Temple,2023,32,16,,49.9,47.9,33.0,33.6,65.9,-5.6,,,,,,,,,,,,,46.0
Washington,2023,32,16,,50.0,48.6,31.3,29.7,69.1,-3.8,,,,,,,,,,,,,
Davidson,2023,31,16,,51.3,51.5,31.9,33.0,65.2,-8.4,,,,,,,,,,,,,
Appalachian St.,2023,29,16,,48.3,46.5,32.9,33.4,65.0,-10.1,,,,,,,,,,,,,
Georgia,2023,32,16,,46.8,51.0,31.7,31.9,67.6,-5.5,,,,,,,,,,,,,
George Washington,2023,31,16,,56.0,51.7,32.1,34.9,68.7,-10.3,,,,,,,,,,,,,
USC Upstate,2023,30,16,,51.3,49.3,33.0,34.2,67.7,-9.8,,,,,,,,,,,,,
Florida,2023,33,16,,50.7,45.8,31.4,31.6,69.4,-2.9,,,,,,,,,,,,,42.0
Boston College,2023,33,16,,49.2,49.1,31.9,36.8,66.5,-6.6,,,,,,,,,,,,,
Saint Joseph's,2023,33,16,,50.9,50.1,32.9,34.1,69.1,-10.0,,,,,,,,,,,,,
East Carolina,2023,33,16,,46.9,49.2,31.6,32.9,67.4,-8.0,,,,,,,,,,,,,
North Dakota St.,2023,31,16,,52.2,50.6,33.9,34.2,68.0,-10.6,,,,,,,,,,,,,
Robert Morris,2023,31,16,,50.4,47.4,31.4,36.2,66.1,-12.1,,,,,,,,,,,,,
Tennessee Tech,2023,30,16,,48.1,52.1,37.3,34.0,66.2,-12.8,,,,,,,,,,,,,
Southern Indiana,2023,30,16,,47.1,51.0,36.3,35.1,69.2,-12.6,,,,,,,,,,,,,
Sacred Heart,2023,32,16,,49.8,49.7,30.6,34.1,69.8,-13.6,,,,,,,,,,,,,
Campbell,2023,32,16,,54.7,53.2,32.9,34.4,64.1,-13.3,,,,,,,,,,,,,
Ohio St.,2023,35,16,,50.6,49.3,36.8,32.1,66.0,-3.1,,,,,,,,,,,,,39.0
Texas St.,2023,32,16,,48.6,49.0,31.4,36.4,63.5,-12.1,,,,,,,,,,,,,
Cornell,2023,26,17,,57.5,56.6,34.5,36.2,71.0,-5.4,,,,,,,,,,,,,
Penn,2023,29,17,,52.7,49.1,36.2,33.0,66.9,-6.0,,,,,,,,,,,,,
Bryant,2023,28,17,,53.4,49.3,33.3,34.1,72.0,-7.9,,,,,,,,,,,,,
Montana,2023,30,17,,52.4,52.5,37.3,32.5,63.5,-7.9,,,,,,,,,,,,,
Stetson,2023,29,17,,50.8,52.7,38.0,35.4,64.5,-7.0,,,,,,,,,,,,,
Utah,2023,32,17,,48.4,44.9,33.3,30.2,66.0,-3.3,,,,,,,,,,,,,38.0
Wichita St.,2023,32,17,,53.3,45.4,30.9,33.6,66.0,-5.5,,,,,,,,,,,,,
Syracuse,2023,32,17,,50.5,50.9,36.1,34.4,67.2,-5.7,,,,,,,,,,,,,45.0
Missouri St.,2023,31,17,,50.9,49.5,32.8,32.6,61.9,-8.1,,,,,,,,,,,,,
Drexel,2023,31,17,,50.6,46.2,31.8,33.5,63.4,-10.3,,,,,,,,,,,,,
Florida Gulf Coast,2023,31,17,,50.1,51.1,35.1,33.4,66.2,-8.7,,,,,,,,,,,,,
Siena,2023,32,17,,47.8,49.4,34.9,33.5,66.7,-10.5,,,,,,,,,,,,,
Murray St.,2023,31,17,,49.1,53.2,32.6,33.4,66.6,-8.1,,,,,,,,,,,,,45.0
Fort Wayne,2023,30,17,,50.8,55.2,33.5,31.2,68.9,-10.2,,,,,,,,,,,,,
American,2023,32,17,,55.8,48.7,34.6,38.5,62.4,-11.4,,,,,,,,,,,,,
Seton Hall,2023,32,17,,49.0,47.7,32.8,31.6,66.4,-2.0,,,,,,,,,,,,,45.0
Long Beach St.,2023,31,17,,49.4,48.8,30.2,34.2,72.9,-8.7,,,,,,,,,,,,,
Cal Baptist,2023,31,17,,49.2,49.0,32.5,29.7,64.0,-9.8,,,,,,,,,,,,,
Western Kentucky,2023,31,17,,48.5,48.0,34.4,36.2,67.3,-7.8,,,,,,,,,,,,,
Georgia Southern,2023,30,17,,48.4,49.4,31.8,33.2,66.5,-10.0,,,,,,,,,,,,,
Delaware,2023,32,17,,50.5,50.1,32.0,36.6,67.0,-9.8,,,,,,,,,,,,,
Wofford,2023,30,17,,55.1,56.1,32.1,35.3,65.0,-10.0,,,,,,,,,,,,,
Army,2023,31,17,,54.7,52.4,34.9,33.1,68.5,-12.5,,,,,,,,,,,,,
Washington St.,2023,34,17,,46.3,50.5,37.3,32.2,64.2,-3.0,,,,,,,,,,,,,
Villanova,2023,34,17,,52.8,50.7,33.4,33.8,63.7,-2.2,,,,,,,,,,,,,35.0
Tarleton St.,2023,30,17,,46.5,52.2,33.9,36.6,66.4,-7.7,,,,,,,,,,,,,
North Carolina Central,2023,26,18,,50.1,49.9,35.0,31.3,67.7,-7.5,,,,,,,,,,,,,
Navy,2023,30,18,,49.3,49.8,36.9,34.2,64.4,-8.6,,,,,,,,,,,,,
Maryland Eastern Shore,2023,27,18,,46.8,51.4,32.6,32.9,69.3,-7.8,,,,,,,,,,,,,
UC Davis,2023,30,18,,49.6,48.9,33.5,36.7,70.5,-8.4,,,,,,,,,,,,,
UMBC,2023,31,18,,51.8,50.6,33.8,37.7,67.6,-9.6,,,,,,,,,,,,,
Alcorn St.,2023,32,18,,45.6,52.6,29.6,33.1,67.2,-7.1,,,,,,,,,,,,,
Southeastern Louisiana,2023,29,18,,49.1,52.1,36.4,38.2,68.7,-9.3,,,,,,,,,,,,,
Tennessee St.,2023,28,18,,49.6,49.5,35.1,33.8,70.4,-11.5,,,,,,,,,,,,,
St. John's,2023,33,18,,49.3,49.2,33.1,34.5,73.4,-2.6,,,,,,,,,,,,,39.0
Wright St.,2023,31,18,,53.9,51.2,35.1,32.6,71.2,-11.0,,,,,,,,,,,,,
Weber St.,2023,31,18,,51.8,51.1,32.8,36.8,65.0,-8.4,,,,,,,,,,,,,
Queens,2023,30,18,,50.5,53.0,34.8,35.3,69.8,-9.4,,,,,,,,,,,,,
North Alabama,2023,30,18,,49.1,49.6,35.8,37.6,68.4,-7.9,,,,,,,,,,,,,
Michigan,2023,34,18,,51.0,48.0,35.1,31.7,67.5,-1.8,,,,,,,,,,,,,32.0
Western Carolina,2023,31,18,,48.7,51.4,33.1,33.3,67.5,-9.8,,,,,,,,,,,,,
Merrimack,2023,32,18,,48.2,48.9,32.3,33.0,66.1,-11.8,,,,,,,,,,,,,
Colorado,2023,35,18,,49.4,47.9,32.2,32.1,69.0,-3.4,,,,,,,,,,,,,37.0
Chattanooga,2023,32,18,,51.8,50.6,37.3,34.2,68.0,-11.3,,,,,,,,,,,,,
Loyola Marymount,2023,30,19,,51.9,52.0,36.5,34.3,67.1,-2.9,,,,,,,,,,,,,
Old Dominion,2023,30,19,,46.1,48.8,31.5,31.7,64.8,-5.9,,,,,,,,,,,,,
UNLV,2023,31,19,,47.9,50.9,34.1,36.1,69.4,-3.4,,,,,,,,,,,,,31.0
Stephen F. Austin,2023,29,19,,49.2,51.7,38.0,34.0,69.1,-7.0,,,,,,,,,,,,,
South Dakota St.,2023,31,19,,51.2,51.7,35.1,33.2,66.7,-6.5,,,,,,,,,,,,,
Wake Forest,2023,33,19,,54.0,51.0,36.4,35.0,69.4,-3.0,,,,,,,,,,,,,42.0
Middle Tennessee,2023,31,19,,51.0,50.2,34.3,36.2,66.8,-5.2,,,,,,,,,,,,,
Ohio,2023,32,19,,50.1,51.9,37.3,34.1,68.1,-7.7,,,,,,,,,,,,,
St. Thomas,2023,31,19,,51.2,52.6,35.1,33.7,66.0,-8.8,,,,,,,,,,,,,
SIU Edwardsville,2023,30,19,,48.5,48.1,32.3,33.6,69.0,-10.5,,,,,,,,,,,,,
Tennessee Martin,2023,29,19,,51.9,50.5,31.9,32.3,71.0,-10.7,,,,,,,,,,,,,
Rutgers,2023,34,19,,47.9,47.0,32.1,30.7,65.8,-1.0,,,,,,,,,,,,,42.0
UCF,2023,34,19,,48.3,49.2,35.3,30.7,64.5,-3.8,,,,,,,,,,,,,
Virginia Tech,2023,34,19,,54.3,50.5,35.8,34.0,66.6,-3.2,,,,,,,,,,,,,34.0
BYU,2023,32,19,,53.1,48.8,32.7,33.7,69.5,-4.5,,,,,,,,,,,,,
South Alabama,2023,33,19,,53.4,47.9,34.5,29.0,65.5,-7.9,,,,,,,,,,,,,
Rice,2023,32,19,,53.7,54.0,34.7,37.3,69.6,-6.8,,,,,,,,,,,,,
Tulane,2023,31,20,,53.4,48.2,33.8,35.7,72.9,-2.1,,,,,,,,,,,,,44.0
Quinnipiac,2023,31,20,,47.4,48.5,36.1,31.6,69.6,-7.4,,,,,,,,,,,,,
UNC Greensboro,2023,30,20,,49.3,46.8,35.1,32.8,65.8,-6.2,,,,,,,,,,,,,
Seattle,2023,30,20,,46.4,49.0,30.9,32.3,68.8,-4.9,,,,,,,,,,,,,45.0
Longwood,2023,30,20,,49.5,50.5,34.3,34.7,65.9,-7.8,,,,,,,,,,,,,
Ball St.,2023,30,20,,51.7,47.7,36.9,38.4,67.2,-6.7,,,,,,,,,,,,,
North Carolina,2023,33,20,,50.8,48.4,31.1,33.0,68.8,-0.7,,,,,,,,,,,,,30.0
Cal St. Fullerton,2023,31,20,,46.5,49.2,36.2,31.7,64.7,-6.1,,,,,,,,,,,,,
Duquesne,2023,33,20,,48.5,49.4,36.6,35.2,68.0,-6.0,,,,,,,,,,,,,
Troy,2023,30,20,,51.2,48.4,31.2,32.7,67.7,-6.1,,,,,,,,,,,,,
George Mason,2023,33,20,,51.5,49.4,35.0,30.1,66.3,-6.0,,,,,,,,,,,,,
Lipscomb,2023,30,20,,53.5,49.4,36.0,34.3,69.2,-7.4,,,,,,,,,,,,,
San Francisco,2023,33,20,,52.6,49.4,36.4,33.8,68.6,-3.7,,,,,,,,,,,,,41.0
Wisconsin,2023,35,20,,46.3,51.8,34.2,31.6,63.3,-0.5,,,,,,,,,,,,,37.0
Oklahoma St.,2023,36,20,,50.3,44.6,31.0,31.6,67.4,0.1,,,,,,,,,,,,,40.0
Belmont,2023,31,21,,53.2,49.8,38.9,35.6,68.3,-5.1,,,,,,,,,,,,,
Samford,2023,28,21,,52.6,49.0,36.5,37.0,67.9,-6.1,,,,,,,,,,,,,
Saint Louis,2023,32,21,,51.8,46.6,35.2,34.0,69.1,-3.3,,,,,,,,,,,,,44.0
Towson,2023,33,21,,49.0,47.7,36.7,33.2,64.6,-6.0,,,,,,,,,,,,,
San Jose St.,2023,34,21,,50.8,46.5,32.8,34.5,62.5,-2.1,,,,,,,,,,,,,
Cleveland St.,2023,33,21,,50.7,49.0,30.6,31.6,65.5,-8.3,,,,,,,,,,,,,
Oregon,2023,36,21,,53.1,45.1,32.0,33.7,66.4,-0.3,,,,,,,,,,,,,40.0
Radford,2023,34,21,,50.3,52.9,35.6,34.0,64.5,-8.5,,,,,,,,,,,,,
Yale,2023,28,21,,52.4,45.7,35.8,32.6,66.0,-2.0,,,,,,,,,,,,,
Akron,2023,31,22,,51.5,48.1,35.0,35.0,65.2,-4.9,,,,,,,,,,,,,
James Madison,2023,30,22,,51.4,50.7,34.5,31.5,70.4,-4.7,,,,,,,,,,,,,
Hawaii,2023,32,22,,48.2,44.5,32.8,29.5,64.5,-5.7,,,,,,,,,,,,,
Norfolk St.,2023,29,22,,53.8,48.3,32.7,34.9,65.2,-6.0,,,,,,,,,,,,,
Northwestern St.,2023,32,22,,49.8,51.8,35.8,32.9,66.4,-5.9,,,,,,,,,,,,,
New Mexico,2023,33,22,,52.4,50.8,35.6,33.4,71.6,-1.0,,,,,,,,,,,,,32.0
Dayton,2023,34,22,,54.3,45.7,33.8,29.3,62.4,-4.3,,,,,,,,,,,,,34.0
UC Riverside,2023,33,22,,48.8,51.5,35.6,34.0,66.8,-4.7,,,,,,,,,,,,,
Morehead St.,2023,30,22,,47.0,50.7,34.8,31.9,63.5,-6.7,,,,,,,,,,,,,
Milwaukee,2023,31,22,,51.5,49.0,34.2,31.4,71.9,-6.3,,,,,,,,,,,,,
Charlotte,2023,36,22,,54.0,49.7,37.7,33.9,60.3,-6.5,,,,,,,,,,,,,
Vanderbilt,2023,37,22,,49.0,49.8,33.6,31.0,66.4,-0.3,,,,,,,,,,,,,41.0
Santa Clara,2023,32,23,,50.2,48.7,37.5,36.0,69.8,0.1,,,,,,,,,,,,,
Southern Illinois,2023,32,23,,54.6,46.7,32.2,33.0,63.7,-3.5,,,,,,,,,,,,,
Clemson,2023,34,23,,53.7,45.6,36.4,33.2,68.0,-0.3,,,,,,,,,,,,,37.0
Eastern Washington,2023,33,23,,58.4,50.2,35.5,33.4,68.5,-4.2,,,,,,,,,,,,,
UC Irvine,2023,33,23,,49.4,44.2,37.2,32.5,69.4,-4.5,,,,,,,,,,,,,43.0
Cincinnati,2023,35,23,,50.6,48.1,34.9,31.2,68.5,-1.7,,,,,,,,,,,,,
Indiana St.,2023,35,23,,58.8,48.6,35.8,31.8,70.5,-6.9,,,,,,,,,,,,,
Eastern Kentucky,2023,34,23,,48.6,49.7,32.4,34.7,69.8,-6.3,,,,,,,,,,,,,
Youngstown St.,2023,32,24,,54.9,51.3,36.2,34.1,68.0,-5.3,,,,,,,,,,,,,
UNC Wilmington,2023,32,24,,48.3,51.2,33.3,30.5,65.1,-2.9,,,,,,,,,,,,,
Southern Utah,2023,33,24,,51.3,50.3,35.4,35.9,71.6,-3.8,,,,,,,,,,,,,
Marshall,2023,31,24,,53.9,47.7,33.6,31.9,71.9,-2.8,,,,,,,,,,,,,
Grambling St.,2023,31,24,,48.8,43.2,35.5,31.2,66.0,-4.6,,,,,,,,,,,,,43.0
Hofstra,2023,34,25,,55.1,46.9,36.7,31.1,67.2,-2.4,,,,,,,,,,,,,
Bradley,2023,34,25,,52.7,45.8,35.1,32.2,65.2,-1.4,,,,,,,,,,,,,
Southern Miss,2023,30,25,,52.3,47.6,32.4,32.2,68.5,-0.8,,,,,,,,,,,,,35.0
Fordham,2023,33,25,,49.1,46.5,31.8,32.0,69.5,-2.0,,,,,,,,,,,,,
Sam Houston St.,2023,30,26,,47.2,46.6,37.8,34.5,64.4,0.1,,,,,,,,,,,,,
UMass Lowell,2023,32,26,,52.2,44.9,37.7,34.2,68.6,-4.2,,,,,,,,,,,,,
Toledo,2023,34,27,,54.6,52.1,39.7,36.1,69.5,-1.2,,,,,,,,,,,,,33.0
Liberty,2023,33,27,,56.4,48.6,36.4,33.6,64.4,-2.0,,,,,,,,,,,,,
Utah Valley,2023,34,28,,52.5,42.8,33.4,31.1,69.8,-0.3,,,,,,,,,,,,,
UAB,2023,38,29,,48.8,47.2,35.6,31.6,70.7,-0.5,,,,,,,,,,,,,41.0
North Texas,2023,36,31,,49.6,44.2,35.7,30.1,58.7,1.1,,,,,,,,,,,,,45.0
Houston,2024,34,30,1.0,48.4,43.4,34.7,30.0,63.3,10.6,118.868,87.1492,0.979,49.7,44.0,13.7,24.7,36.9,69.8,29.9,39.0,94.9,3.0
Connecticut,2024,34,31,1.0,58.5,43.7,36.7,31.9,64.6,11.3,126.608,94.3949,0.971,57.1,45.1,14.9,16.2,36.5,73.2,33.3,32.5,95.6,1.0
Purdue,2024,33,29,1.0,53.2,48.1,40.8,31.4,67.6,11.0,124.988,95.87,0.964,56.0,47.7,16.5,14.0,37.4,75.3,42.8,23.0,93.5,2.0
North Carolina,2024,34,27,1.0,50.3,46.0,35.4,31.4,70.4,6.6,117.796,93.151,0.931,51.3,46.4,14.4,14.9,32.8,76.5,36.8,28.3,90.2,7.0
Iowa St.,2024,34,27,2.0,51.7,46.9,34.9,31.5,67.6,6.9,113.864,87.1458,0.958,51.9,47.1,15.7,25.7,31.6,70.6,36.1,35.2,91.0,8.0
Arizona,2024,33,25,2.0,54.6,47.8,37.1,33.4,72.0,4.9,121.125,94.5013,0.953,55.0,48.7,16.1,18.1,36.3,76.9,36.7,25.7,91.6,12.0
Tennessee,2024,32,24,2.0,51.6,44.3,34.2,31.4,69.2,5.8,117.021,91.0499,0.938,51.5,45.4,14.6,18.9,32.4,71.4,34.3,35.8,90.6,5.0
Marquette,2024,34,25,2.0,56.0,49.2,35.8,33.6,69.1,6.5,118.294,95.5576,0.933,55.1,49.7,14.3,21.1,26.0,69.2,25.6,28.2,89.5,11.0
Creighton,2024,32,23,3.0,60.6,45.7,36.1,32.2,66.9,4.4,120.091,96.6912,0.929,57.5,46.4,15.3,11.2,25.9,75.4,24.5,16.2,89.6,13.0
Illinois,2024,34,26,3.0,54.7,46.6,34.9,34.3,69.9,6.0,125.551,101.564,0.922,53.8,48.0,15.1,12.3,36.2,73.9,37.8,27.1,89.4,6.0
Baylor,2024,32,23,3.0,53.4,51.9,39.4,33.5,65.7,5.1,122.49,100.185,0.91,55.6,51.3,17.7,17.1,35.1,72.9,40.5,30.9,88.4,16.0
Kentucky,2024,32,23,3.0,54.7,49.8,41.2,32.6,72.5,2.9,122.742,102.724,0.893,57.4,49.5,14.2,16.0,28.9,69.8,30.4,33.4,87.7,20.0
Auburn,2024,34,27,4.0,54.9,42.8,35.2,29.8,69.8,5.5,120.579,91.6765,0.957,54.1,43.4,14.9,18.2,32.9,69.7,38.2,41.0,90.9,18.0
Duke,2024,32,24,4.0,54.4,49.1,37.7,32.6,66.9,3.3,121.827,96.9502,0.927,55.2,49.0,14.3,16.9,31.8,74.1,33.8,27.6,90.1,9.0
Alabama,2024,32,21,4.0,57.6,51.1,36.5,31.9,72.5,3.4,125.601,103.118,0.913,56.3,49.9,16.0,15.6,34.9,70.1,35.2,39.6,87.8,3.0
Kansas,2024,31,22,4.0,54.8,45.3,33.3,33.8,68.9,4.3,113.382,94.1566,0.911,53.4,47.6,16.4,16.8,25.3,73.6,32.8,28.5,87.8,19.0
Saint Mary's,2024,32,26,5.0,53.0,43.6,35.5,32.4,62.1,1.4,114.901,95.0132,0.92,53.1,45.1,16.0,16.7,39.0,77.6,28.3,32.2,86.8,21.0
Gonzaga,2024,31,25,5.0,58.3,45.1,35.5,34.0,69.1,2.5,120.997,99.4329,0.915,56.7,47.3,14.0,16.5,33.3,72.8,31.5,25.8,88.0,15.0
Wisconsin,2024,35,22,5.0,52.6,50.4,34.8,37.1,65.0,3.3,120.06,99.4602,0.902,52.4,52.2,14.6,16.9,30.5,75.5,33.5,33.2,86.6,34.0
San Diego St.,2024,32,24,5.0,51.6,48.3,31.3,30.5,66.1,2.6,113.548,93.8492,0.879,49.8,47.2,16.0,18.0,32.7,72.0,37.5,33.3,85.6,17.0
BYU,2024,33,23,6.0,58.0,48.2,34.8,31.8,69.0,2.9,120.486,99.4765,0.907,55.1,48.0,15.2,16.0,32.8,75.3,25.3,32.1,86.1,29.0
Texas Tech,2024,33,23,6.0,51.5,49.6,36.5,32.1,66.4,3.4,117.943,99.3985,0.885,52.8,49.1,16.5,17.0,30.2,69.7,34.6,26.6,85.6,36.0
Clemson,2024,32,21,6.0,54.4,47.1,35.4,34.0,66.2,0.9,117.426,100.489,0.865,53.9,48.7,14.9,13.6,27.7,74.8,30.6,31.2,83.8,14.0
South Carolina,2024,33,26,6.0,51.1,46.8,33.5,33.6,63.0,4.7,114.735,99.6715,0.842,50.8,48.0,15.5,14.9,33.1,72.0,31.8,30.8,82.0,25.0
Texas,2024,32,20,7.0,53.4,47.4,36.1,34.8,67.2,1.2,118.526,100.122,0.901,53.7,49.0,16.6,18.6,30.5,70.0,30.4,35.0,86.2,30.0
Florida,2024,35,24,7.0,51.7,49.0,34.2,32.2,71.6,3.0,119.317,101.129,0.895,51.5,48.8,15.8,14.5,37.5,71.1,38.6,34.2,85.7,46.0
Washington St.,2024,33,24,7.0,52.6,46.9,34.0,32.0,64.9,1.9,113.431,97.215,0.856,52.1,47.3,16.1,15.9,32.9,75.1,31.7,32.7,83.5,23.0
Dayton,2024,31,24,7.0,53.7,48.2,40.2,31.7,64.0,2.6,118.601,101.304,0.855,56.6,47.9,15.8,15.7,26.9,71.0,37.2,21.8,83.1,24.0
Nebraska,2024,33,23,8.0,52.8,45.2,35.8,31.9,68.7,2.4,115.866,97.6744,0.9,53.2,46.3,15.9,16.4,27.8,70.0,32.4,27.7,84.4,35.0
Mississippi St.,2024,34,21,8.0,53.4,50.2,32.5,29.4,67.2,0.8,113.678,95.6951,0.877,51.7,47.7,18.7,18.2,35.4,72.4,37.9,32.4,85.0,39.0
Florida Atlantic,2024,33,25,8.0,56.0,49.3,35.6,33.6,67.9,1.2,118.961,102.725,0.816,55.0,49.7,15.8,16.5,33.8,70.8,34.8,27.5,84.9,43.0
Utah St.,2024,31,27,8.0,57.1,53.1,32.1,29.0,68.5,3.3,115.617,100.502,0.815,54.1,49.6,15.7,16.4,28.5,74.6,40.0,30.4,82.3,22.0
Michigan St.,2024,33,19,9.0,50.5,47.1,35.9,32.8,65.3,0.21,113.76,93.7263,0.898,51.5,48.0,14.7,18.7,29.9,71.3,29.9,32.6,87.1,39.0
Northwestern,2024,32,21,9.0,49.7,50.3,39.4,35.9,63.7,1.5,116.657,100.752,0.872,53.2,51.6,13.3,18.8,25.7,71.8,29.9,39.4,83.5,35.0
TCU,2024,33,21,9.0,51.2,50.9,35.6,32.8,69.9,1.3,115.101,97.8088,0.869,51.9,50.3,17.9,20.8,35.5,71.4,35.1,35.7,85.0,42.0
Texas A&M,2024,34,20,9.0,47.0,49.5,28.4,33.9,65.6,0.25,115.996,99.8885,0.85,45.4,50.1,14.2,16.9,41.9,72.0,38.2,31.2,84.9,26.0
Colorado,2024,34,24,10.0,53.6,50.1,39.4,31.9,67.7,1.7,117.579,99.1127,0.886,55.3,49.3,18.1,15.2,32.4,76.0,35.3,28.1,84.9,28.0
Nevada,2024,32,26,10.0,52.6,49.1,36.5,31.3,66.8,2.7,115.55,98.7358,0.863,53.3,48.2,15.0,17.3,27.5,72.8,46.2,34.3,82.8,48.0
Boise St.,2024,30,22,10.0,51.2,52.1,34.8,30.6,66.6,0.9,113.974,97.5892,0.854,51.6,49.8,16.5,16.8,32.5,76.9,36.1,33.1,82.9,50.0
Colorado St.,2024,32,24,10.0,57.6,48.5,33.2,34.0,65.8,1.5,115.382,98.779,0.846,54.6,49.3,14.8,16.9,24.3,72.5,32.6,31.8,81.4,44.0
Drake,2024,33,28,10.0,55.1,51.9,36.5,33.0,67.8,1.7,115.619,100.904,0.828,54.9,51.0,13.9,17.4,24.2,77.9,32.6,31.0,82.9,32.0
Virginia,2024,33,23,10.0,46.8,46.6,36.3,30.4,60.0,1.2,105.422,93.3467,0.815,49.3,46.2,13.2,19.3,26.0,71.9,25.1,25.7,81.6,47.0
New Mexico,2024,34,26,11.0,51.4,49.2,33.4,30.6,72.8,1.7,115.411,96.4738,0.893,51.0,48.0,13.9,19.5,33.4,73.0,33.1,33.5,84.0,42.0
Oregon,2024,34,23,11.0,52.7,51.6,33.6,34.3,67.1,1.4,114.036,100.607,0.815,51.8,51.5,14.8,17.9,28.7,72.9,32.3,32.8,82.7,27.0
North Carolina St.,2024,36,22,11.0,50.1,49.5,34.6,34.9,67.9,-0.6,114.385,101.329,0.798,50.7,50.5,13.7,17.9,28.6,70.7,32.5,31.9,82.3,10.0
Duquesne,2024,34,24,11.0,49.6,48.4,33.9,31.7,66.3,-1.8,106.921,97.5497,0.761,50.1,48.0,17.5,19.5,29.9,70.0,33.1,35.3,79.0,40.0
James Madison,2024,33,31,12.0,54.2,48.8,36.5,28.6,69.8,1.5,113.858,100.958,0.778,54.4,46.7,14.7,19.8,32.0,72.4,34.2,35.1,81.2,31.0
Grand Canyon,2024,32,29,12.0,52.3,44.4,34.4,32.6,68.0,1.3,113.478,99.5638,0.773,52.0,45.9,17.8,19.9,34.6,70.4,45.3,34.8,81.2,32.0
McNeese St.,2024,29,30,12.0,52.8,46.3,39.4,33.0,65.3,0.7,114.033,101.171,0.752,54.9,47.8,14.2,23.0,32.1,69.6,40.6,33.9,78.3,37.0
UAB,2024,33,23,12.0,50.4,50.2,33.1,35.0,67.7,-2.7,113.68,107.398,0.663,50.1,51.0,16.7,16.1,35.3,69.0,40.5,31.4,78.5,
Yale,2024,29,22,13.0,52.5,48.8,34.6,34.0,64.6,-2.5,110.825,101.352,0.744,52.3,49.7,14.1,16.0,28.4,76.0,26.9,29.0,79.6,41.0
Samford,2024,32,29,13.0,55.5,49.5,39.3,33.9,72.6,0.07,113.083,103.291,0.732,56.9,50.0,18.1,21.7,30.2,68.0,36.4,37.0,78.5,41.0
College of Charleston,2024,33,27,13.0,52.6,50.5,34.8,33.8,70.0,-1.6,113.736,106.128,0.702,52.4,50.6,14.3,16.4,33.5,73.4,26.9,28.3,79.5,41.0
Vermont,2024,32,28,13.0,53.1,46.4,33.5,31.5,63.3,-1.2,107.122,100.145,0.659,51.8,46.7,13.8,15.1,22.4,76.7,29.7,25.9,78.9,
Akron,2024,32,24,14.0,54.8,50.7,32.0,30.0,65.7,-4.5,107.009,102.072,0.596,52.0,48.6,17.2,16.6,29.5,74.4,33.6,29.0,76.7,
Morehead St.,2024,30,26,14.0,55.6,45.4,35.3,31.1,64.3,-3.4,108.989,103.52,0.589,54.4,45.7,18.5,15.5,32.0,73.6,31.3,32.7,75.9,
Oakland,2024,34,23,14.0,51.8,50.5,35.1,33.9,66.8,-4.2,108.593,105.776,0.585,52.1,50.6,16.2,16.3,30.6,71.4,30.9,26.8,74.4,48.0
Colgate,2024,33,25,14.0,53.3,48.7,35.7,29.9,66.2,-4.1,104.65,102.5,0.513,53.4,47.2,16.3,16.1,25.0,75.5,27.6,24.5,76.2,
Western Kentucky,2024,30,22,15.0,52.1,48.3,34.4,32.2,75.1,-6.6,105.552,102.489,0.593,51.9,48.3,18.3,18.6,28.5,73.3,32.9,33.4,74.7,
South Dakota St.,2024,31,22,15.0,55.9,49.0,36.2,35.2,67.9,-7.4,108.662,105.674,0.583,55.3,50.8,16.4,16.5,24.4,74.7,30.4,27.4,74.5,
Long Beach St.,2024,33,21,15.0,49.7,50.0,31.3,35.1,71.4,-8.0,107.857,107.862,0.431,48.9,51.2,17.1,18.5,33.3,70.4,38.1,32.6,72.7,
Saint Peter's,2024,31,19,15.0,42.4,46.4,33.9,31.5,64.0,-8.8,98.5882,100.91,0.404,45.0,46.6,19.6,20.3,35.1,70.6,38.1,42.3,71.0,
Longwood,2024,31,21,16.0,48.6,50.9,34.2,34.6,66.8,-8.6,105.712,104.753,0.476,49.4,51.3,18.0,19.6,36.7,74.5,39.5,36.1,73.4,
Montana St.,2024,31,17,16.0,53.4,54.1,36.4,32.6,68.5,-12.6,103.305,107.206,0.419,53.9,52.3,16.8,18.6,20.7,71.4,30.7,37.0,71.1,
Stetson,2024,31,22,16.0,52.5,52.2,36.5,34.5,66.0,-6.8,110.262,114.366,0.356,53.4,52.0,15.8,13.5,27.5,68.8,31.7,25.9,70.7,
Howard,2024,32,18,16.0,49.2,50.8,37.5,34.0,67.7,-12.1,105.489,113.752,0.291,52.0,50.9,21.4,16.7,33.4,69.3,42.2,39.1,68.4,
Grambling St.,2024,31,20,16.0,47.0,48.4,34.1,33.7,64.9,-8.0,99.2736,107.084,0.281,48.2,49.1,20.5,19.0,28.1,67.3,39.6,33.9,68.0,
Wagner,2024,29,16,16.0,42.8,50.9,31.6,29.9,61.3,-11.7,95.7835,105.878,0.24,44.6,48.4,15.9,17.0,29.5,73.0,26.8,29.9,66.4,
St. John's,2024,33,20,,50.8,47.9,34.1,35.0,69.2,0.32,,,,,,,,,,,,,36.0
Villanova,2024,33,18,,50.4,47.6,34.0,32.7,63.3,-1.1,,,,,,,,,,,,,37.0
Wake Forest,2024,33,20,,54.0,48.8,37.2,32.6,68.0,-1.3,,,,,,,,,,,,,39.0
Ohio St.,2024,33,20,,51.0,46.4,34.3,34.7,65.4,-0.23,,,,,,,,,,,,,49.0
Pittsburgh,2024,33,22,,50.0,50.8,35.7,30.8,65.8,0.3,,,,,,,,,,,,,44.0
Cincinnati,2024,34,20,,50.8,46.4,32.4,33.3,67.3,-0.7,,,,,,,,,,,,,29.0
Indiana St.,2024,33,28,,62.0,48.7,38.4,33.0,70.5,1.9,,,,,,,,,,,,,37.0
Oklahoma,2024,32,20,,53.9,48.9,34.5,29.9,67.1,1.2,,,,,,,,,,,,,42.0
Utah,2024,33,19,,53.8,47.2,35.7,34.0,69.7,-1.1,,,,,,,,,,,,,33.0
Iowa,2024,32,18,,53.0,51.0,34.7,36.1,71.6,-0.36,,,,,,,,,,,,,45.0
Seton Hall,2024,32,20,,50.1,48.5,32.7,33.8,66.0,1.0,,,,,,,,,,,,,33.0
Butler,2024,31,18,,51.5,50.7,34.8,32.5,68.4,-0.9,,,,,,,,,,,,,
Virginia Tech,2024,32,18,,55.1,51.5,35.1,34.4,67.5,-2.2,,,,,,,,,,,,,
Providence,2024,34,21,,53.7,45.6,32.8,34.2,67.8,0.8,,,,,,,,,,,,,43.0
UCF,2024,32,17,,47.4,45.9,32.1,33.3,68.4,-2.4,,,,,,,,,,,,,
Bradley,2024,32,22,,55.0,46.2,37.7,33.2,66.2,-3.4,,,,,,,,,,,,,47.0
Washington,2024,32,17,,53.8,49.9,35.4,33.7,71.1,-3.6,,,,,,,,,,,,,40.0
Xavier,2024,33,16,,48.0,49.4,34.0,33.3,70.9,-2.1,,,,,,,,,,,,,43.0
Kansas St.,2024,33,19,,51.5,46.7,32.0,30.7,67.2,0.36,,,,,,,,,,,,,28.0
Maryland,2024,33,16,,48.8,45.7,28.9,32.8,65.4,-4.1,,,,,,,,,,,,,44.0
North Texas,2024,30,18,,47.2,46.8,37.7,32.5,61.3,-5.8,,,,,,,,,,,,,
UNLV,2024,29,19,,51.8,50.1,33.2,31.7,64.9,-2.6,,,,,,,,,,,,,
SMU,2024,31,20,,50.5,46.1,34.3,31.8,67.4,-4.3,,,,,,,,,,,,,
San Francisco,2024,32,23,,57.1,48.5,34.9,34.2,67.0,-2.4,,,,,,,,,,,,,41.0
USC,2024,33,15,,50.7,47.4,35.5,36.5,68.1,-5.0,,,,,,,,,,,,,46.0
Penn St.,2024,33,16,,50.5,52.5,33.4,30.3,69.8,-4.6,,,,,,,,,,,,,
Minnesota,2024,32,18,,54.7,48.3,35.8,36.3,66.6,-2.5,,,,,,,,,,,,,
Mississippi,2024,32,20,,49.2,50.0,36.6,33.8,66.8,-0.39,,,,,,,,,,,,,39.0
Georgia,2024,33,17,,49.3,49.7,33.6,33.2,68.4,-3.7,,,,,,,,,,,,,
Richmond,2024,32,23,,52.0,46.6,36.5,31.3,66.8,-0.7,,,,,,,,,,,,,41.0
Syracuse,2024,31,20,,51.9,53.2,33.4,34.7,70.7,-0.26,,,,,,,,,,,,,
Indiana,2024,33,19,,53.4,47.4,32.4,34.3,68.4,0.06,,,,,,,,,,,,,46.0
LSU,2024,32,17,,51.7,49.2,35.3,33.2,69.7,-3.1,,,,,,,,,,,,,
VCU,2024,35,22,,51.2,46.3,35.7,31.4,65.2,-3.8,,,,,,,,,,,,,46.0
Loyola Chicago,2024,31,23,,51.1,43.4,35.2,34.2,68.6,-1.5,,,,,,,,,,,,,42.0
Boston College,2024,34,19,,51.8,49.5,36.1,34.6,67.1,-3.6,,,,,,,,,,,,,
Florida St.,2024,33,17,,51.5,51.6,31.7,35.4,70.9,-3.5,,,,,,,,,,,,,47.0
UCLA,2024,32,16,,45.2,49.7,33.3,33.7,63.1,-5.2,,,,,,,,,,,,,33.0
UC Irvine,2024,32,24,,51.9,44.2,34.9,33.3,68.4,-2.6,,,,,,,,,,,,,
Princeton,2024,26,24,,56.3,52.9,35.3,32.7,64.8,1.2,,,,,,,,,,,,,34.0
South Florida,2024,31,24,,49.5,48.2,36.6,31.1,67.9,-0.7,,,,,,,,,,,,,41.0
Miami FL,2024,32,15,,51.6,52.0,36.1,33.3,68.7,-5.3,,,,,,,,,,,,,38.0
Louisiana Tech,2024,29,22,,49.0,43.0,35.7,33.5,65.6,-4.3,,,,,,,,,,,,,
Memphis,2024,32,22,,52.9,49.3,35.0,34.0,71.6,-1.0,,,,,,,,,,,,,42.0
Massachusetts,2024,31,20,,52.6,47.5,31.3,33.5,68.3,-4.6,,,,,,,,,,,,,
Saint Joseph's,2024,34,21,,52.7,48.5,35.6,33.1,68.3,-4.4,,,,,,,,,,,,,41.0
George Mason,2024,31,20,,52.3,45.0,34.3,34.8,63.8,-4.6,,,,,,,,,,,,,
Appalachian St.,2024,31,27,,53.8,43.7,33.6,32.1,66.7,-1.0,,,,,,,,,,,,,32.0
Rutgers,2024,32,15,,43.7,46.0,28.7,32.7,67.8,-3.5,,,,,,,,,,,,,47.0
Stanford,2024,32,14,,53.6,50.9,36.9,35.7,69.5,-7.0,,,,,,,,,,,,,
St. Bonaventure,2024,33,20,,50.8,51.8,36.5,33.5,65.4,-4.8,,,,,,,,,,,,,
Belmont,2024,32,20,,54.5,52.2,37.2,33.0,71.1,-5.2,,,,,,,,,,,,,
Oklahoma St.,2024,32,12,,52.2,51.5,33.4,34.0,67.1,-7.5,,,,,,,,,,,,,
Charlotte,2024,30,19,,53.2,49.5,31.3,31.1,62.4,-5.0,,,,,,,,,,,,,
Arkansas,2024,33,16,,51.8,50.1,31.8,33.9,70.6,-4.8,,,,,,,,,,,,,42.0
Northern Iowa,2024,32,19,,51.9,52.0,34.1,35.0,66.5,-5.0,,,,,,,,,,,,,
Cornell,2024,27,22,,61.7,52.4,33.9,33.2,71.5,-1.5,,,,,,,,,,,,,41.0
Hofstra,2024,32,20,,55.5,46.9,36.8,34.6,65.6,-6.4,,,,,,,,,,,,,
Western Carolina,2024,29,22,,49.8,45.5,36.8,33.9,66.8,-5.3,,,,,,,,,,,,,
Michigan,2024,32,8,,49.5,51.7,35.9,36.1,67.4,-9.2,,,,,,,,,,,,,36.0
California,2024,32,13,,48.0,50.0,33.8,35.7,68.4,-7.5,,,,,,,,,,,,,
Southern Illinois,2024,31,19,,53.4,52.1,34.3,30.4,64.2,-6.3,,,,,,,,,,,,,
UT Arlington,2024,32,20,,51.3,47.4,35.4,34.6,70.8,-6.4,,,,,,,,,,,,,
Santa Clara,2024,32,20,,52.6,48.9,34.5,31.7,69.0,-3.8,,,,,,,,,,,,,
Davidson,2024,30,15,,50.8,49.5,30.7,32.8,65.4,-8.7,,,,,,,,,,,,,
Troy,2024,29,20,,48.2,47.7,35.3,35.9,69.6,-7.3,,,,,,,,,,,,,
UNC Wilmington,2024,28,21,,52.1,50.8,33.0,35.5,65.1,-4.7,,,,,,,,,,,,,45.0
High Point,2024,31,25,,53.6,49.6,33.7,34.4,68.5,-4.2,,,,,,,,,,,,,
Georgia Tech,2024,32,14,,48.6,49.5,32.6,32.6,67.4,-5.7,,,,,,,,,,,,,43.0
West Virginia,2024,32,9,,47.8,51.9,34.9,34.9,68.3,-9.5,,,,,,,,,,,,,
UC San Diego,2024,30,21,,52.3,50.2,34.5,33.7,65.3,-6.2,,,,,,,,,,,,,
Arizona St.,2024,32,14,,48.6,52.2,30.1,34.0,69.0,-5.6,,,,,,,,,,,,,34.0
Notre Dame,2024,33,13,,47.5,47.8,31.8,32.5,64.2,-7.8,,,,,,,,,,,,,
Drexel,2024,31,20,,50.3,48.2,34.1,31.4,64.5,-6.5,,,,,,,,,,,,,
Seattle,2024,32,19,,50.1,47.4,34.3,29.7,66.7,-8.4,,,,,,,,,,,,,
Sam Houston St.,2024,31,21,,46.5,50.5,35.1,32.5,67.7,-5.7,,,,,,,,,,,,,
Wichita St.,2024,33,15,,49.9,48.1,33.0,32.7,68.1,-11.1,,,,,,,,,,,,,
Missouri,2024,32,8,,51.8,51.2,31.9,34.4,66.6,-11.3,,,,,,,,,,,,,38.0
Arkansas St.,2024,34,18,,51.3,49.4,34.9,35.4,68.0,-8.8,,,,,,,,,,,,,
Youngstown St.,2024,28,22,,52.2,47.9,31.9,34.0,68.8,-6.0,,,,,,,,,,,,,
Louisiana Lafayette,2024,31,19,,51.7,53.7,32.6,27.9,68.5,-8.5,,,,,,,,,,,,,
UNC Greensboro,2024,30,21,,49.2,48.0,38.9,34.3,64.7,-5.6,,,,,,,,,,,,,
Towson,2024,33,20,,46.4,47.4,32.8,33.3,62.1,-7.3,,,,,,,,,,,,,
St. Thomas,2024,30,20,,55.0,52.8,35.7,33.8,62.9,-9.1,,,,,,,,,,,,,
Toledo,2024,32,20,,52.0,56.4,37.7,34.2,69.2,-6.3,,,,,,,,,,,,,
Ohio,2024,32,20,,51.9,48.4,35.1,33.8,67.3,-9.1,,,,,,,,,,,,,
Tarleton St.,2024,29,23,,49.5,50.5,33.4,33.6,66.3,-3.0,,,,,,,,,,,,,
Missouri St.,2024,33,17,,51.2,47.0,31.4,33.0,67.8,-7.9,,,,,,,,,,,,,
Tulane,2024,30,14,,54.5,50.2,35.5,34.9,72.8,-9.4,,,,,,,,,,,,,
Liberty,2024,29,18,,55.0,51.9,35.7,32.3,64.4,-8.2,,,,,,,,,,,,,38.0
Wright St.,2024,30,18,,58.8,55.0,38.4,37.1,71.4,-9.3,,,,,,,,,,,,,
Oregon St.,2024,31,13,,49.9,52.3,33.1,33.2,65.1,-7.7,,,,,,,,,,,,,
Murray St.,2024,31,12,,51.3,53.8,31.6,37.0,64.4,-12.3,,,,,,,,,,,,,
Wyoming,2024,30,15,,49.0,53.7,36.1,34.4,67.1,-7.3,,,,,,,,,,,,,
Furman,2024,30,17,,54.3,53.9,33.2,34.1,68.8,-10.2,,,,,,,,,,,,,
Chattanooga,2024,31,21,,56.1,47.9,35.7,35.1,66.8,-6.9,,,,,,,,,,,,,41.0
Montana,2024,31,23,,55.1,50.3,35.8,35.2,66.1,-5.8,,,,,,,,,,,,,
Delaware,2024,32,19,,53.2,49.7,33.0,31.3,67.3,-9.1,,,,,,,,,,,,,
UC Davis,2024,31,20,,50.8,49.1,32.9,32.7,67.1,-8.3,,,,,,,,,,,,,
Quinnipiac,2024,32,24,,49.8,47.5,34.7,34.0,71.1,-5.3,,,,,,,,,,,,,
UTEP,2024,31,18,,48.8,53.2,31.0,32.1,69.5,-10.6,,,,,,,,,,,,,
Stony Brook,2024,34,20,,48.6,48.4,35.5,34.8,67.3,-7.8,,,,,,,,,,,,,
Weber St.,2024,29,20,,53.9,55.2,34.5,35.4,65.4,-7.1,,,,,,,,,,,,,38.0
Eastern Washington,2024,30,21,,58.7,51.0,36.8,36.9,70.4,-4.7,,,,,,,,,,,,,
Winthrop,2024,29,17,,52.8,50.6,33.7,32.0,66.9,-9.4,,,,,,,,,,,,,
East Carolina,2024,32,15,,48.1,52.5,31.2,33.1,64.8,-10.8,,,,,,,,,,,,,
UMass Lowell,2024,29,22,,51.3,49.1,32.3,29.2,69.7,-6.0,,,,,,,,,,,,,
UNC Asheville,2024,31,22,,50.5,50.6,36.4,32.9,68.1,-6.7,,,,,,,,,,,,,
Bryant,2024,31,20,,51.7,45.0,32.7,30.8,74.1,-7.2,,,,,,,,,,,,,
Kent St.,2024,32,17,,48.5,52.6,36.0,33.0,66.6,-11.5,,,,,,,,,,,,,
Texas A&M Corpus Chris,2024,28,21,,47.4,48.2,30.4,31.0,68.7,-6.4,,,,,,,,,,,,,
Hawaii,2024,32,20,,53.8,49.3,34.0,30.8,65.9,-9.2,,,,,,,,,,,,,
Little Rock,2024,33,21,,53.1,48.0,34.1,32.0,68.8,-9.6,,,,,,,,,,,,,
La Salle,2024,32,16,,47.6,49.3,34.5,35.8,66.6,-9.6,,,,,,,,,,,,,
Saint Louis,2024,32,13,,49.6,53.9,36.4,36.6,69.4,-10.8,,,,,,,,,,,,,
Fort Wayne,2024,31,21,,53.4,52.8,36.3,32.8,70.6,-7.9,,,,,,,,,,,,,
Georgetown,2024,32,9,,46.3,57.4,34.6,35.3,66.6,-10.4,,,,,,,,,,,,,
Brown,2024,30,13,,49.2,52.2,33.7,33.1,67.2,-11.7,,,,,,,,,,,,,
Illinois Chicago,2024,32,12,,48.4,49.2,36.0,32.2,68.1,-13.3,,,,,,,,,,,,,
Utah Valley,2024,30,16,,48.9,47.6,28.5,32.6,67.6,-9.8,,,,,,,,,,,,,
Loyola Marymount,2024,30,12,,49.2,49.8,36.8,34.3,64.8,-11.8,,,,,,,,,,,,,
Fordham,2024,33,13,,46.2,48.9,31.5,35.9,68.8,-12.4,,,,,,,,,,,,,
East Tennessee St.,2024,33,19,,47.1,51.2,31.2,33.7,66.9,-9.7,,,,,,,,,,,,,
Rice,2024,31,11,,50.9,50.0,33.2,37.9,65.8,-12.9,,,,,,,,,,,,,
Fairfield,2024,33,22,,49.9,53.0,36.4,34.0,68.3,-8.0,,,,,,,,,,,,,
Temple,2024,35,16,,44.9,51.3,31.7,32.6,66.8,-11.7,,,,,,,,,,,,,
Vanderbilt,2024,32,9,,47.4,51.0,28.3,37.4,65.6,-10.5,,,,,,,,,,,,,
Pepperdine,2024,31,13,,49.5,53.4,35.6,38.4,67.5,-12.1,,,,,,,,,,,,,
Stephen F. Austin,2024,31,18,,49.2,46.0,33.2,37.1,69.3,-9.6,,,,,,,,,,,,,
Gardner Webb,2024,30,17,,47.4,50.0,34.8,34.0,69.4,-10.1,,,,,,,,,,,,,
UMKC,2024,29,16,,48.9,52.7,33.4,32.4,66.4,-11.0,,,,,,,,,,,,,
Louisville,2024,32,8,,49.4,53.8,30.6,37.2,69.5,-12.5,,,,,,,,,,,,,
Illinois St.,2024,31,15,,50.4,52.3,28.8,32.5,63.7,-10.0,,,,,,,,,,,,,
Rhode Island,2024,31,12,,51.1,52.0,34.9,35.7,68.6,-12.0,,,,,,,,,,,,,
Monmouth,2024,33,18,,47.8,49.3,34.8,34.0,67.7,-8.4,,,,,,,,,,,,,
Penn,2024,27,11,,51.2,53.9,35.3,36.1,65.5,-11.2,,,,,,,,,,,,,
Texas St.,2024,33,17,,47.1,50.6,31.4,32.1,66.3,-10.3,,,,,,,,,,,,,
Eastern Kentucky,2024,28,17,,48.8,45.6,36.1,38.7,68.4,-9.4,,,,,,,,,,,,,
Northern Kentucky,2024,31,18,,52.2,54.5,31.6,31.2,67.9,-9.5,,,,,,,,,,,,,
Columbia,2024,24,13,,50.2,54.1,37.4,33.9,68.5,-9.9,,,,,,,,,,,,,
George Washington,2024,31,15,,49.9,48.3,35.8,34.7,70.0,-10.0,,,,,,,,,,,,,
Tulsa,2024,30,16,,51.7,50.0,32.1,32.7,70.4,-9.2,,,,,,,,,,,,,
Northern Colorado,2024,30,19,,56.7,52.7,36.0,35.8,69.9,-9.0,,,,,,,,,,,,,
Cleveland St.,2024,33,20,,49.7,55.1,33.5,30.5,67.3,-8.7,,,,,,,,,,,,,
Radford,2024,31,16,,49.4,52.4,35.7,32.4,63.5,-11.1,,,,,,,,,,,,,
Jacksonville St.,2024,29,14,,48.3,49.4,32.2,34.9,64.6,-13.0,,,,,,,,,,,,,
Northeastern,2024,32,12,,53.3,52.3,31.8,37.5,65.7,-14.1,,,,,,,,,,,,,
Harvard,2024,26,14,,49.9,49.5,33.8,33.9,67.5,-7.5,,,,,,,,,,,,,
Mercer,2024,30,16,,48.8,51.2,35.4,34.2,65.9,-11.5,,,,,,,,,,,,,
Abilene Christian,2024,31,15,,45.3,53.0,34.2,33.3,68.5,-11.3,,,,,,,,,,,,,
Evansville,2024,32,16,,49.8,52.0,33.7,35.9,68.6,-9.0,,,,,,,,,,,,,
Marist,2024,31,18,,49.3,46.8,35.6,31.8,64.5,-10.0,,,,,,,,,,,,,
Lipscomb,2024,30,20,,55.7,52.8,38.1,36.5,69.2,-7.2,,,,,,,,,,,,,
UC Riverside,2024,32,16,,44.6,52.0,32.3,35.3,66.8,-11.7,,,,,,,,,,,,,
Rider,2024,31,15,,46.6,47.7,33.7,34.4,67.8,-11.0,,,,,,,,,,,,,
San Jose St.,2024,31,9,,51.5,52.3,34.2,38.9,65.7,-13.8,,,,,,,,,,,,,
North Dakota,2024,29,18,,51.5,52.2,32.3,35.2,66.6,-10.0,,,,,,,,,,,,,
South Alabama,2024,29,16,,50.0,52.3,35.1,31.9,68.0,-11.0,,,,,,,,,,,,,
Wofford,2024,29,17,,53.4,50.0,35.5,35.7,65.5,-9.0,,,,,,,,,,,,,
Merrimack,2024,31,21,,52.2,46.1,31.1,30.9,67.2,-7.7,,,,,,,,,,,,,
Mount St. Mary's,2024,32,13,,53.3,48.0,35.2,34.6,68.9,-14.8,,,,,,,,,,,,,
Cal Baptist,2024,31,16,,45.7,48.4,32.9,34.3,63.5,-12.0,,,,,,,,,,,,,
Air Force,2024,31,9,,53.6,53.7,36.1,36.6,61.9,-13.5,,,,,,,,,,,,,
Cal St. Fullerton,2024,30,14,,47.7,51.3,32.2,31.8,66.3,-11.6,,,,,,,,,,,,,
Georgia St.,2024,29,14,,48.6,51.2,32.2,30.8,67.9,-11.6,,,,,,,,,,,,,
Iona,2024,33,16,,48.2,54.1,35.3,34.0,66.9,-12.5,,,,,,,,,,,,,
Fresno St.,2024,32,12,,52.6,51.8,33.2,36.9,65.5,-11.3,,,,,,,,,,,,,
Tennessee Martin,2024,28,21,,48.2,49.4,36.2,32.8,72.7,-6.9,,,,,,,,,,,,,
Bowling Green,2024,31,20,,50.0,49.0,29.5,36.8,67.5,-9.4,,,,,,,,,,,,,
North Florida,2024,29,16,,53.3,52.3,35.9,35.5,67.1,-11.4,,,,,,,,,,,,,
Nicholls St.,2024,31,20,,48.9,50.7,36.8,32.1,66.2,-7.9,,,,,,,,,,,,,
UTSA,2024,31,11,,46.9,49.8,33.4,37.0,70.5,-14.6,,,,,,,,,,,,,
Lamar,2024,31,19,,50.2,48.8,34.8,33.3,68.3,-9.8,,,,,,,,,,,,,
Florida Gulf Coast,2024,29,14,,50.8,52.0,36.2,35.9,63.8,-13.2,,,,,,,,,,,,,
UC Santa Barbara,2024,29,16,,53.4,51.8,35.4,32.1,67.2,-10.5,,,,,,,,,,,,,
Marshall,2024,32,13,,47.1,49.8,31.0,36.2,70.5,-13.9,,,,,,,,,,,,,
Cal St. Northridge,2024,32,19,,50.3,47.2,30.0,33.1,72.6,-10.4,,,,,,,,,,,,,
Austin Peay,2024,31,19,,48.9,54.1,36.2,34.3,64.2,-10.4,,,,,,,,,,,,,
Milwaukee,2024,33,20,,52.7,50.2,32.2,34.2,69.8,-9.9,,,,,,,,,,,,,
Portland St.,2024,29,17,,45.6,51.1,32.4,35.6,69.2,-10.9,,,,,,,,,,,,,
Cal St. Bakersfield,2024,30,13,,46.6,49.1,32.1,34.3,64.7,-13.7,,,,,,,,,,,,,
San Diego,2024,31,18,,47.4,53.7,34.8,33.9,71.1,-7.8,,,,,,,,,,,,,35.0
Idaho St.,2024,32,14,,52.6,54.7,32.2,36.0,63.8,-15.3,,,,,,,,,,,,,
Miami OH,2024,30,15,,48.7,50.5,36.2,31.5,67.3,-12.4,,,,,,,,,,,,,
Maine,2024,31,15,,49.3,50.6,29.7,32.3,65.5,-12.0,,,,,,,,,,,,,
Albany,2024,31,13,,51.0,54.6,32.9,29.3,73.0,-13.9,,,,,,,,,,,,,
Norfolk St.,2024,29,22,,49.1,48.4,32.7,34.3,66.5,-6.9,,,,,,,,,,,,,
Southern,2024,29,18,,49.9,51.5,32.5,32.2,67.7,-8.2,,,,,,,,,,,,,
UMBC,2024,31,11,,52.6,52.2,35.3,31.3,73.2,-16.8,,,,,,,,,,,,,
Southern Miss,2024,30,16,,47.2,48.9,33.8,35.7,67.7,-10.9,,,,,,,,,,,,,
Southern Utah,2024,29,10,,50.8,53.0,29.4,34.3,69.5,-15.3,,,,,,,,,,,,,
Queens,2024,31,14,,50.1,55.8,33.0,34.2,72.7,-13.5,,,,,,,,,,,,,
Canisius,2024,31,14,,49.7,51.0,32.9,34.4,67.0,-13.2,,,,,,,,,,,,,
Green Bay,2024,30,18,,53.7,51.6,34.0,30.2,63.5,-9.1,,,,,,,,,,,,,
Ball St.,2024,29,15,,48.7,50.6,36.1,35.1,66.6,-12.5,,,,,,,,,,,,,
North Dakota St.,2024,29,15,,51.4,52.8,37.7,36.8,65.6,-11.9,,,,,,,,,,,,,
North Carolina Central,2024,27,18,,49.8,51.5,33.2,29.7,66.4,-9.5,,,,,,,,,,,,,
North Alabama,2024,30,15,,47.9,50.6,35.6,35.4,67.7,-12.0,,,,,,,,,,,,,
Western Illinois,2024,29,21,,46.0,46.8,31.7,30.4,64.6,-8.0,,,,,,,,,,,,,
Middle Tennessee,2024,31,14,,45.6,49.0,31.1,33.8,65.3,-13.2,,,,,,,,,,,,,
Central Michigan,2024,31,18,,47.7,47.7,30.1,31.2,65.3,-8.1,,,,,,,,,,,,,
Nebraska Omaha,2024,29,15,,50.5,53.3,31.6,35.7,67.3,-13.3,,,,,,,,,,,,,
Georgia Southern,2024,33,9,,49.3,51.4,35.2,35.5,68.8,-17.8,,,,,,,,,,,,,
Bucknell,2024,33,14,,50.2,50.1,33.8,32.4,64.8,-14.5,,,,,,,,,,,,,
Lehigh,2024,30,14,,50.2,50.7,32.2,35.6,70.0,-13.4,,,,,,,,,,,,,
Binghamton,2024,28,15,,51.4,48.4,29.9,35.0,66.5,-10.6,,,,,,,,,,,,,
Portland,2024,31,12,,49.9,53.9,34.1,38.0,67.6,-13.3,,,,,,,,,,,,,
Utah Tech,2024,30,11,,50.2,50.1,33.7,33.9,70.2,-14.0,,,,,,,,,,,,,
New Mexico St.,2024,28,13,,47.0,50.0,31.2,34.7,66.2,-12.5,,,,,,,,,,,,,
Oral Roberts,2024,28,12,,49.1,50.0,36.0,35.8,67.6,-13.4,,,,,,,,,,,,,
New Hampshire,2024,30,16,,48.1,53.5,31.8,30.5,71.3,-9.3,,,,,,,,,,,,,
Kennesaw St.,2024,28,15,,53.0,51.3,32.9,37.2,74.0,-12.5,,,,,,,,,,,,,
Central Connecticut,2024,29,20,,50.8,48.2,32.8,34.8,66.7,-8.1,,,,,,,,,,,,,
USC Upstate,2024,27,10,,50.2,53.0,32.5,33.5,67.0,-15.2,,,,,,,,,,,,,
Denver,2024,30,17,,51.2,54.4,35.1,36.8,70.4,-12.2,,,,,,,,,,,,,
Presbyterian,2024,29,14,,52.1,52.7,33.1,34.9,67.4,-14.0,,,,,,,,,,,,,
The Citadel,2024,29,11,,51.3,54.1,32.8,35.2,65.3,-15.7,,,,,,,,,,,,,
Texas Southern,2024,31,16,,47.1,47.9,31.1,32.4,67.5,-10.6,,,,,,,,,,,,,
Niagara,2024,31,16,,51.2,52.1,35.9,35.0,67.2,-12.3,,,,,,,,,,,,,
SIU Edwardsville,2024,30,17,,46.2,49.2,32.5,36.2,66.8,-12.0,,,,,,,,,,,,,
DePaul,2024,32,3,,47.0,56.1,33.5,38.1,67.7,-14.8,,,,,,,,,,,,,
FIU,2024,32,11,,49.9,52.9,32.9,40.3,70.2,-16.3,,,,,,,,,,,,,
Louisiana Monroe,2024,28,11,,45.6,51.7,28.5,35.8,67.0,-13.3,,,,,,,,,,,,,
Old Dominion,2024,31,7,,47.5,50.0,31.8,35.5,69.8,-19.3,,,,,,,,,,,,,
Valparaiso,2024,31,7,,45.0,55.0,32.1,35.8,67.8,-17.3,,,,,,,,,,,,,
Sacred Heart,2024,30,16,,50.2,50.6,35.9,35.3,69.2,-12.7,,,,,,,,,,,,,
Boston University,2024,32,16,,46.8,48.7,32.8,34.6,65.8,-14.1,,,,,,,,,,,,,
Tennessee St.,2024,29,18,,49.8,48.6,31.3,32.7,68.3,-11.4,,,,,,,,,,,,,
South Carolina St.,2024,30,14,,44.5,53.3,32.3,33.6,68.8,-12.9,,,,,,,,,,,,,
American,2024,31,16,,52.8,51.9,34.7,36.9,62.9,-12.4,,,,,,,,,,,,,
Jacksonville,2024,30,16,,47.7,51.5,33.8,35.7,65.7,-11.9,,,,,,,,,,,,,
Alcorn St.,2024,31,14,,48.0,54.0,34.2,37.5,66.6,-11.4,,,,,,,,,,,,,
Delaware St.,2024,31,15,,45.8,49.0,31.2,35.8,68.7,-14.0,,,,,,,,,,,,,
Bellarmine,2024,28,8,,48.3,55.1,33.6,35.0,65.0,-17.4,,,,,,,,,,,,,
Campbell,2024,29,14,,52.0,52.9,34.6,34.1,66.3,-13.7,,,,,,,,,,,,,
Northern Illinois,2024,29,11,,50.2,51.8,32.7,36.7,68.2,-14.1,,,,,,,,,,,,,
Chicago St.,2024,27,12,,46.1,55.3,29.9,32.5,65.2,-12.4,,,,,,,,,,,,,
Southeastern Louisiana,2024,29,15,,46.6,52.2,34.1,33.4,64.7,-11.7,,,,,,,,,,,,,
Le Moyne,2024,29,15,,49.2,51.0,34.1,33.4,67.4,-13.7,,,,,,,,,,,,,
Sacramento St.,2024,32,10,,48.7,55.1,32.4,35.0,63.9,-18.9,,,,,,,,,,,,,
Jackson St.,2024,32,15,,46.2,52.4,32.5,35.2,68.7,-11.6,,,,,,,,,,,,,
Elon,2024,30,13,,48.8,54.5,35.2,34.2,67.6,-14.0,,,,,,,,,,,,,
Idaho,2024,30,11,,50.2,53.4,33.5,35.8,64.8,-16.6,,,,,,,,,,,,,
William & Mary,2024,31,10,,48.6,52.5,32.1,34.5,65.8,-18.6,,,,,,,,,,,,,
Bethune Cookman,2024,31,17,,46.9,49.0,31.8,34.3,69.4,-12.4,,,,,,,,,,,,,
Coastal Carolina,2024,29,9,,50.0,50.6,32.1,33.0,69.3,-17.6,,,,,,,,,,,,,
South Dakota,2024,29,12,,49.6,52.3,37.6,36.2,68.8,-16.4,,,,,,,,,,,,,
Robert Morris,2024,30,10,,50.0,54.3,33.8,34.3,67.0,-17.2,,,,,,,,,,,,,
Northern Arizona,2024,33,14,,50.7,55.4,31.2,32.0,68.2,-13.5,,,,,,,,,,,,,
Western Michigan,2024,31,12,,48.4,50.8,32.8,34.1,68.4,-15.1,,,,,,,,,,,,,
Northwestern St.,2024,30,9,,48.0,53.8,31.3,32.6,67.5,-18.3,,,,,,,,,,,,,
Eastern Illinois,2024,28,14,,43.6,51.1,31.8,35.8,66.5,-13.1,,,,,,,,,,,,,
Charleston Southern,2024,27,10,,44.1,52.3,31.4,31.9,66.7,-14.1,,,,,,,,,,,,,
Alabama St.,2024,29,13,,40.4,47.6,28.0,34.1,67.1,-13.8,,,,,,,,,,,,,
Lafayette,2024,31,11,,47.0,46.6,31.2,34.3,65.2,-16.9,,,,,,,,,,,,,
Eastern Michigan,2024,29,13,,48.7,54.7,30.8,31.9,65.3,-14.0,,,,,,,,,,,,,
Southern Indiana,2024,29,8,,44.5,49.3,31.6,33.3,69.0,-19.2,,,,,,,,,,,,,
NJIT,2024,27,7,,44.7,52.3,29.6,35.0,66.4,-16.7,,,,,,,,,,,,,
Navy,2024,30,13,,43.8,50.9,29.6,32.9,65.4,-15.3,,,,,,,,,,,,,
Hampton,2024,30,9,,46.9,52.1,30.9,33.9,69.7,-20.0,,,,,,,,,,,,,
New Orleans,2024,29,10,,45.5,54.9,30.2,35.5,71.2,-17.9,,,,,,,,,,,,,
Dartmouth,2024,25,6,,48.2,53.2,31.2,37.0,65.0,-15.8,,,,,,,,,,,,,
Arkansas Pine Bluff,2024,27,13,,48.4,56.0,36.5,31.4,71.9,-13.3,,,,,,,,,,,,,
UT Rio Grande Valley,2024,29,6,,45.8,54.2,29.0,33.9,71.2,-19.3,,,,,,,,,,,,,
Alabama A&M,2024,33,11,,46.6,46.7,28.5,35.7,70.3,-17.6,,,,,,,,,,,,,
Morgan St.,2024,28,11,,49.3,51.6,28.2,35.3,70.6,-15.4,,,,,,,,,,,,,
Manhattan,2024,29,7,,47.4,52.2,31.3,36.7,68.3,-18.3,,,,,,,,,,,,,
Central Arkansas,2024,30,9,,45.2,51.9,34.2,37.9,69.1,-18.9,,,,,,,,,,,,,
Fairleigh Dickinson,2024,30,15,,46.7,52.4,31.8,35.7,72.2,-13.8,,,,,,,,,,,,,
Texas A&M Commerce,2024,30,13,,47.6,52.4,29.4,35.0,66.1,-13.9,,,,,,,,,,,,,
Cal Poly,2024,31,4,,44.1,50.8,33.0,35.6,65.7,-23.2,,,,,,,,,,,,,
LIU Brooklyn,2024,29,7,,46.3,53.0,31.0,31.1,70.3,-18.3,,,,,,,,,,,,,
North Carolina A&T,2024,32,7,,44.4,55.5,28.7,35.2,67.9,-19.0,,,,,,,,,,,,,
Loyola MD,2024,31,7,,46.1,53.3,32.7,35.6,65.7,-20.8,,,,,,,,,,,,,
Buffalo,2024,30,4,,51.6,53.5,27.5,36.5,68.9,-22.0,,,,,,,,,,,,,
Incarnate Word,2024,29,8,,48.3,50.2,32.0,36.7,69.9,-19.3,,,,,,,,,,,,,
Florida A&M,2024,27,6,,46.0,51.1,34.1,35.3,68.1,-16.8,,,,,,,,,,,,,
Army,2024,30,10,,46.5,50.6,31.8,33.2,63.0,-19.5,,,,,,,,,,,,,
Detroit,2024,32,1,,50.4,56.1,28.1,37.1,67.0,-24.8,,,,,,,,,,,,,
Tennessee Tech,2024,28,10,,49.2,52.7,32.3,34.8,65.6,-17.2,,,,,,,,,,,,,
Prairie View A&M,2024,29,10,,45.6,54.1,30.4,35.2,70.8,-16.0,,,,,,,,,,,,,
Holy Cross,2024,32,10,,48.7,50.7,35.0,38.7,65.7,-19.3,,,,,,,,,,,,,
Maryland Eastern Shore,2024,25,9,,43.3,51.7,28.3,33.0,67.1,-16.4,,,,,,,,,,,,,
Pacific,2024,30,6,,46.0,58.2,31.5,35.7,68.3,-19.1,,,,,,,,,,,,,
Houston Christian,2024,27,6,,47.9,55.5,29.5,34.0,71.5,-17.1,,,,,,,,,,,,,
Southeast Missouri St.,2024,27,9,,45.1,54.0,30.0,31.5,69.2,-18.3,,,,,,,,,,,,,
Lindenwood,2024,28,9,,43.2,52.5,29.0,37.6,67.4,-18.1,,,,,,,,,,,,,
Siena,2024,32,4,,46.1,51.3,28.0,35.2,65.9,-23.6,,,,,,,,,,,,,
VMI,2024,29,4,,46.7,54.5,29.7,36.2,74.7,-22.6,,,,,,,,,,,,,
Stonehill,2024,30,4,,47.9,51.7,30.1,35.9,68.1,-22.0,,,,,,,,,,,,,
St. Francis PA,2024,28,8,,45.7,52.9,33.2,35.4,65.4,-18.6,,,,,,,,,,,,,
IUPUI,2024,29,6,,49.5,59.0,24.7,38.0,67.3,-21.6,,,,,,,,,,,,,
Coppin St.,2024,29,2,,41.9,51.0,28.3,34.5,66.3,-22.9,,,,,,,,,,,,,
Mississippi Valley St.,2024,31,1,,41.9,55.6,29.2,37.0,64.5,-22.7,,,,,,,,,,,,,
