YEAR,DayNum,TEAM_A,TEAM_B,TEAM_A_WIN,SEED_DIFF,2P_O_DIFF,2P_D_DIFF,3P_O_DIFF,3P_D_DIFF,ADJ_T_DIFF,WAB_DIFF,KADJ_O_DIFF,KADJ_D_DIFF,BARTHAG_DIFF,EFG%_DIFF,EFG%D_DIFF,TOV%_DIFF,TOV%D_DIFF,OREB%_DIFF,DREB%_DIFF,FTR_DIFF,FTRD_DIFF,POWER_RATING_DIFF
2016,134,Fairleigh Dickinson,Florida Gulf Coast,0,0.0,-2.0,3.8000000000000043,2.1999999999999957,4.199999999999999,4.5,-1.5,1.918999999999997,10.275999999999996,-0.239,0.3999999999999986,3.8999999999999986,1.0,4.800000000000001,-2.6000000000000014,-8.5,-2.799999999999997,10.399999999999999,-4.700000000000003
2016,134,Wichita St.,Vanderbilt,1,0.0,-0.8999999999999986,-0.5,-5.900000000000006,3.3000000000000043,-1.9000000000000057,0.5,-2.7150000000000034,-3.9462999999999937,0.0,-3.8999999999999986,1.3999999999999986,-2.0,8.899999999999999,4.5,5.800000000000011,-1.7000000000000028,11.199999999999996,1.0
2016,135,Holy Cross,Southern,1,0.0,-0.3999999999999986,5.099999999999994,-1.1999999999999957,3.5,-4.900000000000006,-6.4,-3.869100000000003,2.308000000000007,-0.10000000000000003,-0.8000000000000043,5.5,0.3000000000000007,0.5,-4.599999999999998,2.1000000000000085,-2.6000000000000014,-5.900000000000006,-1.2000000000000028
2016,135,Tulsa,Michigan,0,0.0,-1.5,-6.100000000000001,-5.399999999999999,1.1999999999999957,3.1000000000000085,-2.0,-3.7419999999999902,-0.9760000000000133,-0.08699999999999997,-4.600000000000001,-2.9000000000000057,0.8000000000000007,2.900000000000002,3.6000000000000014,-4.1000000000000085,11.600000000000001,7.9999999999999964,0.30000000000001137
2016,136,Purdue,Arkansas Little Rock,0,-7.0,3.8999999999999986,-2.8000000000000043,-1.5,0.5,5.1000000000000085,2.3000000000000003,8.049000000000007,-3.2182999999999993,0.15000000000000002,1.3000000000000043,-0.8000000000000043,1.5999999999999996,-7.599999999999998,8.399999999999999,6.799999999999997,3.700000000000003,-10.599999999999998,9.799999999999997
2016,136,Butler,Texas Tech,1,1.0,0.6999999999999957,1.8999999999999986,4.699999999999996,-1.8000000000000043,2.0,0.7,3.471999999999994,2.3468000000000018,0.05700000000000005,2.6000000000000014,0.10000000000000142,-3.1999999999999993,-0.29999999999999716,1.0999999999999979,4.6000000000000085,-3.3000000000000043,3.3000000000000043,2.9000000000000057
2016,136,Colorado,Connecticut,0,-1.0,-6.0,2.299999999999997,2.1000000000000014,2.6999999999999957,3.0,-0.5,-2.8659999999999997,2.2958,-0.07099999999999995,-3.6000000000000014,2.6999999999999957,2.3000000000000007,-2.700000000000001,5.899999999999999,4.6000000000000085,10.3,1.0,-3.799999999999997
2016,136,Duke,UNC Wilmington,1,-9.0,0.0,2.799999999999997,4.100000000000001,0.10000000000000142,-2.5999999999999943,4.9,11.735,-1.0592000000000041,0.21100000000000008,2.5,2.299999999999997,-1.6999999999999993,-2.400000000000002,1.8999999999999986,-4.599999999999994,4.300000000000004,-28.9,9.599999999999994
2016,136,Seton Hall,Gonzaga,0,-5.0,-5.5,-0.10000000000000142,-3.0999999999999943,1.3999999999999986,2.200000000000003,3.1999999999999997,-5.006999999999991,-3.4003000000000014,-0.01100000000000001,-5.099999999999994,0.19999999999999574,3.0,4.299999999999999,3.1000000000000014,-4.799999999999997,4.700000000000003,5.400000000000002,-1.5
2016,136,Chattanooga,Indiana,0,7.0,-5.399999999999999,1.5,-6.0,-0.5999999999999943,-2.200000000000003,-2.8000000000000003,-13.698999999999998,1.6795000000000044,-0.261,-6.800000000000004,0.29999999999999716,-1.9000000000000021,1.4000000000000021,-5.300000000000004,-0.20000000000000284,8.700000000000003,1.5,-10.800000000000011
2016,136,Iowa St.,Iona,1,-10.0,4.200000000000003,3.5,1.7000000000000028,-2.299999999999997,-0.29999999999999716,7.2,10.430999999999997,-2.8104000000000013,0.246,3.0,1.0,-1.6000000000000014,-2.299999999999997,-2.099999999999998,0.5999999999999943,-7.0,-12.000000000000004,8.299999999999997
2016,136,Kansas,Austin Peay,1,-15.0,1.7000000000000028,-9.899999999999999,6.599999999999994,-3.8999999999999986,-0.4000000000000057,22.9,16.37400000000001,-18.528999999999996,0.6339999999999999,4.399999999999999,-8.300000000000004,-2.599999999999998,0.3000000000000007,0.40000000000000213,0.9000000000000057,-7.5,6.100000000000001,25.700000000000003
2016,136,Kentucky,Stony Brook,1,-9.0,2.1999999999999957,-3.0999999999999943,-0.6000000000000014,-1.5,0.4000000000000057,6.1,15.027000000000001,-1.6350999999999942,0.246,0.5,-2.3999999999999986,-1.0999999999999979,-0.6000000000000014,3.3999999999999986,-5.900000000000006,5.799999999999997,13.799999999999997,13.600000000000009
2016,136,Miami FL,Buffalo,1,-11.0,4.200000000000003,-1.8999999999999986,3.799999999999997,0.10000000000000142,-5.900000000000006,12.7,13.307000000000002,-6.830500000000001,0.376,4.299999999999997,-1.7999999999999972,-2.8999999999999986,-0.1999999999999993,-1.7000000000000028,-0.6000000000000085,-1.7000000000000028,-8.3,11.399999999999991
2016,136,North Carolina,Florida Gulf Coast,1,-15.0,2.3999999999999986,-3.6999999999999957,-1.5,5.0000000000000036,3.700000000000003,17.0,18.221999999999994,-11.206100000000006,0.46199999999999997,0.8999999999999986,-0.7000000000000028,-1.4999999999999982,2.400000000000002,8.299999999999997,-2.4000000000000057,-4.199999999999996,-6.400000000000002,22.5
2016,136,Providence,USC,1,1.0,-1.3999999999999986,3.1999999999999957,-6.600000000000001,-0.20000000000000284,-2.799999999999997,3.1999999999999997,-4.579999999999998,-3.3884999999999934,-0.02200000000000002,-3.8999999999999986,1.5,-0.1999999999999993,3.8000000000000007,-1.5,1.7000000000000028,2.4000000000000057,-0.6999999999999993,1.0999999999999943
2016,136,Utah,Fresno St.,1,-11.0,8.5,-3.8999999999999986,1.8999999999999986,4.100000000000001,-2.8999999999999915,6.5,8.588999999999999,-2.8248999999999995,0.22299999999999998,7.0,-1.1000000000000014,2.9000000000000004,-5.600000000000001,-1.3000000000000007,1.0,0.29999999999999716,-23.0,10.0
2016,136,Hampton,Virginia,0,15.0,-5.300000000000004,1.2000000000000028,-9.799999999999997,-0.9000000000000057,10.000000000000007,-14.899999999999999,-20.472099999999998,15.432200000000009,-0.6849999999999999,-7.199999999999996,-0.7000000000000028,3.599999999999998,-2.8000000000000007,4.299999999999997,-1.5,9.600000000000001,2.6999999999999957,-23.900000000000006
2016,136,Wichita St.,Arizona,1,5.0,-3.0,-3.6000000000000014,-5.800000000000004,1.1000000000000014,-2.299999999999997,-3.1999999999999997,-5.625,-4.893299999999996,0.014000000000000012,-4.199999999999996,-1.7999999999999972,-3.099999999999998,7.0,-3.200000000000003,1.3000000000000114,-6.300000000000004,16.2,-2.4000000000000057
2016,136,Baylor,Yale,0,-7.0,-1.6000000000000014,3.6000000000000014,1.3999999999999986,4.199999999999996,0.6000000000000085,3.6,9.245999999999995,3.1569999999999965,0.06499999999999995,-0.7999999999999972,4.700000000000003,-1.2000000000000028,1.6000000000000014,1.0,-4.799999999999997,-2.8999999999999986,4.300000000000004,5.299999999999997
2016,137,Hawaii,California,1,9.0,3.0,3.299999999999997,-4.099999999999994,-4.700000000000003,2.6000000000000085,-1.4000000000000001,-4.659000000000006,3.2445999999999913,-0.11499999999999999,0.0,0.8999999999999986,0.8999999999999986,5.799999999999999,-1.5,-1.0,4.699999999999996,2.0999999999999943,-7.599999999999994
2016,137,Temple,Iowa,0,3.0,-3.8000000000000043,-2.4000000000000057,-3.6999999999999957,-0.10000000000000142,-3.299999999999997,-2.1,-9.679000000000002,3.329099999999997,-0.19500000000000006,-4.899999999999999,-0.6999999999999957,-1.3000000000000007,-2.299999999999997,-3.299999999999997,1.6000000000000085,-6.299999999999997,3.400000000000002,-7.400000000000006
2016,137,South Dakota St.,Maryland,0,7.0,-6.099999999999994,1.6000000000000014,-0.10000000000000142,1.1999999999999957,1.2999999999999972,-5.2,-5.4680000000000035,5.6644000000000005,-0.14100000000000001,-4.200000000000003,1.0,-2.0,0.6000000000000014,2.1999999999999993,4.0,4.899999999999999,12.800000000000004,-8.800000000000011
2016,137,Middle Tennessee,Michigan St.,1,13.0,-3.6000000000000014,6.299999999999997,-4.199999999999996,3.700000000000003,0.9000000000000057,-10.4,-19.878,5.869199999999992,-0.33999999999999997,-4.200000000000003,5.899999999999999,-0.3000000000000007,5.199999999999999,-9.000000000000004,-1.2999999999999972,5.700000000000003,8.799999999999997,-16.799999999999997
2016,137,Northern Iowa,Texas,1,5.0,2.799999999999997,3.1000000000000014,3.1000000000000014,-2.1000000000000014,-2.5999999999999943,-5.300000000000001,-4.522999999999996,2.4893,-0.08199999999999996,4.0,1.1000000000000014,-0.20000000000000107,0.1999999999999993,-12.899999999999999,5.099999999999994,-6.900000000000006,-13.899999999999999,-4.5
2016,137,Notre Dame,Michigan,1,-5.0,0.29999999999999716,-4.600000000000001,-0.6000000000000014,2.1999999999999957,-0.7999999999999972,1.4999999999999998,4.596000000000004,3.168999999999997,-0.010000000000000009,-1.5,-2.0,0.10000000000000142,-2.8999999999999986,8.399999999999999,-5.0,4.800000000000004,0.09999999999999787,4.800000000000011
2016,137,Cal St. Bakersfield,Oklahoma,0,13.0,0.29999999999999716,-2.5,-7.900000000000006,-0.30000000000000426,-2.3999999999999915,-11.5,-13.914999999999992,4.435699999999997,-0.22899999999999998,-5.200000000000003,-1.6999999999999957,0.10000000000000142,4.199999999999999,3.5,0.20000000000000284,4.899999999999999,14.7,-15.0
2016,137,Oregon,Holy Cross,1,-15.0,5.399999999999999,-6.699999999999996,1.7999999999999972,0.5,4.400000000000006,21.2,22.593099999999993,-11.679500000000004,0.665,4.399999999999999,-4.200000000000003,-0.3000000000000007,0.6000000000000014,11.0,-1.7000000000000028,4.100000000000001,-1.5,21.200000000000003
2016,137,Stephen F. Austin,West Virginia,1,11.0,4.200000000000003,2.0,4.399999999999999,-0.30000000000000426,-2.700000000000003,-8.6,-5.051000000000002,6.458200000000005,-0.17199999999999993,5.299999999999997,0.8000000000000043,-1.4000000000000021,0.3999999999999986,-8.399999999999999,-2.5,-12.200000000000003,-14.699999999999996,-8.299999999999997
2016,137,Cincinnati,Saint Joseph's,0,1.0,-4.599999999999994,-7.900000000000006,2.0999999999999943,4.600000000000001,-4.900000000000006,-3.1,-3.4000000000000057,-5.923299999999998,0.018000000000000016,-2.299999999999997,-2.6000000000000014,2.099999999999998,4.400000000000002,8.499999999999996,-4.799999999999997,-4.200000000000003,2.3999999999999986,2.1000000000000085
2016,137,Dayton,Syracuse,0,-3.0,4.299999999999997,-4.399999999999999,-1.6000000000000014,4.199999999999999,3.0,2.6999999999999997,-4.423000000000002,-1.9163000000000068,-0.02200000000000002,1.6000000000000014,-0.6000000000000014,0.5,-2.700000000000003,-4.100000000000001,11.700000000000003,5.5,3.1000000000000014,-0.29999999999999716
2016,137,Green Bay,Texas A&M,0,11.0,-2.799999999999997,4.399999999999999,0.8999999999999986,3.0,8.899999999999991,-9.7,-5.934000000000012,11.883200000000002,-0.3500000000000001,-1.5,4.100000000000001,-1.5999999999999996,0.0,-3.6999999999999993,-1.7999999999999972,4.700000000000003,3.0,-10.599999999999994
2016,137,Oregon St.,VCU,0,-3.0,-3.200000000000003,1.3999999999999986,2.1999999999999957,-1.3000000000000043,-2.299999999999997,0.4,-0.14799999999999613,3.630199999999988,-0.09299999999999997,-1.0,0.3999999999999986,0.6000000000000014,-2.3999999999999986,-3.8999999999999986,-4.5,4.900000000000006,2.299999999999997,-5.5
2016,137,Villanova,UNC Asheville,1,-13.0,7.199999999999996,-8.0,4.100000000000001,4.299999999999997,-4.299999999999997,15.2,14.77000000000001,-7.764599999999987,0.4099999999999999,4.399999999999999,-2.4000000000000057,-2.200000000000003,-2.0,-3.0,0.7000000000000028,-8.100000000000001,-2.0,17.099999999999994
2016,137,Wisconsin,Pittsburgh,1,-3.0,-3.799999999999997,-3.6000000000000014,-0.10000000000000142,2.0,-2.200000000000003,-1.4,-3.714999999999989,-3.8789000000000016,-0.027000000000000024,-2.299999999999997,-2.0,-0.3999999999999986,1.6999999999999993,-3.799999999999997,-0.7000000000000028,3.1000000000000014,1.6999999999999957,2.5
2016,137,Weber St.,Xavier,0,13.0,5.5,-3.3999999999999986,-0.7999999999999972,4.5,-4.700000000000003,-11.4,-13.503,5.465199999999996,-0.32900000000000007,3.3999999999999986,-0.6999999999999957,2.1999999999999993,-3.8999999999999986,-9.700000000000003,1.0999999999999943,3.700000000000003,-5.599999999999998,-14.400000000000006
2016,138,Duke,Yale,1,-8.0,-0.3999999999999986,3.3999999999999986,2.5,1.2999999999999972,1.9000000000000057,4.3,12.275999999999996,4.049099999999996,0.10599999999999998,1.2000000000000028,3.1000000000000014,-5.800000000000001,-0.5,-5.200000000000003,-10.5,-1.8999999999999986,-8.399999999999999,7.099999999999994
2016,138,Gonzaga,Utah,1,8.0,-1.2000000000000028,-0.10000000000000142,1.5,-6.800000000000001,1.2999999999999972,-3.4999999999999996,0.7669999999999959,-0.39570000000000505,0.029000000000000026,0.09999999999999432,-2.299999999999997,-1.3000000000000007,-0.29999999999999893,2.8999999999999986,2.0999999999999943,-2.5,4.900000000000002,-0.5999999999999943
2016,138,Kentucky,Indiana,0,-1.0,-3.200000000000003,-6.299999999999997,-5.0,-1.6999999999999957,-1.2999999999999972,1.7999999999999998,1.6529999999999916,-0.7506999999999948,0.030999999999999917,-4.899999999999999,-4.600000000000001,-3.6999999999999993,-1.0,0.09999999999999432,-3.0,5.0,12.099999999999998,3.299999999999997
2016,138,Iowa St.,Arkansas Little Rock,1,-9.0,7.800000000000004,3.799999999999997,0.5,2.6000000000000014,8.5,1.5,12.082000000000008,4.333200000000005,0.123,4.399999999999999,4.399999999999999,0.09999999999999964,-4.299999999999997,0.40000000000000213,-0.6000000000000085,-5.899999999999999,-14.099999999999998,7.599999999999994
2016,138,Connecticut,Kansas,0,8.0,-2.8000000000000043,-1.3999999999999986,-4.799999999999997,0.10000000000000142,-3.1999999999999886,-10.4,-8.728000000000009,2.323999999999998,-0.08699999999999997,-3.8999999999999986,-1.0999999999999943,-1.3000000000000007,-1.0,-3.1000000000000014,-0.4000000000000057,-9.3,-2.700000000000003,-9.200000000000003
2016,138,Miami FL,Wichita St.,1,-8.0,4.0,4.799999999999997,5.200000000000003,1.6999999999999957,0.20000000000000284,6.7,7.105000000000004,5.407699999999991,0.007000000000000006,4.299999999999997,3.5,1.1999999999999993,-5.699999999999999,-1.3999999999999986,-5.6000000000000085,2.200000000000003,-16.599999999999998,0.5
2016,138,North Carolina,Providence,1,-8.0,5.899999999999999,-5.199999999999996,0.6000000000000014,3.9000000000000057,2.4000000000000057,5.199999999999999,11.817999999999998,-2.6266000000000105,0.11599999999999999,4.0,-1.3999999999999986,-0.9000000000000004,-2.099999999999998,8.899999999999999,0.29999999999999716,-5.5,1.8999999999999986,11.400000000000006
2016,138,Butler,Virginia,0,8.0,-2.700000000000003,2.8000000000000043,-1.0,-0.9000000000000057,7.300000000000004,-6.6,-2.906000000000006,10.339200000000005,-0.07699999999999996,-1.8999999999999986,0.6999999999999957,-0.8000000000000007,-1.0999999999999979,2.1999999999999957,-1.8999999999999915,7.399999999999999,2.5,-8.299999999999997
2016,139,Hawaii,Maryland,0,8.0,-1.6999999999999957,-0.7000000000000028,-4.0,-2.1000000000000014,3.5,-3.2,-8.051000000000002,0.9264999999999901,-0.10099999999999998,-3.1000000000000014,-1.8000000000000043,-0.7000000000000028,3.3999999999999986,0.6999999999999993,2.799999999999997,10.599999999999994,12.399999999999999,-9.400000000000006
2016,139,Notre Dame,Stephen F. Austin,1,-8.0,-1.6000000000000014,-3.200000000000003,0.5,4.100000000000001,-2.700000000000003,3.5,8.350999999999999,6.775400000000005,0.051999999999999935,-2.0,-0.3999999999999986,-3.3999999999999986,-11.099999999999998,-0.7000000000000028,-1.5999999999999943,-0.6999999999999957,-13.200000000000003,3.4000000000000057
2016,139,VCU,Oklahoma,0,8.0,1.8999999999999986,3.3000000000000043,-7.0,0.0,-0.5,-8.1,-6.301000000000002,2.3333000000000084,-0.05999999999999994,-3.6000000000000014,2.6000000000000014,-1.8000000000000007,4.299999999999997,2.799999999999997,2.0,-1.3000000000000043,9.7,-6.900000000000006
2016,139,Oregon,Saint Joseph's,1,-7.0,0.30000000000000426,-3.1000000000000014,1.6999999999999957,5.100000000000001,-1.9000000000000057,3.3000000000000003,6.194999999999993,-1.9532999999999987,0.050000000000000044,1.0,1.1000000000000014,2.0,4.400000000000002,6.300000000000001,-5.5,2.5,7.799999999999997,6.400000000000006
2016,139,Syracuse,Middle Tennessee,1,-5.0,-0.5999999999999943,0.10000000000000142,-3.200000000000003,-4.0000000000000036,-3.0,2.9000000000000004,8.212999999999994,-3.7029999999999887,0.255,-1.3999999999999986,-1.0,1.1000000000000014,1.2000000000000028,4.800000000000001,-9.799999999999997,-0.20000000000000284,-13.399999999999999,7.700000000000003
2016,139,Texas A&M,Northern Iowa,1,-8.0,0.0,-3.299999999999997,-3.1000000000000014,0.8999999999999986,4.700000000000003,7.300000000000001,5.861000000000004,-5.851100000000002,0.14100000000000001,-1.8999999999999986,-1.5,2.0,2.1999999999999993,17.2,-2.799999999999997,4.700000000000003,8.799999999999997,6.599999999999994
2016,139,Villanova,Iowa,1,-5.0,8.699999999999996,-4.600000000000001,-1.1999999999999957,2.599999999999998,-3.0999999999999943,6.9,2.0010000000000048,-3.3900999999999897,0.04799999999999993,2.5,-1.1000000000000014,1.3999999999999986,1.5,-3.6999999999999957,2.700000000000003,0.8999999999999986,6.199999999999999,5.3999999999999915
2016,139,Xavier,Wisconsin,0,-5.0,3.1999999999999957,3.8000000000000043,1.3999999999999986,-6.299999999999997,8.300000000000011,7.3,5.326999999999998,-0.018000000000000682,0.08500000000000008,2.5,-0.6000000000000014,0.5,0.5999999999999979,2.1000000000000014,1.9000000000000057,3.1999999999999957,0.10000000000000142,2.9000000000000057
2016,143,Maryland,Kansas,0,4.0,3.0999999999999943,2.1000000000000014,-5.099999999999994,-0.3999999999999986,-2.1999999999999886,-7.6,-4.085000000000008,5.005600000000001,-0.07599999999999996,-0.29999999999999716,1.4000000000000057,1.3000000000000007,-2.6000000000000014,-2.0000000000000036,-0.7000000000000028,-3.299999999999997,-10.300000000000004,-7.099999999999994
2016,143,Texas A&M,Oklahoma,0,1.0,3.0999999999999943,0.30000000000000426,-8.100000000000001,-0.4000000000000057,-2.3999999999999915,-2.8,-3.1259999999999906,-0.08289999999999509,-0.019999999999999907,-3.1000000000000014,0.7000000000000028,-0.8000000000000007,3.299999999999997,4.5,-0.20000000000000284,3.8999999999999986,5.099999999999998,-3.200000000000003
2016,143,Duke,Oregon,0,3.0,-1.6000000000000014,2.799999999999997,4.100000000000001,-2.200000000000003,-0.29999999999999716,-2.5,2.156000000000006,2.887299999999996,0.014000000000000012,1.4000000000000057,0.3999999999999986,-2.0,-2.900000000000002,-0.6000000000000014,-3.200000000000003,0.0,-6.899999999999999,-0.7000000000000028
2016,143,Miami FL,Villanova,0,1.0,-4.199999999999996,2.799999999999997,1.2999999999999972,0.5,0.29999999999999716,-2.0,0.5489999999999924,4.447499999999991,-0.03299999999999992,-0.3999999999999986,1.7000000000000028,-0.3999999999999986,-2.8999999999999986,1.8999999999999986,-0.5,5.700000000000003,-2.599999999999998,-4.200000000000003
2016,144,North Carolina,Indiana,1,-4.0,-2.200000000000003,-4.399999999999999,-8.899999999999999,1.9000000000000057,2.200000000000003,5.3999999999999995,0.2839999999999918,-4.957999999999998,0.029999999999999916,-6.5,-2.1000000000000014,-4.4,-0.29999999999999716,2.0999999999999943,-1.2000000000000028,-1.0999999999999943,0.3999999999999986,6.5
2016,144,Wisconsin,Notre Dame,0,1.0,-6.299999999999997,-1.7000000000000028,-2.5,0.5,-1.4000000000000057,-1.9,-7.920999999999992,-8.3052,0.013000000000000012,-4.5,-0.7000000000000028,2.1999999999999993,4.0,0.8000000000000043,3.0999999999999943,6.5,7.399999999999999,0.3999999999999915
2016,144,Syracuse,Gonzaga,1,-1.0,-7.099999999999994,3.700000000000003,-1.7999999999999972,0.3999999999999986,-2.700000000000003,-2.4,-5.082999999999998,-1.6573999999999955,-0.04400000000000004,-4.899999999999999,2.3999999999999986,1.8000000000000007,5.700000000000001,1.1000000000000014,-9.399999999999991,-0.3999999999999986,1.0999999999999979,-3.299999999999997
2016,144,Virginia,Iowa St.,1,-2.0,-4.100000000000001,-3.200000000000003,1.5999999999999943,1.2000000000000028,-10.399999999999999,5.0,-0.8089999999999975,-8.828800000000001,0.04799999999999993,-2.3999999999999986,-0.7999999999999972,-0.6999999999999993,2.599999999999998,3.3000000000000007,4.799999999999997,6.899999999999999,9.500000000000004,6.0
2016,145,Oklahoma,Oregon,1,1.0,-4.399999999999999,-0.8000000000000043,7.800000000000004,-2.5,1.7999999999999972,1.2999999999999998,-2.344999999999999,-4.409800000000004,0.03399999999999992,2.200000000000003,-2.6000000000000014,1.6999999999999993,-3.0,-4.100000000000001,1.5,-6.600000000000001,-4.9999999999999964,2.0
2016,145,Villanova,Kansas,1,1.0,4.699999999999996,0.7000000000000028,-5.099999999999994,1.3999999999999986,-3.3999999999999915,-2.6999999999999993,-2.0799999999999983,0.9770000000000039,-0.0020000000000000018,-1.6000000000000014,1.0,-1.4000000000000021,1.2999999999999972,-3.6000000000000014,0.09999999999999432,-4.700000000000003,-5.800000000000004,-3.200000000000003
2016,146,Notre Dame,North Carolina,0,5.0,-1.0,1.8999999999999986,4.699999999999996,0.6999999999999957,-6.200000000000003,-6.3,-1.448999999999998,10.608100000000007,-0.118,1.3999999999999986,1.8000000000000043,-0.5999999999999996,-3.8000000000000007,-7.0,-1.3999999999999915,1.0,-2.8000000000000007,-9.5
2016,146,Syracuse,Virginia,1,9.0,-5.399999999999999,1.8000000000000043,-4.299999999999997,-4.0000000000000036,3.6000000000000014,-8.9,-8.867000000000004,4.378200000000007,-0.09399999999999997,-4.0,-1.2000000000000028,3.0,0.9000000000000021,2.3999999999999986,-9.399999999999991,3.1000000000000014,-4.300000000000004,-9.799999999999997
2016,152,Syracuse,North Carolina,0,9.0,-6.699999999999996,3.5,3.299999999999997,-5.5000000000000036,-6.200000000000003,-8.9,-9.781999999999996,2.4061000000000092,-0.08199999999999996,-1.7000000000000028,0.10000000000000142,2.9000000000000004,2.0,-6.799999999999997,-5.3999999999999915,3.299999999999997,-0.3000000000000007,-11.200000000000003
2016,152,Oklahoma,Villanova,0,0.0,-9.199999999999996,1.1999999999999957,6.0,-0.19999999999999574,4.099999999999994,-0.9000000000000004,-1.01400000000001,0.8836999999999904,-0.02100000000000002,0.20000000000000284,0.10000000000000142,1.6000000000000014,-2.799999999999997,1.8999999999999986,-1.0999999999999943,-0.6999999999999957,-4.099999999999998,-1.2999999999999972
2016,154,Villanova,North Carolina,1,1.0,3.5,-0.5,3.5,-2.3000000000000043,-5.0,0.3000000000000007,-2.839999999999989,-1.548899999999989,0.017000000000000015,2.1999999999999957,-1.1000000000000014,0.9999999999999982,1.7999999999999972,-11.199999999999996,1.2000000000000028,2.0999999999999943,1.6999999999999993,-2.6000000000000085
2017,134,Wake Forest,Kansas St.,0,0.0,0.30000000000000426,6.600000000000001,2.299999999999997,-2.4000000000000057,4.799999999999997,-0.3999999999999999,8.835000000000008,9.116099999999989,-0.0030000000000000027,1.6000000000000014,3.3000000000000043,-2.6999999999999993,-6.299999999999997,1.3999999999999986,4.900000000000006,-0.3999999999999986,4.799999999999997,-0.09999999999999432
2017,134,New Orleans,Mount St. Mary's,0,0.0,2.200000000000003,2.299999999999997,-5.099999999999998,-2.200000000000003,-0.5999999999999943,1.6000000000000005,1.8664999999999878,-1.8490000000000038,0.04299999999999998,-0.7999999999999972,0.29999999999999716,4.600000000000001,0.6000000000000014,13.200000000000003,1.7999999999999972,10.700000000000003,1.6000000000000014,-0.5999999999999943
2017,135,North Carolina Central,UC Davis,0,0.0,5.800000000000004,-2.3999999999999986,-1.7999999999999972,-3.400000000000002,-2.299999999999997,2.4000000000000004,4.9452,-0.7680000000000007,0.11700000000000005,3.0999999999999943,-3.299999999999997,-2.3000000000000007,-0.3999999999999986,2.3999999999999986,-3.1000000000000085,-6.300000000000004,-6.0,1.0999999999999943
2017,135,USC,Providence,1,0.0,1.8999999999999986,-2.6999999999999957,-0.8999999999999986,4.0,2.5,0.7000000000000001,4.486999999999995,5.046300000000002,-0.03299999999999992,0.6000000000000014,0.0,-2.8000000000000007,-2.5,4.400000000000002,-3.1000000000000085,-1.0,-6.100000000000001,-0.5999999999999943
2017,136,North Dakota,Arizona,0,13.0,-0.10000000000000142,1.6000000000000014,-0.29999999999999716,3.799999999999997,5.400000000000006,-13.2,-14.730999999999995,8.32419999999999,-0.43200000000000005,-0.30000000000000426,3.1999999999999957,1.6999999999999993,2.3000000000000007,-7.099999999999998,-1.7000000000000028,-4.399999999999999,10.2,-16.700000000000003
2017,136,Winthrop,Butler,0,9.0,-3.6000000000000014,-5.399999999999999,1.2999999999999972,-1.1999999999999957,5.099999999999994,-7.3,-11.534999999999997,4.747699999999995,-0.30000000000000004,-0.8999999999999986,-4.300000000000004,2.799999999999999,-1.4000000000000021,-1.1000000000000014,-0.9000000000000057,2.6999999999999957,-3.700000000000003,-11.0
2017,136,East Tennessee St.,Florida,0,9.0,4.700000000000003,0.0,2.3000000000000043,4.899999999999999,1.2999999999999972,-7.1000000000000005,-7.876999999999995,7.028400000000005,-0.19399999999999995,4.600000000000001,2.8999999999999986,4.0,0.8999999999999986,-1.8999999999999986,2.1000000000000085,3.3999999999999986,3.8999999999999986,-9.700000000000003
2017,136,Florida St.,Florida Gulf Coast,1,-11.0,-1.0,-5.600000000000001,1.0,3.8999999999999986,5.599999999999994,7.6000000000000005,7.174999999999997,-10.551900000000003,0.29300000000000004,-0.20000000000000284,-1.7000000000000028,-1.8000000000000007,2.5,-0.6000000000000014,-0.8000000000000114,3.700000000000003,2.5,11.400000000000006
2017,136,South Dakota St.,Gonzaga,0,15.0,-3.5999999999999943,12.399999999999999,-2.4000000000000057,7.899999999999999,-3.0,-17.5,-9.929000000000002,24.4589,-0.552,-4.200000000000003,12.399999999999999,2.4000000000000004,-1.3999999999999986,-2.5,-3.3999999999999915,2.3999999999999986,1.1000000000000014,-20.900000000000006
2017,136,Nevada,Iowa St.,0,7.0,-2.5999999999999943,1.7999999999999972,-1.7999999999999972,-3.6000000000000014,1.4000000000000057,-4.8,-5.063999999999993,4.706700000000012,-0.128,-2.0999999999999943,-1.1000000000000014,1.5999999999999996,-4.1,4.5,5.799999999999997,14.199999999999996,2.400000000000002,-7.200000000000003
2017,136,Minnesota,Middle Tennessee,0,-7.0,-6.100000000000001,-2.6000000000000014,-2.6000000000000014,-1.8999999999999986,5.1000000000000085,1.7000000000000002,-2.0660000000000025,-3.9989999999999952,0.04200000000000004,-5.699999999999996,-2.5,0.5999999999999996,-2.5,-0.09999999999999787,-5.700000000000003,9.8,-9.2,-0.09999999999999432
2017,136,Northwestern,Vanderbilt,1,-1.0,0.6999999999999957,-2.799999999999997,-3.3999999999999986,-0.5,-0.09999999999999432,1.9,-1.1140000000000043,-0.3871999999999929,-0.013000000000000012,-2.5999999999999943,-1.8999999999999986,-2.4000000000000004,2.0,5.899999999999999,-3.6000000000000085,-4.099999999999998,4.899999999999999,-1.2000000000000028
2017,136,Notre Dame,Princeton,1,-7.0,0.3999999999999986,1.3000000000000043,0.7999999999999972,-0.7000000000000028,4.099999999999994,6.300000000000001,9.495000000000005,0.9011000000000138,0.137,0.5,0.10000000000000142,-1.299999999999999,-1.8000000000000007,3.1999999999999993,-6.299999999999997,3.3000000000000007,-5.099999999999998,6.700000000000003
2017,136,Purdue,Vermont,1,-9.0,-2.799999999999997,-0.29999999999999716,3.5999999999999943,-1.6999999999999957,4.6000000000000085,4.8999999999999995,6.0800000000000125,-6.258799999999994,0.16300000000000003,0.30000000000000426,-1.5,1.2999999999999972,-2.6999999999999993,0.7999999999999972,2.4000000000000057,-0.6000000000000014,-3.900000000000002,9.099999999999994
2017,136,VCU,Saint Mary's,0,3.0,-5.399999999999999,0.6000000000000014,-6.299999999999997,3.799999999999997,8.899999999999991,-2.5999999999999996,-8.876000000000005,1.4591999999999956,-0.135,-6.799999999999997,1.8999999999999986,0.5999999999999979,5.6,-2.0,-6.099999999999994,9.699999999999996,14.299999999999997,-4.5
2017,136,Mount St. Mary's,Villanova,0,15.0,-9.800000000000004,0.3999999999999986,-1.1000000000000014,3.0,2.700000000000003,-19.0,-23.775499999999994,11.235399999999998,-0.5589999999999999,-7.0,1.5,2.099999999999998,1.5,-6.600000000000001,-6.900000000000006,-2.5,11.499999999999996,-25.400000000000006
2017,136,Virginia,UNC Wilmington,1,-7.0,-6.0,-9.100000000000001,2.3999999999999986,-2.3000000000000007,-11.200000000000003,3.5,-4.019999999999996,-18.299599999999998,0.17299999999999993,-2.3000000000000043,-7.399999999999999,1.6999999999999993,0.6999999999999993,-3.8000000000000007,4.599999999999994,-5.199999999999999,-5.399999999999999,9.799999999999997
2017,136,West Virginia,Bucknell,1,-9.0,-4.5,0.0,-1.6999999999999957,1.0999999999999943,0.7999999999999972,8.5,7.397999999999996,-10.684899999999999,0.245,-3.6000000000000014,0.7000000000000028,-1.9000000000000021,8.400000000000002,10.900000000000002,-5.0,1.0,9.5,12.899999999999991
2017,136,Wisconsin,Virginia Tech,1,-1.0,-3.5,-5.899999999999999,-4.399999999999999,1.3000000000000043,-5.599999999999994,1.7999999999999998,-3.7690000000000055,-11.122699999999995,0.09300000000000008,-5.299999999999997,-3.6000000000000014,-0.3999999999999986,3.299999999999997,12.100000000000001,4.5,-8.5,-0.5,7.799999999999997
2017,136,Maryland,Xavier,0,-5.0,-1.0,-6.899999999999999,1.7999999999999972,0.8000000000000043,0.19999999999998863,2.1,-1.179000000000002,-0.6984000000000066,-0.020000000000000018,1.0,-4.699999999999996,0.5,0.09999999999999787,-4.600000000000001,-7.299999999999997,-2.6000000000000014,-1.5,0.20000000000000284
2017,137,Seton Hall,Arkansas,0,1.0,-0.3999999999999986,1.2999999999999972,-2.700000000000003,0.8999999999999986,-2.0999999999999943,-1.1999999999999997,-6.838999999999999,-5.188300000000012,-0.0119999999999999,-1.2999999999999972,0.7999999999999972,3.0,-0.6999999999999993,2.8999999999999986,8.099999999999994,-0.8999999999999986,-3.1999999999999957,-0.20000000000000284
2017,137,Baylor,New Mexico St.,1,-11.0,-2.0,-4.100000000000001,1.7999999999999972,1.9000000000000021,-4.0,8.1,7.236999999999995,-10.456999999999994,0.244,-0.09999999999999432,-2.1999999999999957,1.0,-2.3000000000000007,4.0,-1.4000000000000057,-9.899999999999999,-4.899999999999999,12.100000000000009
2017,137,Cincinnati,Kansas St.,1,-5.0,0.30000000000000426,-4.100000000000001,-1.7000000000000028,-3.8000000000000043,-1.7999999999999972,3.8999999999999995,2.1770000000000067,-2.5857000000000028,0.040000000000000036,-0.6999999999999957,-4.199999999999996,-4.0,-1.5999999999999979,6.299999999999997,2.9000000000000057,-8.100000000000001,-2.6000000000000014,4.300000000000011
2017,137,Troy,Duke,0,13.0,-2.6000000000000014,0.6000000000000014,-2.799999999999997,4.800000000000001,-0.29999999999999716,-16.7,-11.096000000000004,11.317899999999995,-0.3949999999999999,-3.0,2.3999999999999986,1.4000000000000021,0.5,-0.8999999999999986,-0.19999999999998863,1.7000000000000028,1.7000000000000028,-19.0
2017,137,Kansas,UC Davis,1,-15.0,6.700000000000003,-3.200000000000003,5.899999999999999,3.0,1.1000000000000085,18.5,22.98219999999999,-7.744499999999988,0.532,7.199999999999996,-0.5,-2.099999999999998,-1.3999999999999986,4.699999999999996,-2.1000000000000085,-4.300000000000004,-2.8000000000000007,22.299999999999997
2017,137,Kentucky,Northern Kentucky,1,-13.0,1.2999999999999972,-1.9000000000000057,-0.4000000000000057,-1.7999999999999972,4.400000000000006,13.9,12.49199999999999,-13.438200000000009,0.4179999999999999,0.30000000000000426,-2.3999999999999986,-3.0,2.3999999999999986,2.6999999999999993,-0.9000000000000057,4.400000000000006,4.700000000000003,19.5
2017,137,Jacksonville St.,Louisville,0,13.0,0.29999999999999716,0.30000000000000426,1.7000000000000028,6.199999999999996,-4.400000000000006,-14.9,-11.816000000000003,14.3198,-0.477,1.0,4.199999999999996,4.599999999999998,-3.0,-4.799999999999997,0.7000000000000028,-1.0,-5.0,-19.599999999999994
2017,137,Michigan,Oklahoma St.,1,-3.0,5.899999999999999,-2.3999999999999986,-1.7999999999999972,1.3999999999999986,-8.900000000000006,0.5,-3.2420000000000044,-3.755800000000008,0.006000000000000005,3.1000000000000014,-1.0999999999999943,-3.700000000000001,-0.6999999999999993,-12.7,2.799999999999997,-7.299999999999997,-18.1,2.200000000000003
2017,137,Miami FL,Michigan St.,0,-1.0,-3.1000000000000014,2.5,-1.6999999999999957,-1.6000000000000014,-3.5,2.5,-0.18300000000000693,-2.168199999999999,0.04400000000000004,-2.6999999999999957,0.9000000000000057,-1.0999999999999979,2.1999999999999993,4.400000000000002,-0.6000000000000085,0.5,-6.300000000000001,1.7999999999999972
2017,137,Texas Southern,North Carolina,0,15.0,-1.0,3.0,-5.899999999999999,-1.3999999999999986,-2.799999999999997,-12.8,-18.453000000000003,13.220600000000005,-0.585,-4.099999999999994,0.3999999999999986,0.20000000000000284,0.6000000000000014,-9.700000000000003,-9.300000000000011,11.799999999999997,0.8000000000000043,-20.700000000000003
2017,137,Oregon,Iona,1,-11.0,5.200000000000003,-1.6000000000000014,-1.7000000000000028,-4.900000000000002,-3.299999999999997,11.8,7.530999999999992,-12.294799999999995,0.33100000000000007,2.200000000000003,-3.5,0.5,2.1000000000000014,5.100000000000001,1.9000000000000057,3.1999999999999993,-6.799999999999997,11.799999999999997
2017,137,Rhode Island,Creighton,1,5.0,-5.199999999999996,-4.800000000000004,-6.5,-3.5,-5.0,-3.9,-4.970999999999989,-0.9959999999999951,-0.05400000000000005,-7.299999999999997,-5.299999999999997,-0.5,-0.10000000000000142,9.0,0.4000000000000057,11.700000000000003,16.799999999999997,-0.4000000000000057
2017,137,Marquette,South Carolina,0,3.0,6.800000000000004,5.200000000000003,9.5,6.199999999999996,1.9000000000000057,-1.1,15.396999999999991,14.854699999999994,0.0040000000000000036,10.899999999999999,6.899999999999999,-1.8999999999999986,-6.0,-6.4999999999999964,2.6999999999999886,-8.799999999999997,-10.800000000000004,-0.09999999999999432
2017,137,UCLA,Kent St.,1,-11.0,10.600000000000001,-3.200000000000003,8.900000000000002,1.2000000000000028,5.099999999999994,13.8,18.336,-2.881299999999996,0.377,11.399999999999999,-1.2000000000000028,-2.700000000000001,-3.1000000000000014,-8.700000000000003,1.7000000000000028,-6.100000000000001,-8.400000000000002,13.700000000000003
2017,137,SMU,USC,0,-5.0,0.0,-3.1000000000000014,4.399999999999999,-4.699999999999996,-5.299999999999997,5.1000000000000005,7.564999999999998,-5.35390000000001,0.15899999999999992,2.8000000000000043,-4.0,1.3000000000000007,0.3000000000000007,6.699999999999999,4.900000000000006,-0.7000000000000028,0.6000000000000014,7.200000000000003
2017,137,Wichita St.,Dayton,1,3.0,-0.29999999999999716,-5.200000000000003,1.8000000000000043,-1.0999999999999979,0.4000000000000057,2.5999999999999996,7.3359999999999985,-3.4025999999999925,0.1080000000000001,0.5,-3.8000000000000043,-1.200000000000001,-1.0,8.099999999999998,2.799999999999997,-2.8000000000000043,0.6000000000000014,6.1000000000000085
2017,138,Saint Mary's,Arizona,0,5.0,5.399999999999999,-3.0,0.3999999999999986,-1.0,-5.8999999999999915,-4.0,1.3090000000000117,-0.585000000000008,0.014000000000000012,4.199999999999996,-1.8999999999999986,0.3000000000000007,-2.299999999999999,0.10000000000000142,4.799999999999997,-14.399999999999999,-3.6999999999999993,-1.5999999999999943
2017,138,Butler,Middle Tennessee,1,-8.0,0.8999999999999986,4.199999999999996,-0.29999999999999716,0.5,1.4000000000000057,3.5,6.331000000000003,0.07900000000000773,0.07300000000000006,0.30000000000000426,3.3000000000000043,-0.5,-0.09999999999999787,-2.099999999999998,-3.5,6.5000000000000036,-0.3999999999999986,5.200000000000003
2017,138,Florida,Virginia,1,-1.0,0.5999999999999943,0.6000000000000014,-2.6000000000000014,-1.1999999999999993,9.900000000000006,1.4000000000000004,2.164999999999992,2.442399999999992,-0.007000000000000006,-1.3999999999999986,-0.10000000000000142,1.0000000000000018,0.10000000000000142,3.1999999999999993,-5.0,14.7,-0.10000000000000142,-2.200000000000003
2017,138,Gonzaga,Northwestern,1,-7.0,7.5,-4.0,4.0,-4.299999999999997,4.599999999999994,5.7,9.522000000000006,-8.020700000000005,0.10899999999999999,8.299999999999997,-4.399999999999999,0.0,-0.3000000000000007,-1.0,5.299999999999997,7.400000000000002,-9.5,11.100000000000009
2017,138,Purdue,Iowa St.,1,-1.0,0.9000000000000057,-0.8999999999999986,0.29999999999999716,-1.3999999999999986,0.8000000000000114,-0.9000000000000004,-2.6289999999999907,-3.739399999999989,0.014000000000000012,0.9000000000000057,-2.299999999999997,4.299999999999999,-3.0,4.799999999999997,7.5,6.699999999999996,-3.0,0.6999999999999886
2017,138,Notre Dame,West Virginia,0,1.0,1.1000000000000014,1.7000000000000028,2.1999999999999957,-1.5,-3.9000000000000057,-0.5,2.419000000000011,8.124200000000002,-0.028999999999999915,2.200000000000003,0.29999999999999716,-2.9999999999999982,-9.3,-10.300000000000004,1.4000000000000057,-10.000000000000004,-15.600000000000001,-4.099999999999994
2017,138,Wisconsin,Villanova,1,7.0,-8.100000000000001,-6.0,-1.0,6.5,-1.1999999999999886,-6.0,-9.164000000000001,-0.6792999999999978,-0.038999999999999924,-6.199999999999996,-0.8000000000000043,-0.3000000000000007,-0.3000000000000007,5.899999999999999,2.1999999999999886,-3.299999999999997,4.599999999999998,-7.400000000000006
2017,138,Florida St.,Xavier,0,-8.0,2.3999999999999986,-7.100000000000001,0.20000000000000284,1.5,4.3999999999999915,4.300000000000001,1.9939999999999998,-5.430400000000006,0.04800000000000004,2.299999999999997,-4.399999999999999,-2.3000000000000007,2.0,-1.2000000000000028,-5.400000000000006,-3.5,3.5999999999999943,4.900000000000006
2017,139,Baylor,USC,1,-8.0,1.2000000000000028,-2.200000000000003,-0.9000000000000057,-4.599999999999994,-5.0,6.6000000000000005,4.781000000000006,-7.8870000000000005,0.15100000000000002,0.8000000000000043,-4.5,5.0,-1.1000000000000014,9.2,1.5,-3.0,6.5,6.5
2017,139,Kansas,Michigan St.,1,-8.0,0.7000000000000028,1.1999999999999957,3.1000000000000014,1.0,3.3000000000000114,10.6,10.263999999999996,-0.7350999999999885,0.09699999999999998,2.0,1.6000000000000014,-2.599999999999998,2.5,4.9999999999999964,-3.1000000000000085,3.0,-4.300000000000001,9.400000000000006
2017,139,Wichita St.,Kentucky,0,8.0,-2.1999999999999957,-6.299999999999997,4.900000000000006,0.5999999999999979,-3.700000000000003,-4.9,0.4969999999999999,1.3508000000000067,-0.019999999999999907,1.5,-3.5,-0.09999999999999964,0.40000000000000213,-0.10000000000000142,3.0,-0.8000000000000043,0.5,-3.3999999999999915
2017,139,Michigan,Louisville,1,5.0,5.799999999999997,5.200000000000003,3.0,6.199999999999996,-5.400000000000006,-3.1000000000000005,4.412999999999997,8.513999999999996,-0.027999999999999914,5.5,6.600000000000001,-1.5000000000000018,0.3000000000000007,-10.999999999999996,-0.7000000000000028,-4.299999999999997,-12.299999999999997,-3.8999999999999915
2017,139,North Carolina,Arkansas,1,-7.0,1.0,-0.4000000000000057,-1.0,0.6999999999999957,1.7999999999999972,4.5,5.436000000000007,-6.9746000000000095,0.132,0.7999999999999972,0.29999999999999716,0.0,0.3999999999999986,9.600000000000001,8.400000000000006,-5.699999999999996,-7.899999999999999,8.5
2017,139,Rhode Island,Oregon,0,8.0,-3.299999999999997,-0.7000000000000028,-4.700000000000003,-1.6999999999999993,-0.7000000000000028,-5.6,-7.059999999999988,1.1525000000000034,-0.07300000000000006,-4.899999999999999,-1.3999999999999986,-0.3999999999999986,-0.6000000000000014,1.1000000000000014,0.5,5.200000000000003,18.799999999999997,-3.299999999999997
2017,139,Duke,South Carolina,0,-5.0,7.600000000000001,3.5,4.5,-1.3000000000000007,0.10000000000000853,6.8999999999999995,15.441999999999993,7.382800000000003,0.06099999999999994,8.099999999999994,2.5,-2.8000000000000007,-7.300000000000001,-2.299999999999997,2.1999999999999886,-1.0,-15.800000000000004,9.200000000000003
2017,139,Cincinnati,UCLA,0,3.0,-7.0,-3.8999999999999986,-6.100000000000001,-2.1000000000000014,-9.199999999999989,-1.0,-8.542000000000002,-7.907499999999999,0.013000000000000012,-7.799999999999997,-3.6999999999999957,-0.20000000000000107,4.600000000000001,6.399999999999999,-1.2999999999999972,5.600000000000001,3.8000000000000007,-0.5999999999999943
2017,143,West Virginia,Gonzaga,0,3.0,-6.5,6.5,-2.0,6.299999999999997,0.7000000000000028,-1.2999999999999998,-4.239000000000004,2.0160000000000053,-0.02100000000000002,-6.200000000000003,7.100000000000001,0.9999999999999982,10.400000000000002,7.800000000000004,-7.0,0.0,16.200000000000003,-2.9000000000000057
2017,143,Purdue,Kansas,0,3.0,-0.8999999999999986,1.3000000000000043,-0.10000000000000142,-2.3999999999999986,-1.0,-5.4,-3.9209999999999923,-2.1696000000000026,-0.009999999999999898,-0.19999999999999574,-1.1999999999999957,0.29999999999999716,-1.6000000000000014,-3.3999999999999986,5.900000000000006,-2.5,-8.100000000000001,-3.6000000000000085
2017,143,Oregon,Michigan,1,-4.0,-1.7999999999999972,-3.8999999999999986,-0.5,-6.599999999999998,4.400000000000006,2.2,-3.8640000000000043,-5.073999999999998,-0.0030000000000000027,-1.2999999999999972,-5.600000000000001,2.4000000000000004,0.0,6.699999999999999,-0.3999999999999915,3.8999999999999986,-0.8999999999999986,0.3999999999999915
2017,143,Xavier,Arizona,1,9.0,0.5,4.100000000000001,-4.5,2.3999999999999986,1.3000000000000114,-6.300000000000001,-2.840999999999994,4.583699999999993,-0.051000000000000045,-2.1000000000000014,4.699999999999996,1.6000000000000014,0.10000000000000142,1.9000000000000057,1.2000000000000028,0.20000000000000284,4.5000000000000036,-6.700000000000003
2017,144,Wisconsin,Florida,0,4.0,0.8000000000000043,-2.6000000000000014,0.0,7.100000000000001,-5.799999999999997,-1.3000000000000007,-2.2620000000000005,1.8345000000000056,-0.028999999999999915,0.20000000000000284,1.6999999999999957,0.1999999999999993,-1.2000000000000028,3.6000000000000014,3.799999999999997,-8.399999999999999,-7.5,0.0
2017,144,Kentucky,UCLA,1,-1.0,-6.200000000000003,3.0,-5.300000000000004,-5.899999999999999,-0.8999999999999915,2.4000000000000004,-3.618000000000009,-7.932900000000004,0.040999999999999925,-6.299999999999997,-1.0,0.5999999999999996,3.1999999999999993,4.600000000000001,1.0999999999999943,14.800000000000004,8.900000000000002,4.299999999999997
2017,144,North Carolina,Butler,1,-3.0,-3.5,-5.0,-1.1000000000000014,0.6000000000000014,5.599999999999994,2.9000000000000004,4.103999999999999,-2.995900000000006,0.051999999999999935,-2.3000000000000043,-2.200000000000003,1.299999999999999,-1.4000000000000021,13.899999999999999,2.700000000000003,-3.1000000000000014,-6.100000000000001,5.200000000000003
2017,144,Baylor,South Carolina,0,-4.0,6.300000000000004,-0.3999999999999986,1.8999999999999986,1.6000000000000014,-4.5,6.2,11.742999999999995,3.764700000000005,0.049000000000000044,6.0,0.20000000000000284,1.6999999999999993,-7.600000000000001,6.200000000000003,1.8999999999999915,-5.699999999999996,-16.300000000000004,4.6000000000000085
2017,145,Gonzaga,Xavier,1,-10.0,4.299999999999997,-12.5,3.700000000000003,-4.399999999999999,3.0999999999999943,6.1,5.966999999999999,-11.7684,0.10499999999999998,6.399999999999999,-10.199999999999996,-2.700000000000001,-0.10000000000000142,-5.300000000000004,-0.4000000000000057,-3.0,-7.700000000000003,11.400000000000006
2017,145,Oregon,Kansas,1,2.0,0.8999999999999986,0.8000000000000043,-2.3999999999999986,-4.400000000000002,-3.0,-5.0,-3.105000000000004,-0.9583000000000084,-0.02199999999999991,-0.29999999999999716,-1.7999999999999972,-1.1000000000000014,1.5,-2.299999999999997,0.6000000000000085,-2.3999999999999986,-4.199999999999999,-4.900000000000006
2017,146,North Carolina,Kentucky,1,-1.0,-1.8999999999999986,-2.0,0.20000000000000284,3.299999999999997,-0.9000000000000057,-0.5999999999999996,2.936000000000007,2.1925999999999988,-0.0010000000000000009,-0.9000000000000057,1.1000000000000014,0.3999999999999986,-0.6999999999999993,8.0,2.1000000000000085,-8.600000000000001,-3.3000000000000043,-0.5999999999999943
2017,146,South Carolina,Florida,1,3.0,-4.399999999999999,-0.30000000000000426,-2.5,0.10000000000000142,-0.6000000000000085,-4.7,-10.304999999999993,-0.9454999999999956,-0.06999999999999995,-4.799999999999997,-0.6000000000000014,2.3999999999999986,3.3999999999999986,1.8999999999999986,-2.3999999999999915,-0.5,12.800000000000004,-4.700000000000003
2017,152,Gonzaga,South Carolina,1,-6.0,10.399999999999999,-5.399999999999999,4.800000000000004,-1.6000000000000014,1.9000000000000057,6.0,15.164999999999992,-0.8592000000000013,0.08999999999999997,11.299999999999997,-3.3999999999999986,-3.0999999999999996,-6.800000000000001,-3.8999999999999986,6.199999999999989,-1.6999999999999957,-20.700000000000003,10.600000000000009
2017,152,Oregon,North Carolina,0,2.0,3.5,-0.19999999999999574,2.5,-2.6999999999999993,-4.3999999999999915,-2.4000000000000004,-4.347000000000008,-0.16519999999999868,-0.03199999999999992,3.3000000000000043,-2.3999999999999986,0.6000000000000014,1.4000000000000021,-10.0,-4.700000000000003,1.2999999999999972,-4.799999999999997,-4.400000000000006
2017,154,North Carolina,Gonzaga,1,0.0,-5.299999999999997,6.299999999999997,-2.700000000000003,4.899999999999999,1.2999999999999972,0.7000000000000002,1.3640000000000043,6.408299999999997,-0.019000000000000017,-5.700000000000003,6.899999999999999,0.4999999999999982,1.0,12.100000000000001,0.30000000000001137,-5.100000000000001,5.399999999999999,-2.0
2018,134,Radford,LIU Brooklyn,1,0.0,-5.199999999999996,-1.6000000000000014,0.3999999999999986,1.8000000000000043,-8.599999999999994,6.699999999999999,0.24600000000000932,-7.506,0.16800000000000004,-2.8999999999999986,-0.5,-0.7999999999999972,3.8000000000000007,2.400000000000002,1.6000000000000085,-6.899999999999999,-0.7000000000000028,3.3000000000000114
2018,134,UCLA,St. Bonaventure,0,0.0,2.8999999999999986,-2.4000000000000057,-0.5,2.6000000000000014,1.0999999999999943,-1.4,4.159000000000006,0.9699999999999989,0.052000000000000046,1.5,0.5,-0.10000000000000142,-5.699999999999999,-1.5,2.3999999999999915,-4.0,-9.799999999999997,2.9000000000000057
2018,135,Syracuse,Arizona St.,1,0.0,-6.600000000000001,-5.100000000000001,-4.699999999999999,-2.400000000000002,-8.700000000000003,0.7999999999999999,-9.945999999999998,-8.824799999999996,-0.007000000000000006,-6.699999999999996,-3.9000000000000057,4.500000000000002,-0.7999999999999972,7.0,1.4000000000000057,-1.6999999999999957,-0.9999999999999964,0.6000000000000085
2018,135,North Carolina Central,Texas Southern,0,0.0,2.799999999999997,-1.2999999999999972,-3.6000000000000014,-3.8000000000000043,-6.199999999999989,-1.0999999999999996,-7.1285000000000025,-2.051000000000002,-0.12799999999999997,0.4000000000000057,-2.799999999999997,3.5,0.6000000000000014,4.0,2.700000000000003,-12.000000000000004,3.0,-2.6000000000000085
2018,136,Virginia Tech,Alabama,0,-1.0,3.799999999999997,2.3000000000000043,6.199999999999996,1.9000000000000057,0.29999999999999716,2.4000000000000004,6.557000000000002,3.7439000000000107,0.04899999999999993,5.899999999999999,2.6999999999999957,-3.200000000000003,-0.3000000000000007,-5.600000000000001,1.5,-5.0,-8.099999999999998,1.2000000000000028
2018,136,Arizona,Buffalo,0,-9.0,2.4000000000000057,-0.6999999999999957,-0.20000000000000284,2.6999999999999957,-5.5,5.1,4.727999999999994,-4.1484999999999985,0.09899999999999998,1.8000000000000043,0.7999999999999972,1.0,-1.5,1.2000000000000028,3.5999999999999943,7.300000000000001,-8.599999999999998,8.800000000000011
2018,136,Duke,Iona,1,-13.0,4.5,-6.300000000000004,-1.0999999999999943,-3.799999999999997,-0.5999999999999943,13.899999999999999,12.341000000000008,-13.921000000000006,0.4179999999999999,1.8999999999999986,-6.100000000000001,1.6999999999999993,-1.9000000000000021,14.700000000000003,1.2999999999999972,4.5,-7.199999999999999,17.799999999999997
2018,136,St. Bonaventure,Florida,0,5.0,0.8999999999999986,3.1000000000000014,1.6000000000000014,-3.200000000000003,1.9000000000000057,0.0,-2.852000000000004,4.666800000000009,-0.16300000000000003,1.1999999999999957,0.0,2.0,0.29999999999999716,1.3000000000000007,1.2000000000000028,6.799999999999997,7.599999999999998,-6.1000000000000085
2018,136,UNC Greensboro,Gonzaga,0,9.0,-7.100000000000001,3.1999999999999957,-1.7999999999999972,-3.1000000000000014,-4.299999999999997,-6.5,-14.152000000000001,1.5264999999999986,-0.2250000000000001,-5.700000000000003,0.7000000000000028,3.8000000000000007,4.200000000000003,0.7000000000000028,-1.0999999999999943,-4.5,9.700000000000003,-11.5
2018,136,San Diego St.,Houston,0,5.0,1.5,4.0,-4.600000000000001,0.9000000000000057,0.5999999999999943,-3.9,-4.501000000000005,1.8885000000000076,-0.05400000000000005,-1.8999999999999986,3.0,-0.8000000000000007,-0.09999999999999787,-2.900000000000002,0.5,2.0999999999999943,-11.900000000000002,-4.5
2018,136,Kansas,Penn,1,-15.0,2.3000000000000043,0.6000000000000014,5.300000000000004,3.299999999999997,-0.19999999999998863,11.5,17.38000000000001,-2.163899999999998,0.2879999999999999,5.100000000000001,1.6000000000000014,0.0,1.3999999999999986,4.900000000000002,-9.0,-7.400000000000002,-7.099999999999998,15.300000000000011
2018,136,Kentucky,Davidson,1,-7.0,-5.299999999999997,-2.299999999999997,-3.1999999999999957,-4.899999999999999,4.5,7.199999999999999,-0.972999999999999,-6.474999999999994,0.07700000000000007,-6.0,-4.300000000000004,4.100000000000001,0.9000000000000021,12.900000000000002,-7.8999999999999915,18.299999999999997,3.6000000000000014,6.299999999999997
2018,136,Miami FL,Loyola Chicago,0,-5.0,-4.399999999999999,1.6999999999999957,-3.3999999999999986,0.7999999999999972,1.7999999999999972,0.7000000000000002,1.9779999999999944,1.4076999999999913,0.07199999999999995,-4.799999999999997,1.5,-2.3000000000000007,-1.1000000000000014,6.899999999999999,-2.3999999999999915,-4.100000000000001,2.6999999999999993,2.6000000000000085
2018,136,Montana,Michigan,0,11.0,-3.3000000000000043,-0.5,-1.5,2.0,3.1999999999999886,-8.0,-5.756,6.603699999999989,-0.19900000000000007,-2.6999999999999957,-0.10000000000000142,3.4999999999999982,1.8000000000000007,8.0,-2.0,8.599999999999998,11.099999999999998,-11.700000000000003
2018,136,Ohio St.,South Dakota St.,1,-7.0,4.0,-3.6999999999999957,-4.0,1.5,-3.299999999999997,3.9,1.5210000000000008,-8.997199999999992,0.133,-0.10000000000000142,-1.9000000000000057,3.5,3.6999999999999993,5.600000000000001,-2.0,-4.299999999999997,3.5,7.5
2018,136,Oklahoma,Rhode Island,0,3.0,2.8999999999999986,-1.5,0.6999999999999957,3.0,7.1000000000000085,-0.5,3.4180000000000064,3.3810000000000002,0.03300000000000003,2.299999999999997,1.1000000000000014,1.8000000000000007,-5.799999999999997,-3.1000000000000014,-2.5,2.6000000000000014,-15.100000000000001,-1.0
2018,136,Seton Hall,North Carolina St.,1,-1.0,-0.10000000000000142,-3.6000000000000014,-0.7000000000000028,2.1999999999999957,-2.0999999999999943,1.6,-0.09100000000000819,-2.2946000000000026,0.07499999999999996,-0.5,-1.6000000000000014,1.0,-2.8000000000000007,0.6000000000000014,3.4000000000000057,0.7000000000000028,-3.700000000000003,3.3999999999999915
2018,136,Wright St.,Tennessee,0,11.0,0.4000000000000057,-0.30000000000000426,-4.5,2.900000000000002,2.200000000000003,-9.9,-13.771,5.560900000000004,-0.33100000000000007,-1.7000000000000028,1.5,0.6000000000000014,0.5,-4.800000000000001,6.599999999999994,-0.5,-8.299999999999997,-12.900000000000006
2018,136,Texas Tech,Stephen F. Austin,1,-11.0,-0.6000000000000014,-2.299999999999997,-1.5,-3.3000000000000043,-4.5,6.5,9.046999999999997,-7.333299999999994,0.263,-0.6999999999999957,-3.0,-2.6999999999999993,-4.100000000000001,0.5999999999999943,0.19999999999998863,0.29999999999999716,-12.399999999999999,12.5
2018,136,Radford,Villanova,0,15.0,-11.899999999999999,-0.10000000000000142,-5.100000000000001,2.900000000000002,-5.3999999999999915,-17.1,-23.802999999999997,7.6541,-0.5129999999999999,-10.300000000000004,0.29999999999999716,4.000000000000002,1.6999999999999993,3.400000000000002,-1.5999999999999943,3.0,5.899999999999999,-24.0
2018,137,College of Charleston,Auburn,0,9.0,3.299999999999997,1.0,0.19999999999999574,-0.5,-7.799999999999997,-6.4,-8.308999999999997,7.5916,-0.352,1.0,0.7000000000000028,-2.0,-3.0,-7.399999999999999,0.29999999999999716,-3.1000000000000014,-7.099999999999998,-7.599999999999994
2018,137,Butler,Arkansas,1,3.0,3.0999999999999943,1.2999999999999972,-3.799999999999997,1.5999999999999943,-2.0,-1.0999999999999999,-1.5619999999999976,-3.7934000000000054,0.04300000000000004,-0.4000000000000057,1.7999999999999972,0.3999999999999986,0.40000000000000213,-2.099999999999998,6.8999999999999915,-10.999999999999996,-6.299999999999997,1.4000000000000057
2018,137,Georgia St.,Cincinnati,0,13.0,0.6999999999999957,2.6000000000000014,3.4000000000000057,2.8999999999999986,1.5,-11.0,-4.109999999999999,15.676999999999992,-0.2739999999999999,2.5,4.300000000000004,-0.6000000000000014,-1.5,-12.3,-4.099999999999994,-5.199999999999996,11.700000000000003,-15.099999999999994
2018,137,Clemson,New Mexico St.,1,-7.0,-0.3999999999999986,-1.8000000000000043,2.6000000000000014,4.100000000000001,-2.200000000000003,2.5999999999999996,5.317000000000007,-1.3948999999999927,0.07099999999999995,0.9000000000000057,2.1000000000000014,0.5,-1.6000000000000014,-6.800000000000004,-3.9000000000000057,5.0,-6.600000000000001,4.400000000000006
2018,137,Florida St.,Missouri,1,1.0,3.3000000000000043,0.0,-4.0,2.799999999999997,5.700000000000003,0.5,2.546999999999997,2.1954000000000065,-0.01200000000000001,-0.6000000000000014,2.299999999999997,-3.099999999999998,3.1000000000000014,2.400000000000002,-1.7999999999999972,-2.1000000000000014,1.3000000000000007,5.099999999999994
2018,137,Kansas St.,Creighton,1,1.0,-5.300000000000004,-1.1000000000000014,-3.1000000000000014,-0.6000000000000014,-5.799999999999997,0.5,-4.275999999999996,-1.7508000000000123,-0.03700000000000003,-4.5,-0.5,1.799999999999999,5.599999999999998,4.300000000000001,-7.5,6.5,12.400000000000002,-1.9000000000000057
2018,137,Marshall,Wichita St.,1,9.0,1.7000000000000028,2.700000000000003,-2.200000000000003,-1.2999999999999972,5.800000000000011,-5.9,-12.596999999999994,2.0870000000000033,-0.259,-0.3999999999999986,0.4000000000000057,0.8000000000000007,1.8000000000000007,-12.900000000000002,-8.899999999999991,-2.200000000000003,-4.100000000000001,-12.400000000000006
2018,137,Michigan St.,Bucknell,1,-11.0,0.20000000000000284,-8.600000000000001,5.300000000000004,0.6000000000000014,-4.900000000000006,11.0,10.801000000000002,-8.7316,0.2899999999999999,3.799999999999997,-5.0,2.099999999999998,-2.6000000000000014,8.900000000000002,0.6000000000000085,-6.100000000000001,-5.199999999999999,13.400000000000006
2018,137,Texas,Nevada,0,3.0,-0.8999999999999986,-3.200000000000003,-7.200000000000003,1.5000000000000036,-4.1000000000000085,-1.1,-10.528999999999996,-7.805999999999997,0.01100000000000001,-5.100000000000001,-1.3000000000000043,3.200000000000001,0.10000000000000142,2.0,-0.4000000000000057,-3.8999999999999986,-4.599999999999998,1.1000000000000085
2018,137,Lipscomb,North Carolina,0,13.0,2.200000000000003,7.5,-3.1999999999999957,-4.200000000000003,3.3000000000000114,-10.3,-18.165999999999997,6.505900000000011,-0.40700000000000003,-0.3999999999999986,1.6000000000000014,3.3000000000000007,3.6000000000000014,-10.399999999999999,1.9000000000000057,12.600000000000001,12.900000000000002,-18.099999999999994
2018,137,Cal St. Fullerton,Purdue,0,13.0,-2.1000000000000014,-0.5,-8.200000000000003,3.1999999999999957,2.0,-13.1,-18.26400000000001,7.087199999999996,-0.48999999999999994,-6.100000000000001,1.5,5.000000000000002,0.6999999999999993,-1.1999999999999993,-0.7000000000000028,9.899999999999999,10.999999999999996,-19.19999999999999
2018,137,Syracuse,TCU,1,5.0,-8.5,-5.0,-7.699999999999999,-5.800000000000001,-6.0,-2.6,-12.920000000000002,-7.592799999999997,-0.05900000000000005,-9.699999999999996,-5.900000000000006,1.4000000000000021,2.0,0.6000000000000014,-3.3999999999999915,6.100000000000001,0.6000000000000014,-2.8999999999999915
2018,137,Providence,Texas A&M,0,3.0,-3.0,5.799999999999997,0.30000000000000426,-0.3999999999999986,-2.0,0.0,-2.2779999999999916,2.712599999999995,-0.07199999999999995,-1.5,3.700000000000003,-1.5999999999999979,2.9999999999999982,-4.899999999999999,-0.6000000000000085,7.200000000000003,2.3999999999999986,-2.299999999999997
2018,137,Virginia,UMBC,0,-15.0,2.0,-8.200000000000003,0.09999999999999432,-4.0,-8.799999999999997,16.200000000000003,13.13900000000001,-20.9217,0.5529999999999999,0.6999999999999957,-8.399999999999999,-2.799999999999999,0.3000000000000007,1.0,3.299999999999997,-5.199999999999999,-4.900000000000002,21.69999999999999
2018,137,Murray St.,West Virginia,0,7.0,5.600000000000001,2.200000000000003,1.9000000000000057,-7.100000000000001,-3.4000000000000057,-5.0,-6.0120000000000005,3.0674000000000063,-0.18400000000000005,4.900000000000006,-2.700000000000003,0.8000000000000007,-5.100000000000001,-4.100000000000001,2.799999999999997,5.900000000000002,-13.900000000000002,-9.699999999999989
2018,137,Texas Southern,Xavier,0,15.0,-7.399999999999999,-0.3999999999999986,-1.3000000000000043,3.200000000000003,0.8999999999999915,-19.700000000000003,-15.458999999999989,13.890799999999999,-0.629,-4.900000000000006,1.5,0.1999999999999993,0.3000000000000007,-1.5,-9.299999999999997,3.0,6.599999999999998,-21.0
2018,138,Rhode Island,Duke,0,5.0,-5.600000000000001,5.200000000000003,-2.0,1.2000000000000028,-1.3000000000000114,-5.0,-10.89200000000001,3.861000000000004,-0.136,-4.5,4.100000000000001,-2.1999999999999993,6.0,-8.100000000000001,1.7000000000000028,-4.399999999999999,18.700000000000003,-9.5
2018,138,Ohio St.,Gonzaga,0,1.0,-3.5,2.0,-1.5,0.10000000000000142,-2.299999999999997,-0.40000000000000036,-3.6739999999999924,-0.04829999999999757,-0.0010000000000000009,-3.3000000000000043,1.3999999999999986,1.3000000000000007,0.6000000000000014,-2.6999999999999993,-2.200000000000003,0.6000000000000014,-0.3999999999999986,-3.9000000000000057
2018,138,Kansas,Seton Hall,1,-7.0,3.6000000000000014,-1.3999999999999986,3.6000000000000014,-0.5,-0.7999999999999972,5.699999999999999,4.598000000000013,-1.3055999999999983,0.05399999999999994,5.300000000000004,-1.3999999999999986,-1.2999999999999972,0.6000000000000014,-5.100000000000001,-3.200000000000003,-8.400000000000002,-4.099999999999998,5.800000000000011
2018,138,Kentucky,Buffalo,1,-8.0,-3.0999999999999943,-0.3999999999999986,-1.3999999999999986,-3.0,-3.799999999999997,5.6,2.141999999999996,-7.771999999999991,0.13,-3.0999999999999943,-1.6000000000000014,2.0,-1.0999999999999979,3.6000000000000014,-2.700000000000003,12.499999999999996,-8.199999999999996,9.100000000000009
2018,138,Loyola Chicago,Tennessee,1,8.0,9.300000000000004,1.0,1.7999999999999972,0.1999999999999993,-0.6999999999999886,-4.4,-3.5079999999999956,3.5010000000000048,-0.124,7.099999999999994,0.5,0.8000000000000007,-0.6000000000000014,-11.5,5.599999999999994,-3.299999999999997,-12.599999999999998,-5.900000000000006
2018,138,Houston,Michigan,0,3.0,-4.200000000000003,-3.0,3.5,-0.9000000000000057,3.5,-4.5,-0.11299999999999955,2.53779999999999,-0.02400000000000002,-0.5,-2.6000000000000014,3.9000000000000004,0.0,8.700000000000003,-1.3999999999999915,1.9000000000000021,10.900000000000002,-2.299999999999997
2018,138,Texas Tech,Florida,1,-3.0,3.5,-1.5,-1.1000000000000014,-2.9000000000000057,-0.9000000000000057,3.3000000000000003,-1.1099999999999994,-4.338899999999995,0.015000000000000013,1.6000000000000014,-2.1999999999999957,3.8000000000000007,1.8999999999999986,4.4999999999999964,2.3999999999999915,7.199999999999996,6.400000000000002,0.8999999999999915
2018,138,Alabama,Villanova,0,8.0,-5.5,-2.1000000000000014,-7.5,1.0999999999999979,0.30000000000001137,-11.7,-18.924999999999997,-1.3415000000000106,-0.16499999999999992,-8.100000000000001,-2.0,5.500000000000002,0.1999999999999993,0.3000000000000007,-3.8999999999999915,12.899999999999999,11.299999999999997,-12.700000000000003
2018,139,Clemson,Auburn,1,1.0,2.8999999999999986,-3.8000000000000043,0.8999999999999986,0.10000000000000142,-6.599999999999994,-0.3999999999999999,-4.421999999999997,-4.056200000000004,-0.013000000000000012,0.9000000000000057,-1.8999999999999986,1.1999999999999993,-3.1000000000000014,-5.600000000000001,1.5999999999999943,-5.799999999999997,-11.399999999999999,0.20000000000000284
2018,139,Florida St.,Xavier,1,8.0,-2.299999999999997,-4.399999999999999,-2.200000000000003,2.1000000000000014,0.7999999999999972,-7.9,-4.917999999999992,0.9492000000000047,-0.07600000000000007,-1.8000000000000043,-1.1000000000000014,0.6000000000000014,3.400000000000002,3.200000000000003,-7.199999999999989,-4.100000000000001,5.899999999999999,-5.300000000000011
2018,139,Kansas St.,UMBC,1,-7.0,5.299999999999997,-2.1000000000000014,-4.100000000000001,-2.0,-2.799999999999997,7.4,8.789000000000001,-7.873400000000004,0.444,1.2999999999999972,-2.6000000000000014,0.3000000000000007,0.6999999999999993,-0.29999999999999716,-3.200000000000003,3.6000000000000014,5.5,10.099999999999994
2018,139,Cincinnati,Nevada,0,-5.0,-1.8999999999999986,-9.300000000000004,-3.9000000000000057,-0.8000000000000007,-4.5,3.4000000000000004,-6.745999999999995,-15.561999999999998,0.09699999999999998,-3.299999999999997,-6.400000000000006,3.4000000000000004,4.100000000000001,10.700000000000003,0.3999999999999915,-0.30000000000000426,-3.3000000000000007,9.299999999999997
2018,139,Butler,Purdue,0,8.0,0.19999999999999574,4.0,-6.299999999999997,4.099999999999994,0.3999999999999915,-5.8999999999999995,-7.490000000000009,1.3097999999999956,-0.05899999999999994,-4.300000000000004,5.200000000000003,0.09999999999999964,2.1000000000000014,-0.3999999999999986,3.5,-9.8,11.3,-6.3999999999999915
2018,139,Syracuse,Michigan St.,1,8.0,-8.600000000000001,6.700000000000003,-8.400000000000002,-1.9000000000000021,-4.0,-8.4,-12.278000000000006,0.47580000000000666,-0.119,-10.599999999999994,4.199999999999996,-0.09999999999999787,5.100000000000001,-1.0,-2.5,3.9000000000000057,2.1000000000000014,-9.799999999999997
2018,139,North Carolina,Texas A&M,0,-5.0,-1.5,-0.4000000000000057,3.0,5.399999999999999,2.299999999999997,5.199999999999999,10.75500000000001,2.6291999999999973,0.061000000000000054,1.1999999999999957,3.700000000000003,-2.3999999999999986,0.29999999999999893,4.100000000000001,2.299999999999997,-3.3999999999999986,-3.1999999999999993,7.0
2018,139,Marshall,West Virginia,0,8.0,6.700000000000003,3.3000000000000043,0.6000000000000014,-3.0,4.700000000000003,-7.1,-9.822999999999993,6.567400000000006,-0.31100000000000005,4.600000000000001,0.10000000000000142,0.6999999999999993,-5.100000000000001,-14.3,-1.5999999999999943,1.6999999999999993,-15.100000000000001,-13.0
2018,143,Gonzaga,Florida St.,0,-5.0,4.600000000000001,-1.2999999999999972,1.7999999999999972,-0.5,-2.0,4.0,4.001999999999995,-4.909300000000002,0.07300000000000006,3.8000000000000043,-2.0,-1.6000000000000014,-1.7000000000000028,-0.20000000000000284,7.3999999999999915,-5.200000000000003,-1.3000000000000007,5.900000000000006
2018,143,Kentucky,Kansas St.,0,-4.0,-2.1999999999999957,-0.8999999999999986,1.6000000000000014,-2.8999999999999986,3.5,1.7999999999999998,4.248000000000005,-1.4045999999999879,0.031000000000000028,-1.7999999999999972,-2.6000000000000014,1.4000000000000021,-4.299999999999997,9.5,0.9000000000000057,9.199999999999996,-4.399999999999999,6.700000000000003
2018,143,Nevada,Loyola Chicago,0,-4.0,-4.5,3.6000000000000014,-0.5999999999999943,-0.3000000000000007,4.299999999999997,0.5,8.569999999999993,5.528899999999993,0.052999999999999936,-2.8999999999999986,1.9000000000000057,-4.9,-1.8000000000000007,5.299999999999997,-3.1999999999999886,3.8999999999999986,5.0,0.5
2018,143,Texas A&M,Michigan,0,4.0,-2.200000000000003,-1.0999999999999943,-2.3000000000000043,-0.6000000000000014,4.3999999999999915,-5.0,-4.696000000000012,1.5853999999999928,-0.050000000000000044,-3.299999999999997,-2.0,5.299999999999999,-3.4999999999999982,8.299999999999997,-3.8999999999999915,1.6999999999999993,-1.1999999999999993,-4.900000000000006
2018,144,Duke,Syracuse,1,-9.0,9.399999999999999,0.29999999999999716,5.5000000000000036,0.1999999999999993,6.900000000000006,7.0,14.897000000000006,-0.6452000000000027,0.135,8.799999999999997,-0.7999999999999972,-1.4000000000000021,-2.700000000000003,4.0,0.09999999999999432,-5.300000000000004,-9.3,10.699999999999989
2018,144,Kansas,Clemson,1,-4.0,4.0,4.700000000000003,3.5,-1.9000000000000057,2.700000000000003,4.299999999999999,7.159000000000006,4.188599999999994,0.05899999999999994,5.399999999999999,0.8999999999999986,-1.2999999999999972,0.8000000000000007,1.7000000000000028,-5.0,-7.900000000000002,-2.1999999999999993,6.700000000000003
2018,144,Texas Tech,Purdue,1,1.0,-3.0,-0.3999999999999986,-6.100000000000001,-0.9000000000000057,-1.1000000000000085,-2.8999999999999995,-9.218000000000004,-4.494500000000002,-0.03499999999999992,-5.399999999999999,-0.09999999999999432,2.5000000000000018,4.300000000000001,5.599999999999998,-0.20000000000000284,4.199999999999996,14.3,-3.799999999999997
2018,144,West Virginia,Villanova,0,4.0,-10.200000000000003,-3.6000000000000014,-4.800000000000004,6.300000000000001,1.6000000000000085,-6.0,-8.233000000000004,1.401699999999991,-0.03699999999999992,-9.400000000000006,0.3999999999999986,1.9000000000000004,4.800000000000001,7.800000000000001,-3.299999999999997,2.599999999999998,18.6,-6.300000000000011
2018,145,Loyola Chicago,Kansas St.,1,2.0,3.200000000000003,-1.7999999999999972,5.699999999999996,-1.0,-0.09999999999999432,-0.5,-0.8469999999999942,-1.2324999999999875,-0.06499999999999995,4.299999999999997,-2.200000000000003,1.6000000000000014,-1.3999999999999986,-4.0,6.299999999999997,-0.3999999999999986,-10.900000000000002,-0.20000000000000284
2018,145,Florida St.,Michigan,0,6.0,-1.1000000000000014,-1.3999999999999986,-0.20000000000000284,2.299999999999997,6.599999999999994,-6.0,-0.07800000000000296,7.288899999999998,-0.06800000000000006,-0.5,0.5,3.700000000000001,-0.29999999999999716,7.200000000000003,-5.699999999999989,5.800000000000001,0.5,-4.900000000000006
2018,146,Duke,Kansas,0,1.0,0.3999999999999986,-3.200000000000003,-2.8999999999999986,-1.2999999999999972,1.0,-1.5999999999999996,1.668999999999997,-4.226799999999997,0.017000000000000015,-2.1000000000000014,-2.5,1.0999999999999979,-1.6000000000000014,10.0,2.5,8.7,-2.8000000000000007,1.6999999999999886
2018,146,Texas Tech,Villanova,0,2.0,-7.899999999999999,-3.8999999999999986,-4.200000000000003,0.5999999999999979,-2.0,-5.8999999999999995,-13.354,-3.887600000000006,-0.04399999999999993,-7.0,-2.5,3.5000000000000018,3.5,4.4999999999999964,-1.7000000000000028,11.699999999999996,12.600000000000001,-7.6000000000000085
2018,152,Loyola Chicago,Michigan,0,8.0,1.8999999999999986,0.30000000000000426,4.599999999999994,-1.2000000000000028,0.5,-4.9,-4.569000000000003,3.4816000000000003,-0.122,3.3999999999999986,-1.1000000000000014,4.9,0.6000000000000014,-3.8999999999999986,-1.5,2.900000000000002,-4.5,-7.200000000000003
2018,152,Villanova,Kansas,1,0.0,3.3999999999999986,0.3999999999999986,0.0,-1.5999999999999979,-0.30000000000001137,2.4000000000000004,6.450999999999993,-1.7188999999999908,0.025000000000000022,1.6000000000000014,0.7000000000000028,-2.0000000000000018,0.0,-0.3000000000000007,5.0,2.400000000000002,0.6999999999999993,4.0
2018,154,Michigan,Villanova,0,2.0,-4.299999999999997,-2.200000000000003,-4.899999999999999,1.5000000000000036,-3.6999999999999886,-3.6999999999999993,-11.483999999999995,-3.2653999999999996,-0.04699999999999993,-5.300000000000004,-0.8000000000000043,-0.6999999999999993,0.8999999999999986,-2.8000000000000007,2.299999999999997,1.6999999999999993,4.699999999999999,-6.400000000000006
2019,134,Belmont,Temple,1,0.0,9.100000000000001,-4.299999999999997,4.0,1.5,2.299999999999997,-0.6000000000000001,5.983000000000004,2.301300000000012,0.0010000000000000009,7.699999999999996,-1.3999999999999986,-0.29999999999999893,-4.5,-1.0,5.299999999999997,-4.899999999999999,-6.0000000000000036,1.3999999999999915
2019,134,Prairie View A&M,Fairleigh Dickinson,0,0.0,-1.7999999999999972,2.4000000000000057,-7.700000000000003,-4.099999999999998,4.200000000000003,2.200000000000001,-4.653999999999996,-4.594000000000008,0.031000000000000028,-5.700000000000003,-0.6000000000000014,-2.0,4.300000000000001,0.40000000000000213,-0.9000000000000057,8.700000000000003,16.400000000000002,0.4000000000000057
2019,135,Arizona St.,St. John's,1,0.0,0.09999999999999432,-3.0,-2.1999999999999957,-0.8000000000000043,-0.3999999999999915,1.3,0.10299999999999443,-2.355400000000003,0.03700000000000003,-1.5,-2.1999999999999957,4.4,-2.1000000000000014,11.100000000000001,3.299999999999997,14.200000000000003,-0.3999999999999986,1.9000000000000057
2019,135,North Carolina Central,North Dakota St.,0,0.0,-0.8000000000000043,-1.7000000000000028,-5.200000000000003,-5.0,-0.09999999999999432,-2.3000000000000007,-9.91040000000001,-1.222999999999999,-0.184,-4.0,-3.8999999999999986,7.199999999999999,3.0999999999999996,13.900000000000002,-1.5999999999999943,1.2999999999999972,4.699999999999999,-4.799999999999997
2019,136,New Mexico St.,Auburn,0,7.0,5.0,-3.3999999999999986,-4.100000000000001,-1.2999999999999972,-2.200000000000003,-4.699999999999999,-6.965999999999994,2.7776000000000067,-0.124,-0.20000000000000284,-3.0999999999999943,0.1999999999999993,-6.0,4.299999999999997,10.200000000000003,3.1000000000000014,-4.200000000000003,-8.399999999999991
2019,136,Baylor,Syracuse,1,1.0,1.9000000000000057,0.6000000000000014,0.8000000000000043,1.6000000000000014,-0.7000000000000028,0.5,3.304000000000002,4.3104999999999905,-0.039000000000000035,1.3999999999999986,1.1000000000000014,1.5,-4.699999999999999,8.0,4.5,-4.199999999999996,1.7000000000000028,-2.299999999999997
2019,136,Florida,Nevada,1,3.0,-5.399999999999999,2.200000000000003,-1.3000000000000043,-1.6000000000000014,-6.5,-3.0999999999999996,-3.781000000000006,-3.1821000000000055,0.019000000000000017,-4.200000000000003,0.7999999999999972,3.5999999999999996,3.400000000000002,4.600000000000001,-7.0,-10.300000000000004,6.0,-1.5
2019,136,Vermont,Florida St.,0,9.0,0.7000000000000028,1.0,2.6999999999999957,1.6000000000000014,-3.299999999999997,-8.6,-5.037999999999997,8.799300000000002,-0.16300000000000003,1.6999999999999957,1.7000000000000028,-2.599999999999998,-0.9000000000000021,-5.600000000000001,5.1000000000000085,0.0,-9.900000000000002,-8.600000000000009
2019,136,Gonzaga,Fairleigh Dickinson,1,-15.0,10.399999999999999,-7.899999999999999,-3.8000000000000043,-4.899999999999999,4.0,16.3,18.941000000000003,-18.096000000000004,0.614,5.100000000000001,-7.299999999999997,-4.899999999999999,-1.5,1.2000000000000028,6.0,0.5,-5.099999999999998,25.400000000000006
2019,136,Northeastern,Kansas,0,9.0,3.1999999999999957,7.0,3.200000000000003,0.10000000000000142,-4.0,-11.100000000000001,-1.2809999999999917,10.677400000000006,-0.22299999999999998,4.900000000000006,4.0,-2.0,-1.8000000000000007,-7.0,4.0,1.3999999999999986,0.3000000000000007,-8.100000000000009
2019,136,Kentucky,Abilene Christian,1,-13.0,3.3999999999999986,-6.199999999999996,-2.3000000000000043,1.0,-0.19999999999998863,11.4,14.597999999999999,-10.729600000000005,0.4079999999999999,0.8999999999999986,-2.6000000000000014,1.1000000000000014,-5.0,8.900000000000002,2.0,8.0,-11.299999999999997,19.599999999999994
2019,136,LSU,Yale,1,-11.0,-3.1000000000000014,1.6000000000000014,-4.600000000000001,2.700000000000003,-1.0,8.2,6.783000000000001,-5.595399999999998,0.20000000000000007,-4.399999999999999,3.0,0.09999999999999787,5.5,10.999999999999996,-6.0,7.200000000000003,3.6000000000000014,9.700000000000003
2019,136,Belmont,Maryland,0,5.0,8.400000000000006,2.5,2.1000000000000014,2.5,4.799999999999997,-3.0,1.01400000000001,7.917100000000005,-0.10499999999999998,5.899999999999999,2.8999999999999986,-4.4,2.0,-8.299999999999997,0.4000000000000057,-4.799999999999997,1.0999999999999979,-4.299999999999997
2019,136,Michigan,Montana,1,-13.0,-3.8000000000000043,-5.0,-3.5999999999999943,-5.299999999999997,-2.0999999999999943,12.399999999999999,8.156000000000006,-17.73299999999999,0.371,-4.600000000000001,-5.899999999999999,-3.8999999999999986,-1.0,-3.1999999999999993,-0.5,-5.0,-12.100000000000001,14.799999999999997
2019,136,Bradley,Michigan St.,0,13.0,-7.799999999999997,4.600000000000001,-0.7999999999999972,1.1999999999999957,-2.0999999999999943,-18.6,-20.837000000000003,10.882099999999994,-0.487,-6.099999999999994,3.8999999999999986,0.1999999999999993,3.700000000000001,-7.0,0.09999999999999432,1.2999999999999972,7.599999999999998,-19.39999999999999
2019,136,Louisville,Minnesota,0,-3.0,2.1000000000000014,-2.700000000000003,2.5000000000000036,-2.0,-0.20000000000000284,-0.40000000000000036,2.7049999999999983,-3.808099999999996,0.09699999999999998,2.6000000000000014,-2.700000000000003,0.1999999999999993,-0.3000000000000007,-2.6999999999999993,2.299999999999997,-6.899999999999999,3.3000000000000007,5.0
2019,136,Marquette,Murray St.,0,-7.0,-6.200000000000003,-3.1999999999999957,3.8999999999999986,3.5,0.29999999999999716,1.5000000000000002,2.112000000000009,-2.976600000000005,0.07199999999999995,-1.1000000000000014,-0.5,2.3000000000000007,-2.8999999999999986,-3.299999999999997,3.799999999999997,2.6999999999999957,7.300000000000004,3.1000000000000085
2019,136,Old Dominion,Purdue,0,11.0,-7.399999999999999,-3.700000000000003,-2.5,-1.8000000000000043,-1.0999999999999943,-7.8999999999999995,-19.164,1.3086000000000126,-0.29799999999999993,-5.0,-3.8999999999999986,1.9999999999999982,-0.8999999999999986,-2.700000000000003,1.7999999999999972,0.10000000000000142,-0.30000000000000426,-12.0
2019,136,Villanova,Saint Mary's,1,-5.0,1.4000000000000057,0.5,-2.5999999999999943,2.1999999999999957,1.0,4.4,2.3389999999999986,1.2755999999999972,-0.009000000000000008,-0.6000000000000014,1.2999999999999972,0.6999999999999993,1.7000000000000028,-0.5,-4.099999999999994,5.599999999999998,-0.7999999999999972,3.700000000000003
2019,136,Seton Hall,Wofford,0,3.0,-3.299999999999997,-1.8999999999999986,-9.0,1.3999999999999986,3.3000000000000114,-4.4,-9.054000000000002,-1.2460999999999984,-0.10199999999999998,-7.899999999999999,-0.9000000000000057,1.3000000000000007,0.6999999999999993,-2.9999999999999964,-4.800000000000011,7.099999999999998,0.8000000000000007,-2.8000000000000114
2019,137,Arizona St.,Buffalo,0,5.0,-4.900000000000006,-2.0,-0.10000000000000142,4.099999999999998,-3.0,-5.4,-5.116,4.011499999999998,-0.10699999999999998,-2.6000000000000014,1.3999999999999986,2.9000000000000004,-1.5,0.8999999999999986,0.29999999999999716,11.399999999999999,7.100000000000001,-5.3999999999999915
2019,137,Duke,North Dakota St.,1,-15.0,5.899999999999999,-7.600000000000001,-5.900000000000002,-7.100000000000001,7.099999999999994,19.799999999999997,13.531999999999996,-21.659900000000007,0.5469999999999999,-0.3999999999999986,-9.0,1.8999999999999986,5.200000000000001,15.400000000000002,-4.299999999999997,2.5,-2.1999999999999993,26.0
2019,137,Georgia St.,Houston,0,11.0,-0.09999999999999432,8.200000000000003,2.6000000000000014,4.899999999999999,4.0,-9.1,-6.231999999999999,10.595600000000005,-0.265,2.299999999999997,7.700000000000003,-0.1999999999999993,2.900000000000002,-11.400000000000002,-7.3999999999999915,3.8000000000000043,-6.300000000000001,-12.100000000000009
2019,137,Iowa,Cincinnati,1,3.0,3.799999999999997,8.399999999999999,1.8999999999999986,-3.1000000000000014,5.900000000000006,-2.5999999999999996,5.596999999999994,6.691999999999993,-0.041000000000000036,3.6000000000000014,3.5,1.0999999999999979,-2.3999999999999986,-7.700000000000003,0.4000000000000057,4.199999999999996,-1.6999999999999993,-1.2000000000000028
2019,137,Mississippi St.,Liberty,0,-7.0,-3.0,0.10000000000000142,0.9000000000000057,2.4000000000000057,5.5,5.1,6.829999999999998,-3.026200000000003,0.16500000000000004,-1.5,1.3999999999999986,2.1000000000000014,-1.1000000000000014,9.2,-3.299999999999997,6.299999999999997,-0.6999999999999993,7.299999999999997
2019,137,North Carolina,Iona,1,-15.0,-1.1000000000000014,-2.3999999999999986,1.1000000000000014,-3.1000000000000014,4.099999999999994,20.4,13.358000000000004,-18.89200000000001,0.584,-0.10000000000000142,-4.0,-0.1999999999999993,-0.10000000000000142,8.900000000000002,6.8999999999999915,-6.200000000000003,0.09999999999999787,20.900000000000006
2019,137,Ohio St.,Iowa St.,1,5.0,-5.299999999999997,0.7999999999999972,-2.1000000000000014,-0.8999999999999986,-1.8999999999999915,-3.4,-9.724000000000004,-2.955600000000004,-0.08100000000000007,-4.399999999999999,-0.29999999999999716,2.5,-0.40000000000000213,-0.8000000000000007,3.9000000000000057,3.6999999999999993,8.2,-4.0
2019,137,Oklahoma,Mississippi,1,1.0,-3.0,-2.4000000000000057,-1.1999999999999957,-4.100000000000001,0.5999999999999943,1.6,-3.378,-3.8299999999999983,0.0030000000000000027,-2.799999999999997,-3.5,-0.8000000000000007,-3.5,-4.199999999999999,1.5999999999999943,-0.3000000000000007,-9.100000000000001,2.200000000000003
2019,137,Wisconsin,Oregon,0,-7.0,-1.8999999999999986,-4.699999999999996,0.7999999999999972,2.5,-0.4000000000000057,7.4,3.1089999999999947,-5.414100000000005,0.08700000000000008,-0.20000000000000284,-2.0,-3.4000000000000004,-3.8000000000000007,-5.699999999999999,1.5999999999999943,-2.8000000000000007,-9.399999999999999,3.9000000000000057
2019,137,Colgate,Tennessee,0,13.0,-1.8999999999999986,5.799999999999997,2.799999999999997,-1.5,-0.8999999999999915,-14.3,-12.441000000000003,10.252300000000005,-0.374,0.6000000000000014,3.200000000000003,3.4000000000000004,-0.1999999999999993,-1.3000000000000007,3.3999999999999915,-4.5,-5.799999999999997,-16.200000000000003
2019,137,Texas Tech,Northern Kentucky,1,-11.0,-2.200000000000003,-8.0,0.5,-2.3000000000000007,-1.7999999999999972,9.2,3.459000000000003,-16.729200000000006,0.2749999999999999,-1.2999999999999972,-6.100000000000001,0.5999999999999979,4.5,-2.099999999999998,-2.0999999999999943,-2.0,2.3999999999999986,12.600000000000009
2019,137,Kansas St.,UC Irvine,0,-9.0,-1.2000000000000028,8.299999999999997,-2.5,-2.5,-1.6999999999999886,5.8,1.3539999999999992,-9.406300000000002,0.18200000000000005,-1.8999999999999986,4.399999999999999,0.29999999999999716,6.199999999999999,-5.5,0.8000000000000114,2.099999999999998,-3.299999999999997,8.099999999999994
2019,137,UCF,VCU,1,1.0,-1.1000000000000014,0.7000000000000028,6.0,2.8000000000000007,-3.299999999999997,0.8999999999999999,5.998000000000005,7.1113,-0.014000000000000012,2.1000000000000014,2.5,-2.6000000000000014,-5.199999999999999,-1.3999999999999986,1.0999999999999943,10.399999999999999,-7.600000000000001,0.8999999999999915
2019,137,Gardner Webb,Virginia,0,15.0,1.1000000000000014,4.699999999999996,-1.7999999999999972,4.800000000000004,8.0,-16.1,-16.096000000000004,20.301699999999997,-0.522,-0.9000000000000057,6.700000000000003,2.1000000000000014,0.3000000000000007,-7.399999999999999,-5.099999999999994,8.900000000000002,-0.1999999999999993,-23.299999999999997
2019,137,Virginia Tech,Saint Louis,1,-9.0,5.699999999999996,2.299999999999997,9.0,1.3000000000000043,-2.6000000000000085,8.2,15.858000000000004,-2.339000000000013,0.269,9.600000000000001,2.0,-1.5,2.3000000000000007,-6.300000000000001,-2.1000000000000085,-8.300000000000004,-6.5,12.0
2019,137,Washington,Utah St.,1,1.0,-2.3000000000000043,3.799999999999997,-0.7000000000000028,-1.8999999999999986,-2.299999999999997,1.1,-5.98599999999999,-2.7333,-0.03499999999999992,-2.1999999999999957,1.0999999999999943,1.9000000000000021,6.800000000000001,-2.099999999999998,-12.200000000000003,-1.6000000000000014,0.3999999999999986,-0.09999999999999432
2019,138,Kansas,Auburn,0,-1.0,0.8999999999999986,-5.399999999999999,-3.1000000000000014,-1.1999999999999957,2.200000000000003,2.200000000000001,-6.825000000000003,-4.199100000000001,-0.018000000000000016,-1.9000000000000057,-4.0,1.1999999999999993,-6.800000000000001,-3.0000000000000036,4.6000000000000085,1.8999999999999986,-8.900000000000002,-2.5999999999999943
2019,138,Murray St.,Florida St.,0,8.0,5.300000000000004,3.0,1.6999999999999957,-4.600000000000001,0.20000000000000284,-6.3999999999999995,-0.9489999999999981,8.276700000000005,-0.10799999999999998,4.5,-0.8999999999999986,-2.0,-0.8000000000000007,-0.7000000000000028,-3.0999999999999943,-3.0999999999999943,-7.700000000000003,-6.6000000000000085
2019,138,Gonzaga,Baylor,1,-8.0,10.199999999999996,-4.100000000000001,2.1999999999999957,-4.100000000000001,5.400000000000006,6.1,11.608000000000004,-5.887799999999999,0.15000000000000002,8.700000000000003,-4.399999999999999,-5.399999999999999,0.3999999999999986,-7.5,1.7000000000000028,3.3999999999999986,-11.399999999999999,13.299999999999997
2019,138,Wofford,Kentucky,0,5.0,1.0,7.0,6.0,-1.6999999999999957,0.19999999999998863,-4.800000000000001,0.13400000000000034,6.832800000000006,-0.06899999999999995,4.5,3.200000000000003,-2.3000000000000007,0.9000000000000021,-4.300000000000004,1.2000000000000028,-14.8,4.699999999999999,-6.8999999999999915
2019,138,LSU,Maryland,1,-3.0,2.1000000000000014,4.699999999999996,-3.0,1.8000000000000043,3.5,3.0999999999999996,4.665000000000006,3.6766999999999967,0.017000000000000015,-0.19999999999999574,4.200000000000003,-1.6000000000000014,6.399999999999999,3.3999999999999986,-5.700000000000003,4.800000000000004,7.600000000000001,1.9000000000000057
2019,138,Florida,Michigan,0,8.0,-2.299999999999997,4.200000000000003,-0.8000000000000043,2.5,-1.6000000000000085,-8.5,-5.297000000000011,5.813999999999993,-0.07399999999999995,-2.200000000000003,4.299999999999997,4.5,4.300000000000001,6.600000000000001,-6.200000000000003,3.3999999999999986,8.700000000000003,-7.099999999999994
2019,138,Michigan St.,Minnesota,1,-8.0,5.799999999999997,-6.800000000000004,6.099999999999998,-2.3999999999999986,-0.20000000000000284,7.999999999999999,11.057999999999993,-5.845699999999994,0.1469999999999999,7.5,-5.399999999999999,1.0999999999999979,-1.700000000000001,2.200000000000003,1.2999999999999972,-7.0,-0.6000000000000014,11.399999999999991
2019,138,Purdue,Villanova,1,-3.0,-2.200000000000003,-2.5,2.1999999999999957,-0.09999999999999432,1.9000000000000057,2.4999999999999996,4.1200000000000045,-3.1565000000000083,0.08399999999999996,-0.6999999999999957,-0.3999999999999986,-1.0999999999999996,1.3999999999999986,4.199999999999999,0.7000000000000028,-5.899999999999999,4.100000000000001,2.700000000000003
2019,139,UCF,Duke,0,8.0,-6.0,-0.5,5.699999999999999,1.4000000000000021,-7.199999999999989,-9.2,-9.774000000000001,7.642400000000009,-0.09599999999999997,-0.6999999999999957,0.8999999999999986,-0.1999999999999993,-1.5,-6.5,0.20000000000000284,11.799999999999997,5.600000000000001,-13.700000000000003
2019,139,Houston,Ohio St.,1,-8.0,1.5999999999999943,-4.899999999999999,1.3999999999999986,-4.800000000000004,0.09999999999999432,6.8999999999999995,4.849999999999994,-2.4962000000000018,0.09800000000000009,1.6000000000000014,-5.800000000000004,-1.8999999999999986,-0.1999999999999993,7.0000000000000036,-0.10000000000000853,-2.1000000000000014,5.800000000000001,6.0
2019,139,Washington,North Carolina,0,8.0,-0.20000000000000284,-1.8999999999999986,-1.2000000000000028,-0.10000000000000142,-8.700000000000003,-6.9,-12.891999999999996,2.912400000000005,-0.1449999999999999,-0.7999999999999972,-1.0,2.6999999999999993,5.5,-5.0,-11.200000000000003,4.200000000000003,5.600000000000001,-11.0
2019,139,Oregon,UC Irvine,1,-1.0,1.5,8.099999999999994,-0.7999999999999972,-4.899999999999999,-1.1999999999999886,-1.8,1.0940000000000083,-4.5959,0.10199999999999998,0.30000000000000426,3.0999999999999943,0.6999999999999993,4.300000000000001,-3.900000000000002,-1.6999999999999886,1.6999999999999993,1.5,4.599999999999994
2019,139,Iowa,Tennessee,0,8.0,-4.0,8.799999999999997,-0.30000000000000426,-3.0,2.1000000000000085,-6.7,-5.3160000000000025,5.708299999999994,-0.10699999999999998,-2.6999999999999957,4.200000000000003,1.299999999999999,0.3000000000000007,-1.7000000000000028,1.2999999999999972,8.899999999999999,-5.599999999999998,-7.6000000000000085
2019,139,Buffalo,Texas Tech,0,3.0,2.9000000000000057,7.399999999999999,-2.799999999999997,-0.3999999999999986,7.400000000000006,-1.5,2.195999999999998,8.606300000000005,-0.07299999999999995,-0.30000000000000426,4.400000000000006,-2.5999999999999996,-2.6000000000000014,3.0,1.8999999999999915,-1.2999999999999972,-6.100000000000001,-3.6000000000000085
2019,139,Oklahoma,Virginia,0,8.0,-2.799999999999997,0.09999999999999432,-4.899999999999999,4.399999999999999,9.599999999999994,-8.6,-14.170000000000002,5.949999999999989,-0.11299999999999999,-5.5,3.6000000000000014,2.6999999999999993,-0.3000000000000007,-3.8000000000000007,-2.0,1.0999999999999979,-3.799999999999997,-12.200000000000003
2019,139,Liberty,Virginia Tech,0,8.0,3.5,-0.7000000000000028,-2.6000000000000014,0.5999999999999943,-1.5999999999999943,-5.6,-7.868000000000009,5.7801000000000045,-0.20000000000000007,-0.29999999999999716,-0.19999999999999574,-0.3000000000000007,-0.8999999999999986,-4.100000000000001,0.9000000000000057,-5.399999999999999,6.0,-10.599999999999994
2019,143,Florida St.,Gonzaga,0,3.0,-10.5,1.8999999999999986,-3.0999999999999943,3.1000000000000014,-2.0,0.5999999999999996,-12.138000000000005,-1.9067000000000007,-0.07299999999999995,-8.899999999999999,3.0999999999999943,4.699999999999999,1.4000000000000021,2.5,0.19999999999998863,0.29999999999999716,11.0,-7.099999999999994
2019,143,Purdue,Tennessee,1,1.0,-3.8999999999999986,2.5,0.6999999999999957,-1.1999999999999957,-1.7999999999999972,-3.8000000000000007,-1.3859999999999957,-0.45650000000000546,-0.013000000000000012,-2.5999999999999943,2.1000000000000014,0.0,1.3000000000000007,3.3999999999999986,3.700000000000003,-4.0,-1.6999999999999957,-2.200000000000003
2019,143,Michigan,Texas Tech,0,-1.0,-1.0,2.3999999999999986,-2.299999999999997,-0.5999999999999979,-1.5999999999999943,2.1999999999999993,2.8220000000000027,0.13420000000000698,0.013000000000000012,-1.6000000000000014,1.3000000000000043,-4.699999999999999,-4.699999999999999,-4.100000000000001,3.0999999999999943,-6.5,-12.700000000000003,1.2999999999999972
2019,143,Virginia,Oregon,1,-11.0,0.8999999999999986,-3.0999999999999943,4.399999999999999,-0.10000000000000142,-4.700000000000003,12.2,15.870999999999995,-4.631799999999998,0.15000000000000002,4.0,-3.299999999999997,-3.1000000000000014,-3.1999999999999993,0.3000000000000007,2.1999999999999886,0.0,-7.399999999999999,12.600000000000009
2019,144,North Carolina,Auburn,0,-4.0,0.3999999999999986,-3.5,-1.8999999999999986,-1.2999999999999972,6.700000000000003,3.9000000000000004,0.30100000000000193,-5.538700000000006,0.029999999999999916,-1.3000000000000043,-3.5,-0.3999999999999986,-6.800000000000001,1.8999999999999986,9.700000000000003,-0.10000000000000142,-7.700000000000003,3.9000000000000057
2019,144,Virginia Tech,Duke,0,3.0,-5.100000000000001,4.0,8.599999999999998,2.8000000000000043,-8.5,-6.199999999999999,-1.6509999999999962,5.872299999999996,-0.039999999999999925,3.0,4.299999999999997,-0.1999999999999993,1.8999999999999986,-6.300000000000001,2.299999999999997,-3.200000000000003,2.3999999999999986,-7.299999999999997
2019,144,Kentucky,Houston,1,-1.0,1.6000000000000014,0.6000000000000014,-0.10000000000000142,6.399999999999999,-0.3999999999999915,1.0000000000000009,4.105000000000004,-0.8840000000000003,0.009999999999999898,1.1999999999999957,4.600000000000001,1.6999999999999993,0.1999999999999993,1.8999999999999986,0.4000000000000057,10.600000000000001,-10.5,2.8999999999999915
2019,144,Michigan St.,LSU,1,-1.0,1.3999999999999986,-7.5,5.899999999999999,-2.1000000000000014,-2.6000000000000085,3.3999999999999995,3.2439999999999998,-7.151699999999991,0.04899999999999993,4.099999999999994,-6.5,0.5,-5.799999999999999,-3.1999999999999957,3.6000000000000085,-2.700000000000003,-6.5000000000000036,5.299999999999997
2019,145,Gonzaga,Texas Tech,0,-2.0,8.600000000000001,1.5,-0.20000000000000284,0.6999999999999993,4.5,0.0,12.430999999999997,6.389200000000002,0.018000000000000016,5.899999999999999,1.4000000000000057,-3.6999999999999993,-4.100000000000001,2.0,1.5,2.5,-12.5,5.299999999999997
2019,145,Purdue,Virginia,0,2.0,-1.0,1.5,-2.1000000000000014,5.300000000000004,6.299999999999997,-5.0,-2.4779999999999944,7.125899999999987,-0.038000000000000034,-3.0,6.0,1.200000000000001,1.6999999999999993,5.0,-0.6999999999999886,-0.9000000000000021,4.800000000000004,-6.200000000000003
2019,146,Auburn,Kentucky,1,3.0,-1.1999999999999957,7.799999999999997,2.700000000000003,0.5,2.3999999999999915,-2.700000000000001,1.347999999999999,5.430300000000003,-0.015999999999999903,0.9000000000000057,4.799999999999997,-1.0,6.900000000000002,-3.8999999999999986,-7.1000000000000085,-11.5,9.5,-2.0
2019,146,Michigan St.,Duke,1,1.0,-3.700000000000003,-3.1000000000000014,6.9999999999999964,1.7000000000000028,-5.0,-0.5,1.644999999999996,2.2768000000000086,-0.014000000000000012,2.3999999999999986,-0.8999999999999986,1.0,-4.9,-2.0,2.9000000000000057,0.3999999999999986,3.6999999999999993,-4.0
2019,152,Texas Tech,Michigan St.,1,1.0,-1.5,0.0,-1.2999999999999972,-1.9000000000000021,-1.0999999999999943,-3.6999999999999993,-9.034999999999997,-4.42110000000001,-0.0030000000000000027,-2.0999999999999943,-0.9000000000000057,-0.5,8.1,-5.5,-1.7999999999999972,-1.5,9.900000000000002,-2.5999999999999943
2019,152,Auburn,Virginia,0,4.0,-0.7999999999999972,5.699999999999996,-1.3999999999999986,5.899999999999999,8.599999999999994,-5.0,-4.0,8.323399999999992,-0.04999999999999993,-1.5,8.299999999999997,2.8000000000000007,7.5,2.700000000000003,-7.0,0.6999999999999993,8.700000000000003,-5.900000000000006
2019,154,Texas Tech,Virginia,0,2.0,0.29999999999999716,-3.8000000000000043,-3.0,0.8000000000000007,6.799999999999997,-4.1,-10.876999999999995,-1.9695000000000107,-0.02300000000000002,-2.0,-0.7000000000000028,3.5,5.199999999999999,-1.3999999999999986,-2.6999999999999886,3.1999999999999993,9.700000000000003,-5.5
2021,136,Drake,Wichita St.,1,0.0,9.699999999999996,2.1000000000000014,2.1000000000000014,0.0,-0.7999999999999972,0.19999999999999996,3.9609999999999985,0.8648000000000025,0.006000000000000005,6.899999999999999,1.2999999999999972,-0.7000000000000011,0.6999999999999993,1.8000000000000007,8.5,-13.000000000000004,0.0,-2.3000000000000114
2021,136,Norfolk St.,Appalachian St.,1,0.0,-0.6000000000000014,-3.1999999999999957,4.799999999999997,-1.8000000000000007,2.5,2.7,1.2132000000000005,0.6170000000000044,0.025999999999999968,2.0,-3.0,0.3000000000000007,0.6999999999999993,1.0,1.8999999999999915,5.600000000000001,18.0,-2.0
2021,136,Mount St. Mary's,Texas Southern,0,0.0,-3.299999999999997,0.3999999999999986,6.0000000000000036,-2.299999999999997,-9.599999999999994,-2.7,-3.5653000000000077,-4.609999999999999,0.009000000000000008,0.4000000000000057,-1.0,-1.1999999999999993,-3.0,-1.0,1.6000000000000085,-9.2,-9.199999999999996,0.10000000000000853
2021,136,Michigan St.,UCLA,0,0.0,-2.8000000000000043,-1.2999999999999972,-4.700000000000003,-3.6000000000000014,4.0,0.3999999999999999,-6.4140000000000015,-4.511399999999995,-0.09099999999999997,-4.100000000000001,-2.9000000000000057,2.1999999999999993,-2.200000000000001,-0.40000000000000213,-1.8999999999999915,-1.2000000000000028,9.100000000000001,1.0
2021,137,Colgate,Arkansas,0,11.0,3.5,2.6000000000000014,6.300000000000004,-6.5,-1.1999999999999886,-4.3,-0.6119999999999948,10.695600000000013,-0.06700000000000006,5.5,-2.0,-3.6999999999999993,-3.6999999999999993,-3.5,0.7999999999999972,-1.7000000000000028,-4.300000000000001,-6.700000000000003
2021,137,Baylor,Hartford,1,-15.0,2.8000000000000043,-2.6000000000000014,9.099999999999994,5.300000000000001,1.8999999999999915,11.5,25.776399999999995,-6.4521000000000015,0.534,7.100000000000001,1.5,-1.3999999999999986,4.200000000000003,12.600000000000001,-2.1000000000000085,-1.6000000000000014,6.699999999999999,22.69999999999999
2021,137,Virginia Tech,Florida,0,3.0,-0.19999999999999574,-0.7999999999999972,0.0,2.3999999999999986,-2.0999999999999943,-0.4999999999999999,-0.9269999999999925,1.4048999999999978,-0.040000000000000036,0.0,0.8999999999999986,-3.3999999999999986,-3.0,-2.400000000000002,7.299999999999997,-0.5999999999999943,-3.8999999999999986,-1.7999999999999972
2021,137,Cleveland St.,Houston,0,13.0,2.200000000000003,7.899999999999999,-3.6000000000000014,2.3000000000000007,1.2000000000000028,-6.7,-18.069999999999993,9.377700000000004,-0.478,-0.6999999999999957,6.0,2.1999999999999993,-1.3000000000000007,-8.5,-3.9000000000000057,1.1999999999999993,-5.199999999999996,-18.799999999999997
2021,137,Drexel,Illinois,0,15.0,-1.7999999999999972,5.0,-0.3999999999999986,-0.6000000000000014,-6.299999999999997,-13.4,-11.813999999999993,17.18050000000001,-0.386,-1.3000000000000043,3.0,1.4000000000000021,0.29999999999999716,-3.6000000000000014,-2.0999999999999943,-10.700000000000003,-3.3000000000000007,-21.5
2021,137,Loyola Chicago,Georgia Tech,1,-1.0,3.200000000000003,-5.200000000000003,0.8000000000000043,-4.200000000000003,-3.8000000000000043,-0.19999999999999996,-2.915999999999997,-8.120500000000007,0.049000000000000044,2.3999999999999986,-5.5,2.5999999999999996,-1.1999999999999993,1.1999999999999993,8.900000000000006,1.6999999999999993,-6.5,5.299999999999997
2021,137,Purdue,North Texas,0,-9.0,-0.7999999999999972,4.900000000000006,-3.799999999999997,-0.10000000000000142,3.299999999999997,6.3,8.25,-2.3238999999999947,0.132,-2.6000000000000014,2.8999999999999986,-1.6999999999999993,-4.5,4.300000000000004,2.8000000000000114,5.0000000000000036,-1.3999999999999986,8.299999999999997
2021,137,Liberty,Oklahoma St.,0,9.0,4.0,0.8999999999999986,5.0,0.5000000000000036,-8.199999999999996,-6.3,0.08400000000000318,10.480699999999999,-0.16000000000000003,5.299999999999997,0.7999999999999972,-5.799999999999999,-2.0,-8.799999999999997,7.799999999999997,-10.899999999999999,-0.8999999999999986,-7.900000000000006
2021,137,Ohio St.,Oral Roberts,0,-13.0,2.3999999999999986,-1.6000000000000014,-2.299999999999997,-1.5,-4.5,11.1,13.617999999999995,-10.59089999999999,0.40700000000000003,-0.5,-1.5,-0.3999999999999986,-3.1999999999999993,5.900000000000002,5.599999999999994,9.8,0.6999999999999957,16.10000000000001
2021,137,Tennessee,Oregon St.,0,-7.0,2.8999999999999986,-7.700000000000003,-0.8000000000000043,0.40000000000000213,1.8000000000000114,4.0,-0.5219999999999914,-11.411900000000003,0.15000000000000002,1.3999999999999986,-4.5,1.0,4.399999999999999,1.5999999999999979,0.8000000000000114,1.1000000000000014,-7.100000000000001,6.099999999999994
2021,137,Rutgers,Clemson,1,3.0,2.6999999999999957,-0.10000000000000142,-3.5,-1.6000000000000014,3.3999999999999915,-1.0,1.7809999999999917,-0.1962000000000046,-0.0020000000000000018,-0.19999999999999574,-1.0999999999999943,-3.1000000000000014,-2.700000000000003,0.7999999999999972,-2.799999999999997,4.099999999999998,3.6000000000000014,1.6999999999999886
2021,137,San Diego St.,Syracuse,0,-5.0,-0.3999999999999986,-4.699999999999996,3.799999999999997,1.1999999999999957,-3.4000000000000057,2.3,-2.9849999999999994,-8.054599999999994,0.08900000000000008,2.0,-1.7999999999999972,0.8999999999999986,1.6999999999999993,-0.40000000000000213,9.399999999999991,5.899999999999999,7.600000000000001,2.5
2021,137,Utah St.,Texas Tech,0,5.0,0.8999999999999986,-1.8999999999999986,-1.1000000000000014,-2.1000000000000014,3.299999999999997,-2.0,-6.632999999999996,-2.1962999999999937,-0.04700000000000004,0.09999999999999432,-2.1999999999999957,3.3999999999999986,-4.100000000000001,1.5,8.700000000000003,-9.899999999999999,-10.399999999999999,-4.0
2021,137,Villanova,Winthrop,1,-7.0,-0.20000000000000284,1.7999999999999972,-0.09999999999999432,3.0,-8.700000000000003,2.3000000000000003,13.509,-0.16949999999999932,0.17700000000000005,-0.20000000000000284,2.799999999999997,-6.0,-3.5,-7.700000000000003,-2.5999999999999943,-5.700000000000003,-7.9999999999999964,6.3999999999999915
2021,137,Morehead St.,West Virginia,0,11.0,5.399999999999999,-3.6999999999999957,-1.0,-1.5999999999999979,-4.0,-5.0,-15.962999999999994,0.4621000000000066,-0.34299999999999997,3.1999999999999957,-3.200000000000003,5.899999999999999,-2.6999999999999993,-4.300000000000001,6.3999999999999915,-2.6000000000000014,-5.399999999999999,-12.899999999999991
2021,137,Wisconsin,North Carolina,1,1.0,-2.6000000000000014,0.30000000000000426,4.300000000000001,-1.3999999999999986,-6.799999999999997,-0.09999999999999964,2.4110000000000014,-0.1559000000000026,0.05400000000000005,0.8999999999999986,-0.8000000000000043,-7.100000000000001,-1.5,-17.599999999999998,1.2000000000000028,-8.0,1.3999999999999986,1.2000000000000028
2021,138,Abilene Christian,Texas,1,11.0,-1.6000000000000014,0.5,2.0,-3.1999999999999957,0.9000000000000057,-5.300000000000001,-10.801000000000002,-0.3464999999999918,-0.17700000000000005,0.0,-1.3000000000000043,-0.8000000000000007,8.899999999999999,-0.6999999999999993,-1.0,0.0,5.799999999999997,-9.799999999999997
2021,138,Iona,Alabama,0,13.0,-0.20000000000000284,-0.6000000000000014,0.3999999999999986,1.3000000000000007,-5.400000000000006,-10.0,-11.350999999999999,14.673000000000002,-0.373,-0.09999999999999432,0.30000000000000426,3.8999999999999986,-1.5,2.0,3.5999999999999943,7.5,14.399999999999999,-17.0
2021,138,Colorado,Georgetown,1,-7.0,4.199999999999996,-0.8999999999999986,0.10000000000000142,0.6999999999999957,-3.200000000000003,3.6,6.724000000000004,-0.9001999999999981,0.1090000000000001,2.3999999999999986,-0.29999999999999716,-4.899999999999999,3.6000000000000014,-1.5,1.7000000000000028,-0.40000000000000213,2.1000000000000014,4.700000000000003
2021,138,UC Santa Barbara,Creighton,0,7.0,-2.8999999999999986,0.5,-1.9000000000000057,1.2999999999999972,-3.299999999999997,-3.7,-5.628,3.4452,-0.10999999999999999,-2.700000000000003,0.8000000000000043,0.6999999999999993,3.0,3.3999999999999986,3.700000000000003,8.600000000000001,2.3000000000000007,-8.599999999999994
2021,138,Florida St.,UNC Greensboro,1,-9.0,1.8000000000000043,-4.099999999999994,9.0,1.3999999999999986,2.1000000000000085,6.0,12.323999999999998,-1.5925000000000011,0.31000000000000005,6.199999999999996,-1.6000000000000014,4.6,-1.3999999999999986,3.3000000000000043,-5.5,8.900000000000002,-0.10000000000000142,9.0
2021,138,Norfolk St.,Gonzaga,0,15.0,-17.9,0.4000000000000057,0.8999999999999986,-0.8000000000000007,-6.699999999999989,-13.5,-25.498000000000005,14.867800000000003,-0.614,-11.299999999999997,-0.10000000000000142,1.6999999999999993,0.3999999999999986,-1.5999999999999979,-5.299999999999997,1.8999999999999986,16.1,-28.200000000000003
2021,138,Iowa,Grand Canyon,1,-13.0,-3.3000000000000043,0.8999999999999986,6.399999999999999,4.899999999999999,4.599999999999994,8.8,19.941999999999993,-1.9846000000000004,0.22999999999999998,1.8000000000000043,3.5999999999999943,-7.099999999999998,-0.1999999999999993,-2.3000000000000007,-5.799999999999997,-2.5,-6.799999999999997,16.099999999999994
2021,138,Kansas,Eastern Washington,1,-11.0,-4.900000000000006,-1.7000000000000028,-2.1000000000000014,1.0,-4.0,7.800000000000001,1.9449999999999932,-12.4341,0.18200000000000005,-4.399999999999999,-0.5,1.1999999999999993,3.5,7.300000000000001,-1.3000000000000114,0.10000000000000142,-1.1999999999999993,7.400000000000006
2021,138,LSU,St. Bonaventure,1,-1.0,3.700000000000003,6.199999999999996,-0.3999999999999986,-0.6000000000000014,5.700000000000003,0.2999999999999998,8.462000000000003,9.692499999999995,-0.006000000000000005,2.299999999999997,3.0,-0.7999999999999972,-1.1000000000000014,-2.1000000000000014,-4.3999999999999915,6.099999999999998,0.8000000000000007,2.1999999999999886
2021,138,Connecticut,Maryland,0,-3.0,-3.799999999999997,-0.7999999999999972,-1.2999999999999972,-2.6999999999999957,0.29999999999999716,1.9000000000000001,2.6650000000000063,-0.518800000000013,0.062000000000000055,-3.1000000000000014,-2.299999999999997,0.6999999999999993,2.700000000000003,15.899999999999999,-5.0,-3.0,11.299999999999997,0.8999999999999915
2021,138,Texas Southern,Michigan,0,15.0,-2.299999999999997,2.9000000000000057,-11.000000000000004,-1.1000000000000014,4.8999999999999915,-11.7,-20.450599999999994,16.3955,-0.599,-6.600000000000001,1.6000000000000014,5.199999999999999,4.299999999999999,3.5,-1.6000000000000085,10.0,9.299999999999997,-19.799999999999997
2021,138,Virginia,Ohio,0,-9.0,-1.1000000000000014,-5.5,1.5,0.29999999999999716,-9.399999999999999,5.4,2.635000000000005,-8.905600000000007,0.14700000000000002,0.30000000000000426,-3.200000000000003,-1.5999999999999996,-4.800000000000001,-5.599999999999998,4.800000000000011,-7.600000000000001,-5.599999999999998,10.599999999999994
2021,138,Missouri,Oklahoma,0,1.0,1.8000000000000043,2.0,-1.7999999999999972,-2.6999999999999957,1.0,1.8,-1.179000000000002,0.31469999999998777,-0.0010000000000000009,0.10000000000000142,-0.3999999999999986,3.099999999999998,-0.3000000000000007,1.3000000000000007,-1.7000000000000028,8.399999999999999,13.599999999999998,0.5999999999999943
2021,138,UCLA,BYU,1,5.0,-3.8999999999999986,3.8999999999999986,-0.5999999999999943,2.700000000000003,-3.5,-2.3,0.2960000000000065,5.324700000000007,-0.016000000000000014,-3.0,4.100000000000001,-2.3000000000000007,1.6000000000000014,2.1999999999999993,-0.9000000000000057,4.800000000000001,-1.3999999999999986,-2.5999999999999943
2021,138,Drake,USC,0,5.0,2.299999999999997,7.5,1.8000000000000043,-3.400000000000002,-0.5,-2.1,1.0660000000000025,8.647900000000007,-0.14600000000000002,2.3999999999999986,3.0,-2.900000000000002,1.4000000000000021,-4.100000000000001,2.3999999999999915,-12.3,4.899999999999999,-8.200000000000003
2021,139,Arkansas,Texas Tech,1,-3.0,3.1999999999999957,2.1000000000000014,-0.8000000000000043,-2.5,7.3999999999999915,3.6999999999999997,-0.8599999999999994,-1.4431000000000012,-0.013000000000000012,1.7999999999999972,-0.19999999999999574,1.0999999999999979,-3.5,-2.099999999999998,3.799999999999997,-6.599999999999994,-7.199999999999999,-0.10000000000000853
2021,139,Baylor,Wisconsin,1,-8.0,7.800000000000004,1.0,5.799999999999997,1.0,3.799999999999997,4.3999999999999995,10.742999999999995,3.9007000000000005,0.04299999999999993,8.100000000000001,1.2000000000000028,4.100000000000001,6.800000000000001,13.8,-5.800000000000011,0.10000000000000142,3.1999999999999993,6.299999999999997
2021,139,Rutgers,Houston,0,8.0,2.0,4.399999999999999,-4.399999999999999,3.6000000000000014,2.799999999999997,-2.1,-10.271,0.4067000000000007,-0.118,-1.0999999999999943,4.800000000000004,0.09999999999999787,-2.700000000000003,-12.0,-1.2999999999999972,-3.0,-9.199999999999996,-6.5
2021,139,Illinois,Loyola Chicago,0,-7.0,-2.700000000000003,-0.10000000000000142,1.8999999999999986,0.20000000000000284,6.800000000000004,7.2,8.540999999999997,1.6820000000000022,0.03299999999999992,-0.6999999999999957,-0.10000000000000142,-0.3000000000000007,-5.5,7.0,-1.2000000000000028,8.500000000000004,8.100000000000001,8.800000000000011
2021,139,Oral Roberts,Florida,1,8.0,-2.1999999999999957,0.6000000000000014,3.0999999999999943,5.0,2.8000000000000114,-6.5,-2.3189999999999884,14.017299999999992,-0.351,1.1000000000000014,2.8999999999999986,-5.0,-2.400000000000002,-7.600000000000001,-1.4000000000000057,-5.9999999999999964,-1.6999999999999957,-9.700000000000003
2021,139,Oklahoma St.,Oregon St.,0,-8.0,5.899999999999999,-5.600000000000001,-0.8000000000000043,0.3000000000000007,6.5,6.199999999999999,0.7330000000000041,-7.861000000000004,0.10699999999999998,3.3999999999999986,-3.1999999999999957,4.199999999999999,0.8000000000000007,2.099999999999998,-0.7999999999999972,2.3999999999999986,-7.700000000000003,5.200000000000003
2021,139,West Virginia,Syracuse,0,-8.0,-4.5,2.0,2.0,0.6999999999999957,0.19999999999998863,2.5,2.308000000000007,-1.7864000000000004,0.06500000000000006,-2.0,1.7000000000000028,1.0,-0.10000000000000142,5.300000000000001,2.5,11.0,3.3999999999999986,3.5
2021,139,Villanova,North Texas,1,-8.0,-0.10000000000000142,6.200000000000003,-2.0999999999999943,3.799999999999997,1.7999999999999972,5.7,13.240000000000009,2.3194000000000017,0.14900000000000002,-1.2000000000000028,6.099999999999994,-6.899999999999999,-2.3999999999999986,0.0,2.1000000000000085,2.8000000000000007,-5.899999999999999,6.599999999999994
2021,140,Alabama,Maryland,1,-8.0,-2.6999999999999957,0.0,0.20000000000000284,-5.4999999999999964,8.5,6.6,0.8059999999999974,-5.464400000000012,0.07200000000000006,-1.3000000000000043,-3.200000000000003,1.8000000000000007,4.200000000000003,10.600000000000001,-5.0,-4.0,6.299999999999997,4.3999999999999915
2021,140,Ohio,Creighton,0,8.0,0.10000000000000142,5.5,-0.10000000000000142,1.6000000000000014,0.20000000000000284,-5.5,-1.8680000000000092,8.3228,-0.14,0.09999999999999432,4.200000000000003,1.1999999999999993,2.1999999999999993,3.8999999999999986,0.7999999999999972,2.700000000000003,4.5,-9.5
2021,140,Colorado,Florida St.,0,1.0,-1.8000000000000043,2.299999999999997,-2.299999999999997,0.0,-4.1000000000000085,0.10000000000000009,-2.0249999999999915,-1.636800000000008,0.0050000000000000044,-2.3999999999999986,1.2000000000000028,-3.3999999999999986,0.1999999999999993,-4.800000000000004,5.800000000000011,-2.8000000000000043,-8.299999999999997,-0.7999999999999972
2021,140,Oklahoma,Gonzaga,0,7.0,-13.200000000000003,-0.5,-2.700000000000003,2.8999999999999986,-7.0,-8.2,-14.683999999999997,5.2964000000000055,-0.11499999999999999,-10.200000000000003,1.3999999999999986,-0.3000000000000007,-1.6000000000000014,-3.099999999999998,-4.099999999999994,-7.600000000000001,-3.099999999999998,-15.299999999999997
2021,140,Michigan,LSU,1,-7.0,0.29999999999999716,-9.0,3.700000000000003,3.5,-3.5,4.800000000000001,-0.3370000000000033,-11.538499999999999,0.06899999999999995,2.1000000000000014,-3.6000000000000014,0.1999999999999993,-3.299999999999999,-2.1000000000000014,8.0,-5.0,-4.600000000000001,3.5
2021,140,Oregon,Iowa,1,5.0,0.5,4.100000000000001,-0.7000000000000028,-1.1999999999999957,-2.799999999999997,-2.5999999999999996,-9.042999999999992,2.1803000000000026,-0.06899999999999995,-0.20000000000000284,1.8000000000000043,3.5,4.0,-2.3999999999999986,1.3999999999999915,-5.199999999999999,4.5,-6.200000000000003
2021,140,UCLA,Abilene Christian,1,-3.0,-0.19999999999999574,3.1000000000000014,-1.0,6.0,-5.299999999999997,2.1,10.356000000000009,4.566299999999998,0.14300000000000002,-0.8999999999999986,5.300000000000004,-2.6999999999999993,-9.099999999999998,0.1999999999999993,3.700000000000003,-1.3999999999999986,-14.5,4.900000000000006
2021,140,USC,Kansas,1,3.0,2.8000000000000043,-3.6999999999999957,1.0,1.6000000000000014,-1.0,-0.6000000000000001,3.2680000000000007,2.074399999999997,0.03700000000000003,2.3999999999999986,-1.6000000000000014,0.40000000000000213,-2.6000000000000014,4.5000000000000036,-0.3999999999999915,7.0,-1.6999999999999993,2.299999999999997
2021,145,Arkansas,Oral Roberts,1,-12.0,2.1999999999999957,-2.1000000000000014,-4.899999999999999,-3.0,1.6999999999999886,9.7,2.8459999999999894,-17.467600000000004,0.374,-2.1000000000000014,-2.799999999999997,1.6999999999999993,2.1000000000000014,8.5,6.799999999999997,4.900000000000002,-3.8000000000000007,13.0
2021,145,Villanova,Baylor,0,4.0,-1.3000000000000043,2.8999999999999986,-6.599999999999994,1.3999999999999986,-3.700000000000003,-3.3999999999999995,-4.662999999999997,2.2160999999999973,-0.05399999999999994,-4.700000000000003,2.6999999999999957,-4.100000000000001,-5.600000000000001,-9.600000000000001,6.1000000000000085,3.0,-5.899999999999999,-8.799999999999997
2021,145,Syracuse,Houston,0,9.0,1.0,6.299999999999997,-1.7999999999999972,3.1000000000000014,4.400000000000006,-3.5,-5.102000000000004,7.492000000000004,-0.127,-0.5999999999999943,5.600000000000001,-0.3000000000000007,-0.8000000000000007,-9.099999999999998,-5.799999999999997,-2.3000000000000007,-17.299999999999997,-7.5
2021,145,Oregon St.,Loyola Chicago,1,4.0,-11.100000000000001,7.0,-1.1000000000000014,-1.1000000000000014,1.1999999999999957,-3.3,-1.0900000000000034,12.490800000000007,-0.15200000000000002,-7.599999999999994,3.6999999999999957,-1.3000000000000007,-3.1000000000000014,3.8000000000000007,-8.400000000000006,3.3000000000000007,15.800000000000004,-5.3999999999999915
2021,146,Gonzaga,Creighton,1,-4.0,7.700000000000003,0.6999999999999957,-0.20000000000000284,0.3999999999999986,5.5,5.0,11.241,-4.078000000000003,0.07599999999999996,5.299999999999997,0.6000000000000014,0.3000000000000007,2.5,5.599999999999998,4.799999999999997,9.800000000000004,0.1999999999999993,9.5
2021,146,Michigan,Florida St.,1,-3.0,1.1999999999999957,-1.9000000000000057,-0.29999999999999716,0.20000000000000284,-3.5,4.7,2.9920000000000044,-5.730100000000007,0.02299999999999991,0.5,-1.6000000000000014,-3.8999999999999986,-4.500000000000002,-6.300000000000004,6.6000000000000085,-3.8000000000000043,-11.799999999999997,1.7999999999999972
2021,146,Alabama,UCLA,0,-9.0,-0.5,-3.0,-1.6000000000000014,-6.300000000000001,9.200000000000003,5.8,-1.6810000000000116,-10.751900000000006,0.050000000000000044,-0.7000000000000028,-5.400000000000006,1.9000000000000021,3.5,0.6999999999999993,-5.599999999999994,-4.0,3.8999999999999986,6.8999999999999915
2021,146,Oregon,USC,0,1.0,0.7999999999999972,7.699999999999996,3.1000000000000014,-0.6000000000000014,0.0,-0.6000000000000001,1.5700000000000074,6.114500000000007,-0.05500000000000005,2.299999999999997,4.700000000000003,-1.3000000000000007,2.900000000000002,-7.400000000000002,0.09999999999999432,-10.7,2.3000000000000007,-1.2000000000000028
2021,147,Arkansas,Baylor,0,2.0,-2.200000000000003,-1.2000000000000028,-7.899999999999999,-1.3999999999999986,4.299999999999997,-2.0,-11.763000000000005,-3.795500000000004,-0.06499999999999995,-6.0,-1.5,-0.20000000000000284,-4.300000000000001,-5.800000000000001,4.700000000000003,5.700000000000003,-2.3999999999999986,-7.299999999999997
2021,147,Oregon St.,Houston,0,10.0,-3.0,9.5,-0.8999999999999986,2.8999999999999986,0.09999999999999432,-5.6,-9.596000000000004,9.051600000000008,-0.19799999999999995,-2.5999999999999943,7.5,0.8999999999999986,-3.1000000000000014,-9.599999999999998,-1.4000000000000057,3.3000000000000007,-4.199999999999996,-10.899999999999991
2021,148,Gonzaga,USC,1,-5.0,11.899999999999999,4.599999999999994,1.7000000000000028,-1.7000000000000028,7.3999999999999915,4.9,13.228000000000009,-1.1710999999999956,0.04699999999999993,8.899999999999999,2.1000000000000014,-2.0,2.900000000000002,-5.300000000000004,3.8999999999999915,-0.7999999999999972,1.0999999999999979,10.700000000000003
2021,148,UCLA,Michigan,1,10.0,-2.6999999999999957,7.100000000000001,-2.0,1.6000000000000014,-2.200000000000003,-6.2,-6.030999999999992,8.843400000000003,-0.07399999999999995,-2.8999999999999986,5.800000000000004,0.3999999999999986,2.5000000000000018,1.4000000000000021,0.5999999999999943,3.700000000000003,3.5,-6.699999999999989
2021,152,Houston,Baylor,0,1.0,-4.200000000000003,-5.100000000000001,-6.299999999999997,-5.5,-3.799999999999997,-2.5999999999999996,-4.3430000000000035,-3.6662000000000035,0.0030000000000000027,-6.200000000000003,-6.200000000000003,-1.3000000000000007,-3.0,1.8999999999999986,2.9000000000000057,3.6999999999999993,10.7,-3.0
2021,152,UCLA,Gonzaga,0,10.0,-13.399999999999999,2.6000000000000014,0.20000000000000284,2.6000000000000014,-9.899999999999991,-7.5,-12.707999999999998,7.9986999999999995,-0.10099999999999998,-9.0,3.200000000000003,0.5999999999999979,-2.6999999999999993,0.40000000000000213,-0.7999999999999972,-4.100000000000001,2.1000000000000014,-14.599999999999994
2021,154,Baylor,Gonzaga,1,0.0,-9.899999999999999,1.3000000000000043,5.299999999999997,1.5,-5.799999999999997,-1.9000000000000004,-2.8460000000000036,4.280699999999996,-0.018000000000000016,-3.5,1.6000000000000014,1.5,4.300000000000001,7.100000000000001,-7.5,-9.700000000000003,5.800000000000001,-2.9000000000000057
2022,134,Wyoming,Indiana,0,0.0,3.5,4.5,-0.29999999999999716,-2.8999999999999986,-1.4000000000000057,1.7,2.614999999999995,4.456399999999988,-0.10699999999999998,1.1000000000000014,1.6000000000000014,-0.6000000000000014,-1.5999999999999979,-1.2999999999999972,0.9000000000000057,3.5,-6.100000000000001,-4.5
2022,134,Texas Southern,Texas A&M Corpus Chris,1,0.0,1.7000000000000028,-5.199999999999996,-0.40000000000000213,-1.1000000000000014,-1.1000000000000085,0.7999999999999998,1.165300000000002,-3.8130999999999915,0.129,1.4000000000000057,-4.200000000000003,1.5,-5.300000000000001,-0.9000000000000057,0.7999999999999972,-5.699999999999996,-7.300000000000004,3.1000000000000085
2022,135,Notre Dame,Rutgers,1,0.0,2.5,2.5,4.0,-1.8999999999999986,0.4000000000000057,2.5999999999999996,5.622,2.8525000000000063,0.09799999999999998,4.5,0.8000000000000043,-1.8000000000000007,-3.1999999999999993,-7.199999999999999,3.0999999999999943,0.8000000000000007,-5.900000000000002,0.5
2022,135,Bryant,Wright St.,0,0.0,0.29999999999999716,-4.899999999999999,-3.099999999999998,-1.2999999999999972,3.5,3.6000000000000005,-2.1539999999999964,-2.0689999999999884,0.031000000000000028,-2.299999999999997,-3.8000000000000043,1.2000000000000028,-1.8999999999999986,1.6999999999999993,-1.5999999999999943,1.6000000000000014,-1.6000000000000014,-1.9000000000000057
2022,136,Vermont,Arkansas,0,9.0,8.5,-1.5,6.399999999999999,2.0,-5.799999999999997,-5.3,-0.29699999999999704,5.657299999999992,-0.10199999999999998,8.099999999999994,0.20000000000000284,-2.4999999999999982,-3.5,-6.899999999999999,7.200000000000003,-11.299999999999997,-9.699999999999996,-6.5
2022,136,Baylor,Norfolk St.,1,-15.0,2.8000000000000043,2.1000000000000014,0.29999999999999716,0.6999999999999993,0.5999999999999943,12.0,15.443999999999988,-10.731200000000001,0.514,1.3999999999999986,2.6999999999999957,-1.6999999999999993,4.399999999999999,6.4999999999999964,-1.2000000000000028,-10.600000000000001,-6.399999999999999,16.299999999999997
2022,136,Creighton,San Diego St.,1,1.0,6.599999999999994,0.10000000000000142,-4.599999999999998,1.6999999999999993,1.7000000000000028,-0.9000000000000001,1.4819999999999993,6.164600000000007,-0.061999999999999944,2.1000000000000014,0.8999999999999986,1.1999999999999993,-6.199999999999999,-1.0,-1.4000000000000057,-5.300000000000001,-10.3,-2.0
2022,136,Georgia St.,Gonzaga,0,15.0,-17.9,4.400000000000006,-4.600000000000001,7.0,-5.299999999999997,-11.8,-20.27300000000001,10.851500000000001,-0.43299999999999994,-14.299999999999997,6.5,0.9999999999999982,5.699999999999999,3.799999999999997,-7.700000000000003,0.5,10.599999999999998,-23.0
2022,136,Kansas,Texas Southern,1,-15.0,5.0,1.2999999999999972,4.700000000000003,-0.5999999999999979,1.0,17.2,21.2466,-5.578400000000002,0.5009999999999999,5.399999999999999,2.0,-3.599999999999998,1.0,-0.3999999999999986,-0.7000000000000028,0.09999999999999432,-6.4999999999999964,20.89999999999999
2022,136,Memphis,Boise St.,1,1.0,1.2999999999999972,-2.5,1.5,-0.6000000000000014,5.5,-2.1,1.9249999999999972,2.1173,0.02400000000000002,1.5,-1.7000000000000028,4.399999999999999,0.7999999999999972,6.899999999999999,-9.099999999999994,3.1999999999999957,7.099999999999998,2.4000000000000057
2022,136,Michigan,Colorado St.,1,5.0,-3.0,-0.6000000000000014,-1.7000000000000028,-0.30000000000000426,0.8000000000000114,-4.1,0.04799999999998761,0.2559000000000111,0.050000000000000044,-2.9000000000000057,0.3999999999999986,2.0000000000000018,-3.3999999999999986,9.3,1.1000000000000085,-1.5,1.6000000000000014,3.0
2022,136,San Francisco,Murray St.,0,3.0,1.1999999999999957,-1.7999999999999972,-0.20000000000000284,-0.8000000000000007,3.0,-1.9,-0.7620000000000005,-2.740099999999998,0.039000000000000035,0.20000000000000284,-1.1000000000000014,1.0,-2.5,-5.199999999999999,1.6000000000000085,-2.700000000000003,7.600000000000001,0.5
2022,136,New Mexico St.,Connecticut,1,7.0,5.200000000000003,3.0,-1.8000000000000043,-5.4999999999999964,1.0999999999999943,-2.4000000000000004,-6.119,3.105800000000002,-0.15300000000000002,2.6000000000000014,-0.20000000000000284,3.3000000000000007,-1.1000000000000014,-4.700000000000003,1.2999999999999972,4.799999999999997,-4.099999999999998,-8.700000000000003
2022,136,North Carolina,Marquette,1,-1.0,-2.5,1.1000000000000014,1.3999999999999986,1.7000000000000028,-1.1000000000000085,3.6999999999999997,3.269999999999996,1.2258000000000067,0.05899999999999994,-0.5,3.0999999999999943,-0.8000000000000007,-5.000000000000002,8.0,10.600000000000009,2.8000000000000007,-8.2,2.0999999999999943
2022,136,South Dakota St.,Providence,0,9.0,6.899999999999999,3.1999999999999957,9.300000000000004,5.200000000000003,4.299999999999997,-4.4,4.834000000000003,7.2708999999999975,-0.07399999999999995,9.400000000000006,4.799999999999997,-2.0,0.0,-6.5,3.799999999999997,-3.299999999999997,-5.0,-3.0
2022,136,Iowa,Richmond,0,-7.0,0.20000000000000284,0.0,3.299999999999997,-1.3999999999999986,3.0999999999999943,6.1,12.402000000000001,-1.2997000000000014,0.20600000000000007,2.1000000000000014,-0.7000000000000028,-1.5,0.40000000000000213,9.800000000000004,-3.0,-0.5,2.6999999999999993,9.099999999999994
2022,136,Saint Mary's,Indiana,1,-7.0,1.6000000000000014,3.1000000000000014,2.200000000000003,1.2999999999999972,-3.5,3.6999999999999997,2.205999999999989,-2.6659000000000077,0.0030000000000000027,1.3000000000000043,2.6999999999999957,-0.1999999999999993,2.1000000000000014,0.40000000000000213,3.0999999999999943,-10.3,-6.200000000000003,1.2999999999999972
2022,136,Kentucky,Saint Peter's,0,-13.0,7.899999999999999,2.799999999999997,0.10000000000000142,1.6000000000000014,2.200000000000003,12.5,21.439800000000005,-0.8799000000000063,0.33499999999999996,5.5,2.3999999999999986,-4.199999999999999,-3.5,6.299999999999997,3.0999999999999943,-10.3,-15.899999999999999,17.0
2022,136,Longwood,Tennessee,0,11.0,-0.6000000000000014,7.899999999999999,2.5,0.8000000000000007,-1.6000000000000085,-10.3,-5.330999999999989,17.425299999999993,-0.356,1.4000000000000057,4.399999999999999,0.1999999999999993,-2.799999999999997,0.8000000000000043,2.9000000000000057,6.299999999999997,-4.800000000000001,-15.5
2022,136,Akron,UCLA,0,9.0,2.700000000000003,0.10000000000000142,-0.10000000000000142,2.6999999999999957,-3.500000000000007,-9.399999999999999,-9.924999999999997,11.432299999999998,-0.375,2.1999999999999957,1.5999999999999943,4.299999999999999,-2.099999999999998,-2.799999999999997,-1.5,10.3,-3.0,-13.099999999999994
2022,137,Arizona,Wright St.,1,-15.0,4.5,-10.100000000000001,1.8999999999999986,-1.0,3.5,17.200000000000003,13.275000000000006,-14.799999999999997,0.516,3.8999999999999986,-6.800000000000004,0.10000000000000142,-0.6999999999999993,3.1999999999999993,1.7000000000000028,4.0,-3.1999999999999993,17.400000000000006
2022,137,Auburn,Jacksonville St.,1,-13.0,0.29999999999999716,-4.700000000000003,-6.199999999999999,-1.7000000000000028,4.900000000000006,12.600000000000001,8.277000000000001,-13.933899999999994,0.3690000000000001,-3.9000000000000057,-3.8999999999999986,-3.3000000000000007,3.599999999999998,4.900000000000002,-3.0999999999999943,-0.6000000000000014,13.699999999999996,16.299999999999997
2022,137,Cal St. Fullerton,Duke,0,13.0,-7.600000000000001,1.7999999999999972,-3.200000000000003,5.299999999999997,-1.4000000000000057,-12.2,-14.706999999999994,6.9021999999999935,-0.4769999999999999,-6.399999999999999,3.799999999999997,3.200000000000001,4.099999999999998,-2.8999999999999986,0.5,7.100000000000001,7.200000000000003,-17.5
2022,137,Houston,UAB,1,-7.0,3.700000000000003,-4.399999999999999,-4.200000000000003,-4.099999999999998,-5.200000000000003,6.3,4.858999999999995,-7.605199999999996,0.1529999999999999,0.7000000000000028,-4.399999999999999,0.8000000000000007,0.3000000000000007,4.399999999999999,0.10000000000000853,-0.8000000000000007,3.6000000000000014,7.5
2022,137,Chattanooga,Illinois,0,9.0,1.6000000000000014,6.899999999999999,-2.0,-1.5999999999999979,-2.5,-4.0,-3.6969999999999885,4.617999999999995,-0.15700000000000003,-0.30000000000000426,3.3000000000000043,-0.6999999999999993,2.4000000000000004,-0.6999999999999957,-0.5,-4.699999999999999,-1.0999999999999979,-8.099999999999994
2022,137,Iowa St.,LSU,1,5.0,-0.29999999999999716,3.1999999999999957,-0.10000000000000142,0.6999999999999993,-2.4000000000000057,0.5,-3.2579999999999956,1.8781000000000034,-0.04200000000000004,0.3999999999999986,3.299999999999997,0.0,-0.8000000000000007,-5.5000000000000036,2.700000000000003,-4.899999999999999,-2.1999999999999957,-5.1000000000000085
2022,137,Miami FL,USC,1,3.0,4.699999999999996,11.0,-1.8000000000000043,1.2999999999999972,1.5,-1.4999999999999996,4.283000000000001,6.112799999999993,-0.0030000000000000027,3.1000000000000014,8.699999999999996,-3.5,5.600000000000001,-10.399999999999999,-3.0999999999999943,-2.0,-1.6999999999999993,-1.9000000000000057
2022,137,Michigan St.,Davidson,1,-3.0,-4.600000000000001,-0.3999999999999986,-0.7000000000000028,-2.0,3.0,0.7999999999999998,-5.506,-5.574799999999996,0.030000000000000027,-3.6000000000000014,-1.8999999999999986,4.399999999999999,-1.5999999999999979,7.099999999999998,-4.799999999999997,-2.5,0.3000000000000007,1.7000000000000028
2022,137,Alabama,Notre Dame,0,-5.0,4.0,-0.30000000000000426,-7.0,1.7999999999999972,6.3999999999999915,0.10000000000000009,4.100999999999999,0.3725999999999914,0.03600000000000003,-2.5,0.29999999999999716,4.300000000000001,2.6999999999999993,13.399999999999999,-6.700000000000003,5.900000000000002,12.300000000000004,3.6000000000000085
2022,137,Ohio St.,Loyola Chicago,1,-3.0,-0.8999999999999986,-1.5,-1.1000000000000014,2.8999999999999986,0.5,-0.5,5.73599999999999,7.608000000000004,0.008000000000000007,-1.5,0.8999999999999986,-1.6999999999999993,-4.599999999999998,3.6999999999999993,-4.699999999999989,1.6000000000000014,0.8000000000000007,0.5
2022,137,Yale,Purdue,0,11.0,-5.699999999999996,2.6000000000000014,-5.799999999999997,-2.700000000000003,2.9000000000000057,-11.9,-19.793999999999997,0.2587999999999937,-0.392,-6.899999999999999,-0.7000000000000028,1.0,4.1,-9.600000000000001,-2.9000000000000057,-3.5999999999999943,9.700000000000003,-14.399999999999991
2022,137,TCU,Seton Hall,1,1.0,4.5,2.8999999999999986,-3.0000000000000036,-0.20000000000000284,-1.6999999999999886,1.0,-0.2259999999999991,-0.16740000000000066,0.015000000000000013,1.2999999999999972,2.3000000000000043,4.100000000000001,-0.10000000000000142,5.099999999999994,3.0,0.3999999999999986,-1.1000000000000014,-0.6999999999999886
2022,137,Virginia Tech,Texas,0,5.0,2.1000000000000014,2.6999999999999957,6.200000000000003,0.49999999999999645,-0.20000000000000284,-1.7,2.456000000000003,4.998599999999996,-0.020000000000000018,5.100000000000001,2.200000000000003,-1.1999999999999993,-4.5,-3.799999999999997,3.9000000000000057,-8.599999999999998,-11.599999999999998,-1.5999999999999943
2022,137,Montana St.,Texas Tech,0,11.0,-2.0,4.399999999999999,4.899999999999999,2.1000000000000014,0.7999999999999972,-9.399999999999999,-5.1699999999999875,15.663499999999999,-0.3809999999999999,1.7000000000000028,3.1000000000000014,-1.8000000000000007,-5.300000000000001,-6.599999999999998,2.799999999999997,4.399999999999999,4.100000000000001,-14.400000000000006
2022,137,Delaware,Villanova,0,13.0,4.899999999999999,-0.3999999999999986,-1.3999999999999986,4.599999999999998,4.3999999999999915,-12.8,-11.100999999999999,10.726300000000009,-0.3370000000000001,1.5,1.7999999999999972,2.8999999999999986,-0.3000000000000007,-4.099999999999998,-3.200000000000003,4.100000000000001,4.199999999999999,-16.60000000000001
2022,137,Wisconsin,Colgate,1,-11.0,-3.3999999999999986,1.0,-9.7,-1.2000000000000028,-0.5999999999999943,12.6,2.122,-9.244799999999998,0.28700000000000003,-7.699999999999996,0.3999999999999986,-4.199999999999999,0.6999999999999993,-0.6999999999999993,0.7999999999999972,5.4999999999999964,3.3999999999999986,8.299999999999997
2022,138,New Mexico St.,Arkansas,0,8.0,3.1000000000000014,-1.1999999999999957,3.0,-2.599999999999998,-4.5,-3.8,-3.266999999999996,5.650999999999996,-0.15400000000000003,3.0,-2.0,3.3000000000000007,-3.700000000000003,2.3999999999999986,-0.4000000000000057,-2.5,-4.4999999999999964,-9.099999999999994
2022,138,Gonzaga,Memphis,1,-8.0,8.5,-3.700000000000003,1.5,-1.5,2.5999999999999943,5.300000000000001,11.437000000000012,-5.3119000000000085,0.09799999999999998,6.799999999999997,-3.299999999999997,-6.999999999999998,-3.8999999999999986,-8.5,8.0,-8.7,-10.7,11.599999999999994
2022,138,Creighton,Kansas,0,8.0,-0.30000000000000426,-2.799999999999997,-5.300000000000001,1.8999999999999986,-2.0999999999999943,-8.700000000000001,-13.801000000000002,-1.777000000000001,-0.1499999999999999,-3.200000000000003,-2.0,2.6999999999999993,-2.8999999999999986,-4.799999999999997,0.5,-6.799999999999997,-7.5,-9.799999999999997
2022,138,Tennessee,Michigan,0,-8.0,-4.200000000000003,-4.399999999999999,2.0,-1.0999999999999979,1.0,7.8,-2.7680000000000007,-12.360100000000003,0.06999999999999995,-2.0,-4.099999999999994,0.8999999999999986,7.899999999999999,1.5999999999999979,-3.6000000000000085,0.7000000000000028,5.0,4.200000000000003
2022,138,North Carolina,Baylor,1,7.0,-3.5,-1.7000000000000028,1.5,3.5000000000000036,2.5,-4.6000000000000005,-4.816999999999993,5.457000000000008,-0.08599999999999997,-0.7999999999999972,2.0,-1.6999999999999993,-8.799999999999999,-5.899999999999999,7.6000000000000085,1.1000000000000014,-5.399999999999999,-3.700000000000003
2022,138,Richmond,Providence,0,8.0,3.299999999999997,2.799999999999997,-1.3999999999999986,4.299999999999997,1.4000000000000057,-7.5,-2.7830000000000013,1.2713999999999999,-0.119,1.2000000000000028,3.799999999999997,-2.9000000000000004,3.099999999999998,-8.100000000000001,0.7999999999999972,-7.600000000000001,-2.8000000000000007,-2.799999999999997
2022,138,Saint Peter's,Murray St.,1,8.0,-7.600000000000001,-6.0,0.10000000000000142,-0.5,-0.4000000000000057,-9.1,-12.766800000000003,-0.6528999999999883,-0.23399999999999999,-5.100000000000001,-3.8999999999999986,3.6999999999999993,-0.10000000000000142,-4.0,-2.5999999999999943,6.399999999999999,16.4,-7.099999999999994
2022,138,UCLA,Saint Mary's,1,-1.0,-3.0,0.29999999999999716,-0.10000000000000142,-2.1999999999999957,1.7000000000000028,1.1999999999999997,6.311999999999998,1.273300000000006,0.04600000000000004,-2.0,-0.5999999999999943,-3.700000000000001,0.1999999999999993,4.599999999999998,-2.8999999999999915,6.600000000000001,4.800000000000001,5.5
2022,139,TCU,Arizona,0,8.0,-6.700000000000003,6.200000000000003,-5.099999999999998,-1.8999999999999986,-6.3999999999999915,-5.9,-11.379000000000005,0.9215000000000089,-0.10199999999999998,-7.0,3.3000000000000043,3.6000000000000014,0.6999999999999993,3.299999999999997,2.200000000000003,-3.900000000000002,3.8999999999999986,-9.0
2022,139,Michigan St.,Duke,0,5.0,-6.399999999999999,1.8999999999999986,1.1999999999999957,-0.3999999999999986,0.19999999999998863,-4.300000000000001,-8.087999999999994,0.7523999999999944,-0.09499999999999997,-3.6000000000000014,0.5,4.299999999999999,-0.8000000000000007,-1.1999999999999993,1.5,1.7999999999999972,9.400000000000002,-5.799999999999997
2022,139,Illinois,Houston,0,-1.0,-3.1000000000000014,1.8000000000000043,2.1000000000000014,3.099999999999998,3.3999999999999915,-2.0,-3.6230000000000047,3.2871999999999986,-0.051999999999999935,-0.5,2.799999999999997,0.5999999999999979,-6.1,-4.399999999999999,1.5,3.0,-6.700000000000003,-1.9000000000000057
2022,139,Iowa St.,Wisconsin,1,8.0,1.3999999999999986,1.7999999999999972,0.8000000000000007,-3.6000000000000014,-0.10000000000000853,-3.7,-6.015999999999991,-4.378,-0.014000000000000012,1.6999999999999957,-1.0,7.699999999999999,7.600000000000001,2.3999999999999986,-4.5,-4.199999999999996,8.500000000000004,-4.1000000000000085
2022,139,Miami FL,Auburn,1,8.0,3.5,10.200000000000003,2.099999999999998,3.5,-2.299999999999997,-4.800000000000001,1.1539999999999964,12.986899999999991,-0.1200000000000001,3.9000000000000057,9.299999999999997,-2.5,-0.3999999999999986,-9.800000000000004,-1.0,-2.700000000000003,-10.199999999999996,-8.400000000000006
2022,139,Texas,Purdue,0,3.0,-5.299999999999997,-2.0,-5.399999999999999,-1.4000000000000021,-2.5,-3.6,-9.456000000000003,-7.5745000000000005,-0.015000000000000013,-6.899999999999999,-3.1000000000000014,0.8999999999999986,9.200000000000001,-3.3000000000000043,-6.400000000000006,-4.0,15.399999999999999,-2.799999999999997
2022,139,Notre Dame,Texas Tech,0,8.0,-3.0,5.100000000000001,5.799999999999997,0.5,-0.8999999999999915,-4.699999999999999,2.2960000000000065,13.303700000000006,-0.10699999999999998,1.6000000000000014,3.6000000000000014,-4.800000000000001,-8.600000000000001,-11.199999999999996,2.0999999999999943,-8.400000000000002,-9.200000000000003,-7.1000000000000085
2022,139,Ohio St.,Villanova,0,5.0,4.5,-2.3000000000000043,0.6000000000000014,2.9999999999999964,2.8999999999999915,-6.0,-1.3230000000000075,6.964300000000009,-0.07700000000000007,2.799999999999997,0.3999999999999986,1.1999999999999993,-3.5,-2.099999999999998,-0.5999999999999943,3.0,4.099999999999998,-6.0
2022,143,Gonzaga,Arkansas,0,-3.0,10.299999999999997,-5.0,6.600000000000001,-1.8999999999999986,2.0,2.2,10.733000000000004,-3.2151000000000067,0.09299999999999997,10.199999999999996,-4.299999999999997,-1.4999999999999982,-3.6000000000000014,-1.8999999999999986,2.799999999999997,-8.2,-10.099999999999998,9.700000000000003
2022,143,Duke,Texas Tech,1,-1.0,1.1000000000000014,2.1000000000000014,4.5,0.5,1.1000000000000085,0.6000000000000005,9.662000000000006,10.591300000000004,0.0,3.200000000000003,1.5,-5.4,-7.5,-1.3999999999999986,-2.4000000000000057,-7.5,-13.200000000000003,0.5999999999999943
2022,143,Houston,Arizona,1,4.0,-2.5,1.6000000000000014,-1.5,-3.9999999999999964,-8.599999999999994,-2.6000000000000005,-2.2920000000000016,-1.5801999999999907,0.017000000000000015,-2.299999999999997,-0.8999999999999986,-0.8999999999999986,4.0,3.299999999999997,1.0,-6.400000000000002,12.3,-2.200000000000003
2022,143,Michigan,Villanova,0,9.0,3.200000000000003,2.299999999999997,-2.0,1.5999999999999979,4.200000000000003,-7.1,-3.743000000000009,4.719100000000012,-0.06600000000000006,0.29999999999999716,2.799999999999997,1.6000000000000014,-3.8000000000000007,0.3000000000000007,4.200000000000003,-1.6000000000000014,1.5,-5.5
2022,144,Kansas,Providence,1,-3.0,4.600000000000001,-0.7000000000000028,1.7000000000000028,-0.1999999999999993,3.799999999999997,4.5,7.459999999999994,-4.1525999999999925,0.11599999999999999,3.8000000000000043,0.19999999999999574,0.5,2.599999999999998,2.8999999999999986,-0.9000000000000057,-5.700000000000003,1.5,8.599999999999994
2022,144,Iowa St.,Miami FL,0,1.0,-4.699999999999996,-2.200000000000003,-2.3999999999999986,-5.600000000000001,-1.4000000000000057,0.19999999999999973,-10.373999999999995,-11.699799999999996,0.03600000000000003,-4.300000000000004,-5.0,6.199999999999999,4.199999999999999,4.800000000000001,1.7999999999999972,-0.7999999999999972,11.600000000000001,-0.5
2022,144,UCLA,North Carolina,0,-4.0,-0.6000000000000014,-0.20000000000000284,-0.3999999999999986,-1.6000000000000014,-4.699999999999989,0.7999999999999998,3.0189999999999912,-5.7821,0.06700000000000006,-1.5,-2.0999999999999943,-3.0999999999999996,5.6,1.5,-4.0,0.1999999999999993,7.699999999999999,5.799999999999997
2022,144,Saint Peter's,Purdue,1,12.0,-10.199999999999996,-4.100000000000001,-3.799999999999997,-4.0000000000000036,-0.4000000000000057,-12.6,-22.516800000000003,-4.504599999999996,-0.32900000000000007,-9.200000000000003,-5.5,3.5,6.799999999999999,-3.700000000000003,-4.400000000000006,1.2000000000000028,19.6,-14.899999999999991
2022,145,Duke,Arkansas,1,-2.0,5.899999999999999,-0.19999999999999574,6.200000000000003,-0.3999999999999986,-3.1999999999999886,2.7,8.290999999999997,3.5996999999999986,0.06299999999999994,6.399999999999999,-0.5,-2.4999999999999982,-4.5,1.0,-2.700000000000003,-9.299999999999997,-13.399999999999999,2.5
2022,145,Villanova,Houston,1,-3.0,-5.0,4.700000000000003,2.1000000000000014,2.0,-1.5,1.0999999999999996,0.6020000000000039,2.988899999999987,-0.025999999999999912,-1.6000000000000014,4.0,-1.6000000000000014,-2.8999999999999986,-6.899999999999999,-0.7000000000000028,1.8000000000000007,-10.0,1.5
2022,146,Miami FL,Kansas,0,9.0,1.1999999999999957,6.600000000000001,-2.200000000000003,4.699999999999999,-1.3999999999999915,-7.800000000000001,-4.632999999999996,8.239499999999992,-0.138,0.10000000000000142,6.5,-3.6000000000000014,1.9000000000000021,-10.0,-1.3999999999999915,-3.8999999999999986,-3.1999999999999993,-10.200000000000003
2022,146,Saint Peter's,North Carolina,0,7.0,-4.5,-3.0,-1.1999999999999957,-4.5000000000000036,-4.5,-9.899999999999999,-14.305800000000005,-2.5349999999999966,-0.262,-4.300000000000004,-5.699999999999996,4.300000000000001,6.799999999999999,1.1000000000000014,-7.200000000000003,7.899999999999999,19.5,-9.799999999999997
2022,152,Villanova,Kansas,0,1.0,-4.100000000000001,1.7000000000000028,-0.20000000000000284,1.0,-6.8999999999999915,-3.1000000000000005,-1.438999999999993,-0.05680000000000973,-0.016999999999999904,-2.1000000000000014,0.6000000000000014,-2.3000000000000007,0.40000000000000213,-2.5,0.9000000000000057,-2.299999999999997,-2.6999999999999993,-1.0999999999999943
2022,152,Duke,North Carolina,0,-6.0,5.899999999999999,-0.8999999999999986,0.8000000000000043,-1.7000000000000028,-2.6999999999999886,2.9000000000000004,6.305999999999997,-1.3599999999999994,0.07699999999999996,3.5,-2.799999999999997,-1.5999999999999996,2.0000000000000018,1.5,-7.700000000000003,-1.0,-2.6000000000000014,5.299999999999997
2022,154,Kansas,North Carolina,1,-7.0,3.5,-1.1000000000000014,0.30000000000000426,-3.900000000000002,-1.0,6.1000000000000005,6.331999999999994,-3.1143,0.08499999999999996,2.0,-2.8999999999999986,1.3000000000000007,4.299999999999999,3.0,-8.100000000000009,3.1999999999999957,6.300000000000001,7.299999999999997
2023,134,Pittsburgh,Mississippi St.,1,0.0,1.0,2.4000000000000057,9.399999999999999,1.5,3.6000000000000014,-0.7,9.652000000000001,12.502600000000001,-0.03300000000000003,6.300000000000004,3.0,-2.900000000000002,-5.300000000000001,-4.800000000000004,0.7999999999999972,-2.200000000000003,3.0,-2.0999999999999943
2023,134,Southeast Missouri St.,Texas A&M Corpus Chris,0,0.0,2.0,-3.3999999999999986,-3.1999999999999957,1.2000000000000028,3.0999999999999943,-5.699999999999999,-6.430000000000007,0.5570000000000022,-0.16600000000000004,-1.2000000000000028,-0.7999999999999972,-0.6999999999999993,-1.8999999999999986,-7.199999999999999,0.0,3.8999999999999986,5.0,-2.200000000000003
2023,135,Arizona St.,Nevada,1,0.0,-1.7000000000000028,-6.399999999999999,-2.1999999999999957,1.1000000000000014,2.1999999999999886,0.5,-4.453000000000003,-2.0365000000000038,0.0050000000000000044,-3.0,-2.6000000000000014,1.6999999999999993,1.9000000000000021,6.700000000000003,-6.700000000000003,-8.7,2.0,0.7000000000000028
2023,135,Texas Southern,Fairleigh Dickinson,0,0.0,-3.3999999999999986,-6.899999999999999,-6.299999999999997,-1.3999999999999986,0.6000000000000085,-1.3000000000000007,-9.6207,-12.161000000000001,0.034,-5.299999999999997,-6.5,4.0,-2.8999999999999986,-2.099999999999998,1.2000000000000028,7.0,3.3000000000000043,2.1999999999999886
2023,136,Alabama,Texas A&M Corpus Chris,1,-15.0,5.5,-13.300000000000004,-2.8999999999999986,-5.4999999999999964,3.6999999999999886,16.2,8.72999999999999,-19.037099999999995,0.5049999999999999,1.5,-10.899999999999999,1.0,-4.999999999999998,1.2999999999999972,0.4000000000000057,2.3000000000000043,-5.800000000000004,22.69999999999999
2023,136,Illinois,Arkansas,0,1.0,2.6000000000000014,-2.299999999999997,-0.5,2.299999999999997,0.29999999999999716,0.5,-0.42900000000000205,1.7187000000000126,-0.05500000000000005,-0.3999999999999986,0.3999999999999986,-0.10000000000000142,-1.7999999999999972,1.7999999999999972,1.4000000000000057,-5.0,-9.299999999999997,-0.5999999999999943
2023,136,Iowa,Auburn,0,-1.0,1.3999999999999986,5.5,2.5,7.800000000000001,2.0,-0.8,7.786000000000001,9.632200000000012,-0.03700000000000003,2.299999999999997,7.699999999999996,-4.000000000000002,-0.8000000000000007,-1.0999999999999943,4.400000000000006,-2.8999999999999986,-15.700000000000003,-0.5
2023,136,Duke,Oral Roberts,1,-7.0,-4.399999999999999,-0.5999999999999943,-3.0,-3.799999999999997,-5.299999999999997,2.9,-2.046999999999997,-7.286900000000003,0.131,-5.0,-2.200000000000003,5.0,-1.0,11.700000000000003,1.5,6.199999999999999,2.1000000000000014,7.8999999999999915
2023,136,Virginia,Furman,0,-9.0,-7.899999999999999,-5.100000000000001,0.8999999999999986,1.3999999999999986,-6.900000000000006,6.1,-3.034000000000006,-11.020600000000002,0.17400000000000004,-4.300000000000004,-2.3000000000000043,-2.1000000000000014,1.3000000000000007,-4.100000000000001,2.0999999999999943,-0.20000000000000284,-5.699999999999999,5.599999999999994
2023,136,Northern Kentucky,Houston,0,15.0,-5.700000000000003,5.899999999999999,0.29999999999999716,8.5,-1.5,-14.7,-15.049999999999997,13.252199999999988,-0.46399999999999997,-2.9000000000000057,8.799999999999997,2.1999999999999993,1.1999999999999993,-5.800000000000001,-5.3999999999999915,-1.1000000000000014,-4.9999999999999964,-20.299999999999997
2023,136,Howard,Kansas,0,15.0,-3.200000000000003,3.8999999999999986,2.1999999999999957,2.799999999999997,0.0,-17.4,-10.909000000000006,15.439899999999994,-0.548,-0.3999999999999986,3.5,5.300000000000001,0.5,5.399999999999999,-3.299999999999997,2.9999999999999964,3.400000000000002,-20.299999999999997
2023,136,West Virginia,Maryland,0,1.0,-0.8999999999999986,3.3999999999999986,2.200000000000003,1.7000000000000028,4.1000000000000085,0.5,3.0080000000000098,2.233400000000003,0.03200000000000003,0.6000000000000014,2.8000000000000043,2.3000000000000007,2.5,3.5000000000000036,-2.0999999999999943,5.900000000000006,10.599999999999998,-0.29999999999999716
2023,136,Utah St.,Missouri,0,3.0,-1.2999999999999972,-6.0,1.8999999999999986,-0.5,-0.30000000000001137,-0.6000000000000001,-1.527000000000001,-6.4893,0.06299999999999994,0.5,-4.5,1.3999999999999986,-8.5,0.5999999999999979,12.5,6.0,-5.0000000000000036,2.0999999999999943
2023,136,Boise St.,Northwestern,0,3.0,3.8999999999999986,1.2000000000000028,3.5,-2.599999999999998,1.7999999999999972,0.5,2.4579999999999984,0.1564999999999941,0.0020000000000000018,4.699999999999996,-1.1000000000000014,1.8999999999999986,-4.0,-1.9000000000000021,3.5,1.0,-4.200000000000003,0.3999999999999915
2023,136,Penn St.,Texas A&M,1,3.0,4.300000000000004,2.0,6.100000000000001,-0.29999999999999716,-1.7000000000000028,-2.4000000000000004,2.3429999999999893,5.590299999999999,-0.04500000000000004,6.5,1.3000000000000043,-4.600000000000001,-7.9,-17.8,5.300000000000011,-24.5,-9.200000000000003,-2.299999999999997
2023,136,Princeton,Arizona,1,13.0,-3.1000000000000014,1.8999999999999986,-4.099999999999994,0.4000000000000057,-5.200000000000003,-10.8,-10.885999999999996,6.407499999999999,-0.273,-4.299999999999997,0.7999999999999972,-1.5,-2.3999999999999986,-2.700000000000003,3.4000000000000057,-4.299999999999997,3.3000000000000007,-13.599999999999994
2023,136,College of Charleston,San Diego St.,0,7.0,4.100000000000001,-0.19999999999999574,-1.0,1.8000000000000007,5.299999999999997,-4.0,-0.5510000000000019,7.942699999999988,-0.137,1.3999999999999986,0.3999999999999986,-0.9000000000000021,-0.3000000000000007,3.400000000000002,0.29999999999999716,-1.5999999999999943,-4.699999999999999,-6.200000000000003
2023,136,Louisiana Lafayette,Tennessee,0,9.0,1.6000000000000014,4.199999999999996,3.700000000000003,9.100000000000001,3.3000000000000114,-3.3,-0.43200000000000216,16.072000000000003,-0.23399999999999999,2.700000000000003,8.200000000000003,-0.6000000000000014,-4.099999999999998,-3.0,0.5,6.800000000000004,-1.1000000000000014,-10.600000000000009
2023,136,Texas,Colgate,1,-13.0,-2.8999999999999986,-3.6000000000000014,-5.799999999999997,-3.200000000000003,1.0,11.2,3.618000000000009,-15.659400000000005,0.278,-5.899999999999999,-4.100000000000001,1.5999999999999996,5.199999999999999,3.400000000000002,-5.300000000000011,3.8999999999999986,14.2,13.899999999999991
2023,136,UCLA,UNC Asheville,1,-13.0,-0.5,-2.6000000000000014,-3.700000000000003,0.5,-2.1000000000000085,10.3,10.733999999999995,-15.392700000000005,0.48499999999999993,-3.0,-1.2000000000000028,-4.699999999999999,5.700000000000003,7.900000000000002,1.1000000000000085,-14.199999999999996,0.8000000000000007,15.299999999999997
2023,137,Baylor,UC Santa Barbara,1,-11.0,-3.1999999999999957,4.0,2.0,-2.1000000000000014,2.5,6.7,10.51700000000001,-2.8220000000000027,0.28,-1.1000000000000014,1.6000000000000014,1.3000000000000007,1.1999999999999993,8.100000000000001,-5.0,2.3000000000000043,2.1999999999999993,11.599999999999994
2023,137,Connecticut,Iona,1,-9.0,3.200000000000003,-2.700000000000003,0.09999999999999432,0.0,-1.7999999999999972,6.7,8.581000000000003,-5.0762,0.15799999999999992,1.7000000000000028,-0.3999999999999986,3.599999999999998,-1.5,7.200000000000003,4.299999999999997,2.3999999999999986,7.5000000000000036,9.600000000000009
2023,137,Creighton,North Carolina St.,1,-5.0,4.0,-5.199999999999996,0.6999999999999957,2.0,-1.5,1.1,0.7269999999999897,-6.622500000000002,0.07300000000000006,2.5,-2.5,3.0000000000000018,-4.800000000000001,-5.199999999999999,3.299999999999997,2.8000000000000007,-14.2,6.199999999999989
2023,137,Purdue,Fairleigh Dickinson,0,-15.0,3.0,-8.599999999999994,-2.0999999999999943,-3.9999999999999964,-4.699999999999996,21.6,13.186999999999998,-23.6096,0.729,0.7000000000000028,-8.599999999999994,0.6999999999999993,-5.999999999999998,6.899999999999999,5.6000000000000085,9.300000000000004,-15.499999999999996,25.099999999999994
2023,137,Memphis,Florida Atlantic,0,-1.0,-0.6999999999999957,2.3999999999999986,-1.3000000000000043,-1.5999999999999979,3.5,0.0,0.4259999999999877,-0.032200000000003115,0.025000000000000022,-1.7999999999999972,0.8999999999999986,1.6999999999999993,2.599999999999998,0.6000000000000014,-7.799999999999997,6.399999999999999,8.2,2.3000000000000114
2023,137,Gonzaga,Grand Canyon,1,-11.0,7.800000000000004,3.5,-0.10000000000000142,2.9000000000000057,5.199999999999989,10.399999999999999,11.687000000000012,-6.631299999999996,0.28600000000000003,5.600000000000001,4.5,-3.799999999999999,3.8000000000000007,0.6000000000000014,4.299999999999997,-3.5999999999999943,-6.5000000000000036,14.0
2023,137,Indiana,Kent St.,1,-9.0,1.6000000000000014,-2.5,3.5999999999999943,2.3999999999999986,0.10000000000000853,2.5999999999999996,6.304000000000002,0.8423000000000087,0.08499999999999996,2.5,0.09999999999999432,0.5999999999999979,-6.300000000000001,-2.8999999999999986,2.299999999999997,-1.8999999999999986,-8.199999999999996,6.3999999999999915
2023,137,Montana St.,Kansas St.,0,11.0,-0.19999999999999574,-0.4000000000000057,-2.4999999999999964,3.8000000000000007,-3.5,-6.9,-7.156000000000006,5.409999999999997,-0.18200000000000005,-0.6000000000000014,1.8999999999999986,-2.3999999999999986,-0.5999999999999979,-5.400000000000002,3.700000000000003,7.399999999999999,-1.2000000000000028,-9.200000000000003
2023,137,Kentucky,Providence,1,-5.0,-0.7999999999999972,-0.6000000000000014,0.10000000000000142,-1.3999999999999986,-1.0,0.30000000000000004,0.5630000000000024,-2.505499999999998,0.03700000000000003,-0.29999999999999716,-1.2000000000000028,0.40000000000000213,-0.09999999999999787,3.5,1.2000000000000028,-4.299999999999997,4.399999999999999,3.200000000000003
2023,137,Vermont,Marquette,0,13.0,-2.8000000000000043,-0.19999999999999574,0.7000000000000028,0.3999999999999986,-3.9000000000000057,-11.6,-9.530000000000001,6.878100000000003,-0.246,-1.1000000000000014,-0.3999999999999986,-1.0,-6.0,-7.199999999999999,9.599999999999994,1.2999999999999972,-2.1000000000000014,-11.299999999999997
2023,137,Miami FL,Drake,1,-7.0,1.8999999999999986,4.899999999999999,0.3999999999999986,2.1999999999999993,2.299999999999997,4.4,8.393,5.987800000000007,0.050999999999999934,1.8999999999999986,4.0,0.8999999999999986,0.40000000000000213,7.699999999999999,-6.599999999999994,1.1999999999999993,-2.599999999999998,2.3999999999999915
2023,137,Michigan St.,USC,1,-3.0,-2.799999999999997,6.0,4.799999999999997,-1.0,-3.4000000000000057,0.2999999999999998,0.2780000000000058,-0.7992999999999881,0.03200000000000003,0.30000000000000426,2.8999999999999986,-1.7000000000000028,-3.400000000000002,-1.6000000000000014,7.799999999999997,-7.9999999999999964,-1.1999999999999993,0.7999999999999972
2023,137,Iowa St.,Pittsburgh,0,-5.0,-1.3999999999999986,1.0,-2.8999999999999986,1.1000000000000014,-3.200000000000003,2.6999999999999997,-5.218999999999994,-12.287700000000001,0.127,-2.5,0.8999999999999986,3.400000000000002,8.400000000000002,3.5,1.6000000000000085,-4.599999999999998,9.399999999999999,4.799999999999997
2023,137,VCU,Saint Mary's,0,7.0,1.1000000000000014,0.6999999999999957,-1.3000000000000043,-1.3999999999999986,6.000000000000007,-2.4,-6.275000000000006,2.4712999999999994,-0.14600000000000002,-0.29999999999999716,0.29999999999999716,3.1000000000000014,5.100000000000001,-4.100000000000001,-8.0,10.599999999999998,0.1999999999999993,-4.200000000000003
2023,137,Arizona St.,TCU,0,5.0,-3.0,-5.600000000000001,1.2000000000000028,3.3000000000000007,-1.6000000000000085,-1.0000000000000002,-4.780000000000001,0.9073999999999955,-0.07299999999999995,-2.700000000000003,-1.3999999999999986,-0.20000000000000284,-1.2999999999999972,-2.799999999999997,-1.0999999999999943,-3.099999999999998,3.6999999999999993,-5.1000000000000085
2023,137,Xavier,Kennesaw St.,1,-11.0,2.5999999999999943,-2.0,2.200000000000003,1.2999999999999972,2.0999999999999943,6.800000000000001,12.992999999999995,-3.057000000000002,0.272,2.700000000000003,-0.8000000000000043,-0.3999999999999986,-3.1000000000000014,4.300000000000001,0.3999999999999915,-5.699999999999999,-9.100000000000001,11.100000000000009
2023,138,Alabama,Maryland,1,-7.0,2.0,-6.600000000000001,0.7000000000000028,-3.9999999999999964,8.299999999999997,9.2,1.9609999999999985,-7.211299999999994,0.09299999999999997,1.6000000000000014,-6.399999999999999,2.8000000000000007,-2.4999999999999982,3.599999999999998,-0.29999999999999716,2.9000000000000057,4.9999999999999964,8.099999999999994
2023,138,Kansas,Arkansas,0,-7.0,0.5,-0.19999999999999574,3.400000000000002,-0.10000000000000142,-0.5,9.7,2.013999999999996,-2.4935999999999865,0.02400000000000002,0.3999999999999986,0.6000000000000014,-0.8000000000000007,-0.1999999999999993,-2.1000000000000014,-0.09999999999999432,-8.999999999999996,-7.699999999999999,4.5
2023,138,Auburn,Houston,0,8.0,-2.3999999999999986,3.6000000000000014,-2.5,0.9000000000000021,4.199999999999996,-6.9,-5.6980000000000075,5.672999999999988,-0.08299999999999996,-3.1000000000000014,3.1000000000000014,2.8000000000000007,-2.6999999999999993,-3.8000000000000043,-4.599999999999994,7.0,3.3000000000000043,-8.299999999999997
2023,138,Princeton,Missouri,1,8.0,-2.5,-4.100000000000001,-2.299999999999997,-2.299999999999997,-1.9000000000000057,-6.7,-10.195999999999998,-1.8430000000000035,-0.14700000000000002,-2.6000000000000014,-4.299999999999997,0.8999999999999986,-9.8,1.5999999999999979,14.5,2.700000000000003,-5.900000000000002,-6.0
2023,138,Furman,San Diego St.,0,8.0,9.899999999999999,2.200000000000003,0.10000000000000142,4.400000000000002,2.5,-7.7,2.271000000000001,14.1006,-0.2220000000000001,5.5,3.1000000000000014,-1.8000000000000007,-1.2000000000000028,-2.099999999999998,-1.2999999999999972,0.4000000000000057,2.400000000000002,-7.799999999999997
2023,138,Duke,Tennessee,0,1.0,1.2000000000000028,1.1000000000000014,0.7000000000000028,4.0,-0.19999999999998863,1.7000000000000002,0.5670000000000073,6.783100000000005,-0.05699999999999994,0.8000000000000043,3.8999999999999986,0.09999999999999787,-5.599999999999998,-0.5999999999999943,1.0,-0.09999999999999787,-10.799999999999997,0.19999999999998863
2023,138,Penn St.,Texas,0,8.0,-0.8999999999999986,1.3000000000000043,4.0,0.30000000000000426,-4.200000000000003,-6.2,0.24499999999999034,9.77940000000001,-0.08900000000000008,2.799999999999997,1.4000000000000057,-2.8000000000000007,-9.700000000000001,-9.5,4.300000000000011,-10.100000000000001,-8.600000000000001,-7.299999999999997
2023,138,UCLA,Northwestern,1,-5.0,3.8999999999999986,0.10000000000000142,2.799999999999997,-2.6999999999999957,1.5999999999999943,6.800000000000001,6.364000000000004,-6.436400000000006,0.10099999999999998,3.6999999999999957,-1.6000000000000014,0.5,1.9000000000000021,5.400000000000002,-0.29999999999999716,-2.599999999999998,-4.0,6.099999999999994
2023,139,Connecticut,Saint Mary's,1,-1.0,2.8000000000000043,-1.3000000000000043,0.19999999999999574,-3.599999999999998,4.800000000000004,1.6,5.966999999999999,2.4950000000000045,0.015999999999999903,1.0,-1.2000000000000028,2.5,0.3999999999999986,6.100000000000001,-4.400000000000006,0.1999999999999993,8.400000000000002,3.299999999999997
2023,139,Baylor,Creighton,0,-3.0,-3.5,7.599999999999994,1.3999999999999986,-1.1000000000000014,-0.7999999999999972,3.0,7.231000000000009,7.904499999999999,-0.009000000000000008,-1.1999999999999957,4.100000000000001,1.5,5.599999999999998,9.200000000000003,-7.799999999999997,9.100000000000001,11.599999999999998,-0.5
2023,139,Florida Atlantic,Fairleigh Dickinson,1,-7.0,2.6999999999999957,-11.099999999999994,2.3000000000000043,-2.8999999999999986,-1.0999999999999943,16.9,8.100000000000009,-22.379499999999993,0.658,3.5,-9.899999999999999,0.3999999999999986,-3.099999999999998,-1.0,4.400000000000006,1.6000000000000014,-8.099999999999998,18.19999999999999
2023,139,Gonzaga,TCU,1,-3.0,6.700000000000003,1.3999999999999986,6.5,4.400000000000002,0.3999999999999915,4.3999999999999995,11.638000000000005,5.391000000000005,0.052000000000000046,8.299999999999997,3.9000000000000057,-2.5000000000000018,-3.099999999999998,-1.2999999999999972,4.700000000000003,0.30000000000000426,-3.0,4.5
2023,139,Kentucky,Kansas St.,0,3.0,-2.799999999999997,-0.6000000000000014,0.4000000000000057,1.5999999999999979,-4.0,-2.6,4.893999999999991,5.409400000000005,-0.013000000000000012,-0.29999999999999716,1.2999999999999972,-2.6999999999999993,-3.8999999999999986,7.600000000000001,3.700000000000003,-4.5,-6.800000000000004,1.5
2023,139,Miami FL,Indiana,1,1.0,0.7999999999999972,6.399999999999999,0.0,0.10000000000000142,0.6999999999999886,0.30000000000000027,3.582000000000008,6.026899999999998,-0.02200000000000002,1.2000000000000028,4.0,-0.5,1.8000000000000007,4.0,-1.0999999999999943,-0.10000000000000142,-6.5,-2.200000000000003
2023,139,Michigan St.,Marquette,1,5.0,-10.0,-1.5999999999999943,4.0,-2.3000000000000043,-3.8000000000000114,-5.4,-5.908000000000001,-0.7890999999999906,-0.05800000000000005,-4.399999999999999,-3.0,1.1999999999999993,-8.100000000000001,0.8999999999999986,6.8999999999999915,-1.3000000000000007,-0.3999999999999986,-3.799999999999997
2023,139,Pittsburgh,Xavier,0,8.0,-2.3999999999999986,-0.3999999999999986,-3.0,-3.1999999999999957,-3.299999999999997,-5.7,-4.194000000000003,4.233000000000004,-0.129,-2.3999999999999986,-1.1999999999999957,-1.1000000000000014,0.1999999999999993,-1.4000000000000021,-2.799999999999997,1.5999999999999979,3.5,-4.700000000000003
2023,143,Arkansas,Connecticut,0,4.0,-1.1000000000000014,3.0,-4.9999999999999964,1.4000000000000021,2.799999999999997,-4.6,-6.840999999999994,-0.10090000000000998,-0.052999999999999936,-1.5,1.0,-0.5999999999999979,1.0,-8.700000000000003,-2.0,7.399999999999999,0.19999999999999574,-4.1000000000000085
2023,143,Florida Atlantic,Tennessee,1,5.0,3.5,-0.3999999999999986,3.8000000000000043,5.899999999999999,2.4000000000000057,1.9000000000000004,1.6000000000000085,8.075500000000005,-0.07499999999999996,4.700000000000003,3.5,-1.4000000000000021,-3.8999999999999986,-6.399999999999999,2.4000000000000057,-1.3999999999999986,-8.2,-4.300000000000011
2023,143,Gonzaga,UCLA,1,1.0,7.600000000000001,3.700000000000003,2.6000000000000014,4.100000000000001,4.0,-1.8000000000000007,9.129000000000005,12.451400000000007,-0.025999999999999912,7.600000000000001,4.900000000000006,-0.7000000000000011,-4.800000000000001,-2.6000000000000014,1.5999999999999943,7.100000000000001,-0.9000000000000021,1.6000000000000085
2023,143,Michigan St.,Kansas St.,0,4.0,-4.599999999999994,-0.5,5.0,1.5999999999999979,-5.200000000000003,-1.8000000000000003,0.8840000000000003,2.487700000000004,-0.01100000000000001,0.10000000000000142,0.6000000000000014,-3.6000000000000014,-6.0,-3.700000000000003,4.0,-11.2,-8.100000000000001,-0.7000000000000028
2023,144,Creighton,Princeton,1,-9.0,1.8000000000000043,-2.3999999999999986,1.6999999999999957,0.8999999999999986,0.7000000000000028,5.4,5.527999999999992,-9.560500000000005,0.254,1.7999999999999972,-0.7000000000000028,-0.29999999999999716,-0.1999999999999993,-2.8999999999999986,-0.5,-4.100000000000001,-9.5,12.199999999999989
2023,144,Miami FL,Houston,1,4.0,0.6999999999999957,8.399999999999999,2.799999999999997,5.600000000000001,5.199999999999996,-4.3,-0.15399999999999636,13.751199999999997,-0.122,2.299999999999997,8.799999999999997,1.0999999999999979,-3.8999999999999986,-5.100000000000001,-1.5999999999999943,1.5,-11.699999999999996,-9.600000000000009
2023,144,Alabama,San Diego St.,0,-4.0,5.399999999999999,-8.5,-0.5,0.0,6.8999999999999915,4.499999999999999,4.167999999999992,-3.119500000000002,0.03699999999999992,2.6000000000000014,-6.0,1.3999999999999986,-3.700000000000001,2.099999999999998,-1.7000000000000028,2.4000000000000057,3.3999999999999986,6.599999999999994
2023,144,Texas,Xavier,1,-1.0,0.20000000000000284,-0.7000000000000028,-4.299999999999997,-3.3999999999999986,-2.0,2.0999999999999996,-2.715999999999994,-7.593400000000003,0.03400000000000003,-2.8999999999999986,-2.6000000000000014,-1.0,6.300000000000001,-3.5,-4.0,0.6999999999999993,7.399999999999999,5.699999999999989
2023,145,Gonzaga,Connecticut,0,-1.0,4.600000000000001,6.200000000000003,1.2000000000000028,5.5000000000000036,3.3999999999999915,1.5999999999999996,4.567000000000007,5.625100000000003,-0.02199999999999991,5.0,6.200000000000003,-4.299999999999999,-0.5999999999999979,-8.100000000000001,0.20000000000000284,2.8000000000000043,-12.000000000000004,0.7000000000000028
2023,145,Florida Atlantic,Kansas St.,1,6.0,1.0,-4.5,2.3000000000000043,1.5999999999999979,-2.299999999999997,0.5,1.7590000000000003,1.8434000000000026,-0.0010000000000000009,3.5,-1.6000000000000014,-3.3000000000000007,-2.3999999999999986,-0.7000000000000028,4.700000000000003,-7.5,-10.000000000000004,-1.9000000000000057
2023,146,Texas,Miami FL,0,-3.0,0.20000000000000284,-3.8999999999999986,-2.0999999999999943,-1.1000000000000014,-0.09999999999999432,3.8,-1.652000000000001,-11.308400000000006,0.08700000000000008,-2.299999999999997,-3.5,0.10000000000000142,4.699999999999999,-3.6999999999999993,-0.4000000000000057,1.5,10.399999999999999,6.5
2023,146,Creighton,San Diego St.,0,1.0,6.700000000000003,-3.5999999999999943,1.3999999999999986,5.300000000000001,2.0,-3.5,2.691999999999993,2.2920999999999907,-0.006000000000000005,4.199999999999996,-0.20000000000000284,-1.0,-5.300000000000001,-6.199999999999999,2.5,-6.199999999999996,-9.599999999999998,1.5999999999999943
2023,152,Connecticut,Miami FL,1,-1.0,-0.19999999999999574,-7.399999999999999,-0.5,-3.8000000000000007,-1.8999999999999915,1.2999999999999998,1.2039999999999935,-9.250399999999999,0.10499999999999998,-1.5,-5.799999999999997,2.5,1.2999999999999972,7.200000000000003,2.799999999999997,1.3999999999999986,14.600000000000001,5.6000000000000085
2023,152,Florida Atlantic,San Diego St.,0,4.0,5.399999999999999,-4.599999999999994,2.6000000000000014,4.099999999999998,1.7999999999999972,-1.0,2.3460000000000036,4.371099999999998,-0.04500000000000004,4.899999999999999,-1.6000000000000014,-0.9000000000000021,-1.3000000000000007,-1.3000000000000007,1.2999999999999972,-4.799999999999997,-2.6999999999999993,-3.4000000000000057
2023,154,Connecticut,San Diego St.,1,-1.0,5.200000000000003,-4.899999999999999,2.299999999999997,1.3999999999999986,1.0,-0.7000000000000002,7.507999999999996,2.394199999999998,0.027999999999999914,3.3999999999999986,-2.0,1.2999999999999972,-0.20000000000000284,7.5000000000000036,-0.4000000000000057,-2.8999999999999986,9.300000000000004,3.200000000000003
2024,134,Virginia,Colorado St.,0,0.0,-10.800000000000004,-1.8999999999999986,3.0999999999999943,-3.6000000000000014,-5.799999999999997,-0.30000000000000004,-9.960000000000008,-5.432299999999998,-0.031000000000000028,-5.300000000000004,-3.0999999999999943,-1.6000000000000014,2.400000000000002,1.6999999999999993,-0.5999999999999943,-7.5,-6.100000000000001,0.19999999999998863
2024,134,Wagner,Howard,1,0.0,-6.400000000000006,0.10000000000000142,-5.899999999999999,-4.100000000000001,-6.400000000000006,0.40000000000000036,-9.7055,-7.873999999999995,-0.05099999999999999,-7.399999999999999,-2.5,-5.499999999999998,0.3000000000000007,-3.8999999999999986,3.700000000000003,-15.400000000000002,-9.200000000000003,-2.0
2024,135,Colorado,Boise St.,1,0.0,2.3999999999999986,-2.0,4.600000000000001,1.2999999999999972,1.1000000000000085,0.7999999999999999,3.6049999999999898,1.5234999999999985,0.03200000000000003,3.6999999999999957,-0.5,1.6000000000000014,-1.6000000000000014,-0.10000000000000142,-0.9000000000000057,-0.8000000000000043,-5.0,2.0
2024,135,Grambling St.,Montana St.,1,0.0,-6.399999999999999,-5.700000000000003,-2.299999999999997,1.1000000000000014,-3.5999999999999943,4.6,-4.031400000000005,-0.12199999999999989,-0.13799999999999996,-5.699999999999996,-3.1999999999999957,3.6999999999999993,0.3999999999999986,7.400000000000002,-4.1000000000000085,8.900000000000002,-3.1000000000000014,-3.0999999999999943
2024,136,Long Beach St.,Arizona,0,13.0,-4.899999999999999,2.200000000000003,-5.800000000000001,1.7000000000000028,-0.5999999999999943,-12.9,-13.268,13.360699999999994,-0.522,-6.100000000000001,2.5,1.0,0.3999999999999986,-3.0,-6.5,1.3999999999999986,6.900000000000002,-18.89999999999999
2024,136,Akron,Creighton,0,11.0,-5.800000000000004,5.0,-4.100000000000001,-2.200000000000003,-1.2000000000000028,-8.9,-13.081999999999994,5.380800000000008,-0.3330000000000001,-5.5,2.200000000000003,1.8999999999999986,5.400000000000002,3.6000000000000014,-1.0,9.100000000000001,12.8,-12.899999999999991
2024,136,Dayton,Nevada,1,-3.0,1.1000000000000014,-0.8999999999999986,3.700000000000003,0.3999999999999986,-2.799999999999997,-0.10000000000000009,3.051000000000002,2.5682000000000045,-0.008000000000000007,3.3000000000000043,-0.30000000000000426,0.8000000000000007,-1.6000000000000014,-0.6000000000000014,-1.7999999999999972,-9.0,-12.499999999999996,0.29999999999999716
2024,136,Duquesne,BYU,1,5.0,-8.399999999999999,0.19999999999999574,-0.8999999999999986,-0.10000000000000142,-2.700000000000003,-4.7,-13.564999999999998,-1.9268,-0.14600000000000002,-5.0,0.0,2.3000000000000007,3.5,-2.8999999999999986,-5.299999999999997,7.800000000000001,3.1999999999999957,-7.099999999999994
2024,136,Gonzaga,McNeese St.,1,-7.0,5.5,-1.1999999999999957,-3.8999999999999986,1.0,3.799999999999997,1.8,6.963999999999999,-1.7381000000000029,0.16300000000000003,1.8000000000000043,-0.5,-0.1999999999999993,-6.5,1.1999999999999957,3.200000000000003,-9.100000000000001,-8.099999999999998,9.700000000000003
2024,136,Morehead St.,Illinois,0,11.0,0.8999999999999986,-1.2000000000000028,0.3999999999999986,-3.1999999999999957,-5.6000000000000085,-9.4,-16.561999999999998,1.956000000000003,-0.3330000000000001,0.6000000000000014,-2.299999999999997,3.4000000000000004,3.1999999999999993,-4.200000000000003,-0.30000000000001137,-6.4999999999999964,5.600000000000001,-13.5
2024,136,Iowa St.,South Dakota St.,1,-13.0,-4.199999999999996,-2.1000000000000014,-1.3000000000000043,-3.700000000000003,-0.30000000000001137,14.3,5.201999999999998,-18.528200000000012,0.375,-3.3999999999999986,-3.6999999999999957,-0.6999999999999993,9.2,7.200000000000003,-4.1000000000000085,5.700000000000003,7.800000000000004,16.5
2024,136,Samford,Kansas,0,9.0,0.7000000000000028,4.200000000000003,6.0,0.10000000000000142,3.6999999999999886,-4.2299999999999995,-0.2990000000000066,9.1344,-0.17900000000000005,3.5,2.3999999999999986,1.7000000000000028,4.899999999999999,4.899999999999999,-5.599999999999994,3.6000000000000014,8.5,-9.299999999999997
2024,136,Mississippi St.,Michigan St.,0,-1.0,2.8999999999999986,3.1000000000000014,-3.3999999999999986,-3.3999999999999986,1.9000000000000057,0.5900000000000001,-0.08200000000000784,1.9688000000000017,-0.02100000000000002,0.20000000000000284,-0.29999999999999716,4.0,-0.5,5.5,1.1000000000000085,8.0,-0.20000000000000284,-2.0999999999999943
2024,136,North Carolina St.,Texas Tech,1,5.0,-1.3999999999999986,-0.10000000000000142,-1.8999999999999986,2.799999999999997,1.5,-4.0,-3.5579999999999927,1.930499999999995,-0.08699999999999997,-2.0999999999999943,1.3999999999999986,-2.8000000000000007,0.8999999999999986,-1.5999999999999979,1.0,-2.1000000000000014,5.299999999999997,-3.299999999999997
2024,136,Wagner,North Carolina,0,15.0,-7.5,4.899999999999999,-3.799999999999997,-1.5,-9.100000000000009,-18.299999999999997,-22.012500000000003,12.727000000000004,-0.6910000000000001,-6.699999999999996,2.0,1.5,2.0999999999999996,-3.299999999999997,-3.5,-9.999999999999996,1.5999999999999979,-23.799999999999997
2024,136,Oakland,Kentucky,1,11.0,-2.9000000000000057,0.7000000000000028,-6.100000000000001,1.2999999999999972,-5.700000000000003,-7.1,-14.149000000000001,3.0519999999999925,-0.30800000000000005,-5.299999999999997,1.1000000000000014,2.0,0.3000000000000007,1.7000000000000028,1.6000000000000085,0.5,-6.599999999999998,-13.299999999999997
2024,136,South Carolina,Oregon,0,-5.0,-1.6000000000000014,-4.800000000000004,-0.10000000000000142,-0.6999999999999957,-4.099999999999994,3.3000000000000003,0.6989999999999981,-0.9355000000000047,0.027000000000000024,-1.0,-3.5,0.6999999999999993,-2.9999999999999982,4.400000000000002,-0.9000000000000057,-0.49999999999999645,-1.9999999999999964,-0.7000000000000028
2024,136,Saint Peter's,Tennessee,0,13.0,-9.200000000000003,2.1000000000000014,-0.30000000000000426,0.10000000000000142,-5.200000000000003,-14.600000000000001,-18.4328,9.860100000000003,-0.5339999999999999,-6.5,1.2000000000000028,5.000000000000002,1.4000000000000021,2.700000000000003,-0.8000000000000114,3.8000000000000043,6.5,-19.599999999999994
2024,136,Colorado St.,Texas,0,3.0,4.200000000000003,1.1000000000000014,-2.8999999999999986,-0.7999999999999972,-1.4000000000000057,0.30000000000000004,-3.1439999999999912,-1.3430000000000035,-0.05500000000000005,0.8999999999999986,0.29999999999999716,-1.8000000000000007,-1.7000000000000028,-6.199999999999999,2.5,2.200000000000003,-3.1999999999999993,-4.799999999999997
2024,136,Washington St.,Drake,1,-3.0,-2.5,-5.0,-2.5,-1.0,-2.8999999999999915,0.19999999999999996,-2.1880000000000024,-3.688999999999993,0.028000000000000025,-2.799999999999997,-3.700000000000003,2.200000000000001,-1.4999999999999982,8.7,-2.8000000000000114,-0.9000000000000021,1.7000000000000028,0.5999999999999943
2024,137,Alabama,College of Charleston,1,-9.0,5.0,0.6000000000000014,1.7000000000000028,-1.8999999999999986,2.5,5.0,11.864999999999995,-3.010000000000005,0.21100000000000008,3.8999999999999986,-0.7000000000000028,1.6999999999999993,-0.7999999999999989,1.3999999999999986,-3.3000000000000114,8.300000000000004,11.3,8.299999999999997
2024,137,Baylor,Colgate,1,-11.0,0.10000000000000142,3.1999999999999957,3.6999999999999957,3.6000000000000014,-0.5,9.2,17.83999999999999,-2.3149999999999977,0.397,2.200000000000003,4.099999999999994,1.3999999999999986,1.0,10.100000000000001,-2.5999999999999943,12.899999999999999,6.399999999999999,12.200000000000003
2024,137,Clemson,New Mexico,1,-5.0,3.0,-2.1000000000000014,2.0,3.3999999999999986,-6.599999999999994,-0.7999999999999999,2.0150000000000006,4.015200000000007,-0.028000000000000025,2.8999999999999986,0.7000000000000028,1.0,-5.9,-5.699999999999999,1.7999999999999972,-2.5,-2.3000000000000007,-0.20000000000000284
2024,137,Colorado,Florida,1,3.0,1.8999999999999986,1.1000000000000014,5.199999999999996,-0.30000000000000426,-3.8999999999999915,-1.3,-1.7379999999999995,-2.016300000000001,-0.009000000000000008,3.799999999999997,0.5,2.3000000000000007,0.6999999999999993,-5.100000000000001,4.900000000000006,-3.3000000000000043,-6.100000000000001,-0.7999999999999972
2024,137,Connecticut,Stetson,1,-15.0,6.0,-8.5,0.20000000000000284,-2.6000000000000014,-1.4000000000000057,18.1,16.346000000000004,-19.971099999999993,0.615,3.700000000000003,-6.899999999999999,-0.9000000000000004,2.6999999999999993,9.0,4.400000000000006,1.5999999999999979,6.600000000000001,24.89999999999999
2024,137,Duke,Vermont,1,-9.0,1.2999999999999972,2.700000000000003,4.200000000000003,1.1000000000000014,3.6000000000000085,4.5,14.704999999999998,-3.1948000000000008,0.268,3.4000000000000057,2.299999999999997,0.5,1.799999999999999,9.400000000000002,-2.6000000000000085,4.099999999999998,1.7000000000000028,11.199999999999989
2024,137,Saint Mary's,Grand Canyon,0,-7.0,0.7000000000000028,-0.7999999999999972,1.1000000000000014,-0.20000000000000284,-5.899999999999999,0.09999999999999987,1.4230000000000018,-4.550600000000003,0.14700000000000002,1.1000000000000014,-0.7999999999999972,-1.8000000000000007,-3.1999999999999993,4.399999999999999,7.199999999999989,-16.999999999999996,-2.5999999999999943,5.599999999999994
2024,137,Longwood,Houston,0,15.0,0.20000000000000284,7.5,-0.5,4.600000000000001,3.5,-19.2,-13.155999999999992,17.603800000000007,-0.503,-0.30000000000000426,7.299999999999997,4.300000000000001,-5.099999999999998,-0.19999999999999574,4.700000000000003,9.600000000000001,-2.8999999999999986,-21.5
2024,137,Wisconsin,James Madison,0,-7.0,-1.6000000000000014,1.6000000000000014,-1.7000000000000028,8.5,-4.799999999999997,1.7999999999999998,6.201999999999998,-1.497799999999998,0.124,-2.0,5.5,-0.09999999999999964,-2.900000000000002,-1.5,3.0999999999999943,-0.7000000000000028,-1.8999999999999986,5.3999999999999915
2024,137,Western Kentucky,Marquette,0,13.0,-3.8999999999999986,-0.9000000000000057,-1.3999999999999986,-1.3999999999999986,6.0,-13.1,-12.74199999999999,6.931400000000011,-0.3400000000000001,-3.200000000000003,-1.4000000000000057,4.0,-2.5,2.5,4.099999999999994,7.299999999999997,5.199999999999999,-14.799999999999997
2024,137,Northwestern,Florida Atlantic,1,1.0,-6.299999999999997,1.0,3.799999999999997,2.299999999999997,-4.200000000000003,0.30000000000000004,-2.304000000000002,-1.972999999999999,0.05600000000000005,-1.7999999999999972,1.8999999999999986,-2.5,2.3000000000000007,-8.099999999999998,1.0,-4.899999999999999,11.899999999999999,-1.4000000000000057
2024,137,Grambling St.,Purdue,0,15.0,-6.200000000000003,0.29999999999999716,-6.699999999999996,2.3000000000000043,-2.6999999999999886,-19.0,-25.714399999999998,11.213999999999999,-0.6829999999999999,-7.799999999999997,1.3999999999999986,4.0,5.0,-9.299999999999997,-8.0,-3.1999999999999957,10.899999999999999,-25.5
2024,137,UAB,San Diego St.,0,7.0,-1.2000000000000028,1.9000000000000057,1.8000000000000007,4.5,1.6000000000000085,-5.300000000000001,0.132000000000005,13.5488,-0.21599999999999997,0.30000000000000426,3.799999999999997,0.6999999999999993,-1.8999999999999986,2.5999999999999943,-3.0,3.0,-1.8999999999999986,-7.099999999999994
2024,137,Texas A&M,Nebraska,1,1.0,-5.799999999999997,4.299999999999997,-7.399999999999999,2.0,-3.1000000000000085,-2.15,0.12999999999999545,2.2140999999999877,-0.050000000000000044,-7.800000000000004,3.8000000000000043,-1.700000000000001,0.5,14.099999999999998,2.0,5.800000000000004,3.5,0.5
2024,137,Utah St.,TCU,1,-1.0,5.899999999999999,2.200000000000003,-3.5,-3.799999999999997,-1.4000000000000057,1.9999999999999998,0.5160000000000053,2.6931999999999903,-0.05400000000000005,2.200000000000003,-0.6999999999999957,-2.1999999999999993,-4.400000000000002,-7.0,3.1999999999999886,4.899999999999999,-5.300000000000004,-2.700000000000003
2024,137,Yale,Auburn,1,9.0,-2.3999999999999986,6.0,-0.6000000000000014,4.199999999999999,-5.200000000000003,-8.0,-9.75399999999999,9.6755,-0.21299999999999997,-1.8000000000000043,6.300000000000004,-0.8000000000000007,-2.1999999999999993,-4.5,6.299999999999997,-11.300000000000004,-12.0,-11.300000000000011
2024,138,Dayton,Arizona,0,5.0,-0.8999999999999986,0.4000000000000057,3.1000000000000014,-1.6999999999999993,-8.0,-2.3000000000000003,-2.524000000000001,6.8027000000000015,-0.09799999999999998,1.6000000000000014,-0.8000000000000043,-0.3000000000000007,-2.400000000000002,-9.399999999999999,-5.900000000000006,0.5,-3.8999999999999986,-8.5
2024,138,Oregon,Creighton,0,8.0,-7.899999999999999,5.899999999999999,-2.5,2.0999999999999943,0.19999999999998863,-3.0000000000000004,-6.054999999999993,3.9158000000000044,-0.1140000000000001,-5.700000000000003,5.100000000000001,-0.5,6.699999999999999,2.8000000000000007,-2.5,7.799999999999997,16.599999999999998,-6.8999999999999915
2024,138,Gonzaga,Kansas,1,1.0,3.5,-0.19999999999999574,2.200000000000003,0.20000000000000284,0.19999999999998863,-1.7999999999999998,7.614999999999995,5.276300000000006,0.0040000000000000036,3.3000000000000043,-0.30000000000000426,-2.3999999999999986,-0.3000000000000007,7.9999999999999964,-0.7999999999999972,-1.2999999999999972,-2.6999999999999993,0.20000000000000284
2024,138,Duquesne,Illinois,0,8.0,-5.100000000000001,1.7999999999999972,-1.0,-2.599999999999998,-3.6000000000000085,-7.8,-18.629999999999995,-4.0142999999999915,-0.16100000000000003,-3.6999999999999957,0.0,2.4000000000000004,7.199999999999999,-6.300000000000004,-3.9000000000000057,-4.699999999999996,8.199999999999996,-10.400000000000006
2024,138,Washington St.,Iowa St.,0,5.0,0.8999999999999986,0.0,-0.8999999999999986,0.5,-2.6999999999999886,-5.0,-0.43300000000000693,10.06920000000001,-0.10199999999999998,0.20000000000000284,0.19999999999999574,0.40000000000000213,-9.799999999999999,1.2999999999999972,4.5,-4.400000000000002,-2.5,-7.5
2024,138,Oakland,North Carolina St.,0,3.0,1.6999999999999957,1.0,0.5,-1.0,-1.1000000000000085,-3.6,-5.792000000000002,4.447000000000003,-0.21300000000000008,1.3999999999999986,0.10000000000000142,2.5,-1.5999999999999979,2.0,0.7000000000000028,-1.6000000000000014,-5.099999999999998,-7.8999999999999915
2024,138,North Carolina,Michigan St.,1,-8.0,-0.20000000000000284,-1.1000000000000014,-0.5,-1.3999999999999986,5.1000000000000085,6.39,4.036000000000001,-0.5752999999999986,0.03300000000000003,-0.20000000000000284,-1.6000000000000014,-0.29999999999999893,-3.799999999999999,2.8999999999999986,5.200000000000003,6.899999999999999,-4.300000000000001,3.1000000000000085
2024,138,Tennessee,Texas,1,-5.0,-1.7999999999999972,-3.1000000000000014,-1.8999999999999986,-3.3999999999999986,2.0,4.6,-1.5049999999999955,-9.072100000000006,0.03699999999999992,-2.200000000000003,-3.6000000000000014,-2.0000000000000018,0.29999999999999716,1.8999999999999986,1.4000000000000057,3.8999999999999986,0.7999999999999972,4.3999999999999915
2024,139,Alabama,Grand Canyon,1,-8.0,5.300000000000004,6.700000000000003,2.1000000000000014,-0.7000000000000028,4.5,2.0999999999999996,12.123000000000005,3.5541999999999945,0.14,4.299999999999997,4.0,-1.8000000000000007,-4.299999999999999,0.29999999999999716,-0.30000000000001137,-10.099999999999994,4.800000000000004,6.599999999999994
2024,139,Clemson,Baylor,1,3.0,1.0,-4.799999999999997,-4.0,0.5,0.5,-4.199999999999999,-5.063999999999993,0.30400000000000205,-0.04500000000000004,-1.7000000000000028,-2.5999999999999943,-2.799999999999999,-3.5000000000000018,-7.400000000000002,1.8999999999999915,-9.899999999999999,0.3000000000000007,-4.6000000000000085
2024,139,Connecticut,Northwestern,1,-8.0,8.799999999999997,-6.599999999999994,-2.6999999999999957,-4.0,0.8999999999999915,9.8,9.951000000000008,-6.357099999999988,0.09899999999999998,3.8999999999999986,-6.5,1.5999999999999996,-2.6000000000000014,10.8,1.4000000000000057,3.3999999999999986,-6.899999999999999,12.099999999999994
2024,139,James Madison,Duke,0,8.0,-0.19999999999999574,-0.30000000000000426,-1.2000000000000028,-4.0,2.8999999999999915,-1.7999999999999998,-7.968999999999994,4.007800000000003,-0.14900000000000002,-0.8000000000000043,-2.299999999999997,0.3999999999999986,2.900000000000002,0.1999999999999993,-1.6999999999999886,0.4000000000000057,7.5,-8.899999999999991
2024,139,Houston,Texas A&M,1,-8.0,1.3999999999999986,-6.100000000000001,6.300000000000004,-3.8999999999999986,-2.299999999999997,10.35,2.872,-12.7393,0.129,4.300000000000004,-6.100000000000001,-0.5,7.800000000000001,-5.0,-2.200000000000003,-8.300000000000004,7.800000000000001,10.0
2024,139,Colorado,Marquette,0,8.0,-2.3999999999999986,0.8999999999999986,3.6000000000000014,-1.7000000000000028,-1.3999999999999915,-4.8,-0.7150000000000034,3.55510000000001,-0.04700000000000004,0.19999999999999574,-0.4000000000000057,3.8000000000000007,-5.900000000000002,6.399999999999999,6.799999999999997,9.699999999999996,-0.09999999999999787,-4.599999999999994
2024,139,Utah St.,Purdue,0,7.0,3.8999999999999986,5.0,-8.699999999999996,-2.3999999999999986,0.9000000000000057,-7.7,-9.370999999999995,4.631999999999991,-0.14900000000000002,-1.8999999999999986,1.8999999999999986,-0.8000000000000007,2.3999999999999986,-8.899999999999999,-0.7000000000000028,-2.799999999999997,7.399999999999999,-11.200000000000003
2024,139,San Diego St.,Yale,1,-8.0,-0.8999999999999986,-0.5,-3.3000000000000007,-3.5,1.5,5.1,2.722999999999999,-7.502800000000008,0.135,-2.5,-2.5,1.9000000000000004,2.0,4.300000000000004,-4.0,10.600000000000001,4.299999999999997,6.0
2024,143,North Carolina,Alabama,0,-3.0,-7.300000000000004,-5.100000000000001,-1.1000000000000014,-0.5,-2.0999999999999943,3.1999999999999997,-7.804999999999993,-9.966999999999999,0.018000000000000016,-5.0,-3.5,-1.5999999999999996,-0.6999999999999993,-2.1000000000000014,6.400000000000006,1.5999999999999943,-11.3,2.4000000000000057
2024,143,Arizona,Clemson,0,-4.0,0.20000000000000284,0.6999999999999957,1.7000000000000028,-0.6000000000000014,5.799999999999997,4.0,3.698999999999998,-5.987700000000004,0.08799999999999997,1.1000000000000014,0.0,1.200000000000001,4.500000000000002,8.599999999999998,2.1000000000000085,6.100000000000001,-5.5,7.799999999999997
2024,143,San Diego St.,Connecticut,0,4.0,-6.899999999999999,4.599999999999994,-5.400000000000002,-1.3999999999999986,1.5,-8.700000000000001,-13.060000000000002,-0.5457000000000107,-0.09199999999999997,-7.300000000000004,2.1000000000000014,1.0999999999999996,1.8000000000000007,-3.799999999999997,-1.2000000000000028,4.200000000000003,0.7999999999999972,-10.0
2024,143,Illinois,Iowa St.,1,1.0,3.0,-0.29999999999999716,0.0,2.799999999999997,2.3000000000000114,-0.9000000000000004,11.686999999999998,14.418199999999999,-0.03599999999999992,1.8999999999999986,0.8999999999999986,-0.5999999999999996,-13.399999999999999,4.600000000000001,3.3000000000000114,1.6999999999999957,-8.100000000000001,-1.5999999999999943
2024,144,Houston,Duke,0,-3.0,-6.0,-5.700000000000003,-3.0,-2.6000000000000014,-3.6000000000000085,7.3,-2.959000000000003,-9.801000000000002,0.051999999999999935,-5.5,-5.0,-0.6000000000000014,7.800000000000001,5.099999999999998,-4.299999999999997,-3.8999999999999986,11.399999999999999,4.800000000000011
2024,144,Marquette,North Carolina St.,0,-9.0,5.899999999999999,-0.29999999999999716,1.1999999999999957,-1.2999999999999972,1.1999999999999886,7.1,3.908999999999992,-5.7714,0.135,4.399999999999999,-0.7999999999999972,0.6000000000000014,3.200000000000003,-2.6000000000000014,-1.5,-6.899999999999999,-3.6999999999999993,7.200000000000003
2024,144,Purdue,Gonzaga,1,-4.0,-5.099999999999994,3.0,5.299999999999997,-2.6000000000000014,-1.5,8.5,3.9909999999999997,-3.562899999999999,0.04899999999999993,-0.7000000000000028,0.4000000000000057,2.5,-2.5,4.100000000000001,2.5,11.299999999999997,-2.8000000000000007,5.5
2024,144,Creighton,Tennessee,0,1.0,9.0,1.4000000000000057,1.8999999999999986,0.8000000000000043,-2.299999999999997,-1.3999999999999995,3.069999999999993,5.641300000000001,-0.008999999999999897,6.0,1.0,0.7000000000000011,-7.699999999999999,-6.5,4.0,-9.799999999999997,-19.599999999999998,-1.0
2024,145,Alabama,Clemson,1,-2.0,3.200000000000003,4.0,1.1000000000000014,-2.1000000000000014,6.299999999999997,2.5,8.174999999999997,2.6289999999999907,0.04800000000000004,2.3999999999999986,1.1999999999999957,1.0999999999999996,2.0,7.199999999999999,-4.700000000000003,4.600000000000001,8.400000000000002,4.0
2024,145,Connecticut,Illinois,1,-2.0,3.799999999999997,-2.8999999999999986,1.8000000000000043,-2.3999999999999986,-5.300000000000011,5.300000000000001,1.0570000000000022,-7.169099999999986,0.04899999999999993,3.3000000000000043,-2.8999999999999986,-0.1999999999999993,3.8999999999999986,0.29999999999999716,-0.7000000000000028,-4.5,5.399999999999999,6.199999999999989
2024,146,North Carolina St.,Duke,1,7.0,-4.299999999999997,0.3999999999999986,-3.1000000000000014,2.299999999999997,1.0,-3.9,-7.441999999999993,4.378799999999998,-0.129,-4.5,1.5,-0.6000000000000014,1.0,-3.1999999999999993,-3.3999999999999915,-1.2999999999999972,4.299999999999997,-7.799999999999997
2024,146,Tennessee,Purdue,0,1.0,-1.6000000000000014,-3.8000000000000043,-6.599999999999994,0.0,1.6000000000000085,-5.2,-7.966999999999999,-4.820100000000011,-0.026000000000000023,-4.5,-2.3000000000000043,-1.9000000000000004,4.899999999999999,-5.0,-3.8999999999999915,-8.5,12.799999999999997,-2.9000000000000057
2024,152,Alabama,Connecticut,0,3.0,-0.8999999999999986,7.399999999999999,-0.20000000000000284,0.0,7.900000000000006,-7.9,-1.007000000000005,8.723099999999988,-0.05799999999999994,-0.8000000000000043,4.799999999999997,1.0999999999999996,-0.5999999999999996,-1.6000000000000014,-3.1000000000000085,1.9000000000000057,7.100000000000001,-7.799999999999997
2024,152,North Carolina St.,Purdue,0,10.0,-3.1000000000000014,1.3999999999999986,-6.199999999999996,3.5,0.30000000000001137,-11.6,-10.602999999999994,5.458999999999989,-0.16599999999999993,-5.299999999999997,2.799999999999997,-2.8000000000000007,3.8999999999999986,-8.799999999999997,-4.599999999999994,-10.299999999999997,8.899999999999999,-11.200000000000003
2024,154,Connecticut,Purdue,1,0.0,5.299999999999997,-4.399999999999999,-4.099999999999994,0.5,-3.0,0.3000000000000007,1.6200000000000045,-1.4750999999999976,0.007000000000000006,1.1000000000000014,-2.6000000000000014,-1.5999999999999996,2.1999999999999993,-0.8999999999999986,-2.0999999999999943,-9.5,9.5,2.0999999999999943
